[2025-12-24 10:44:15] [INFO] Debug logger initialized
[2025-12-24 10:44:46] [INFO] SmoothGazeTracker initialized
[2025-12-24 10:44:54] [DEBUG] Frame processing START
[2025-12-24 10:44:54] [DEBUG] Raw gaze: x=0.657, y=0.777
[2025-12-24 10:44:54] [DEBUG] Combined gaze: x=0.621, y=0.673
[2025-12-24 10:44:54] [DEBUG] Frame processing START
[2025-12-24 10:44:54] [DEBUG] Raw gaze: x=0.578, y=0.322
[2025-12-24 10:44:54] [DEBUG] Combined gaze: x=0.553, y=0.282
[2025-12-24 10:44:54] [DEBUG] Frame processing START
[2025-12-24 10:44:54] [DEBUG] Raw gaze: x=0.633, y=0.531
[2025-12-24 10:44:54] [DEBUG] Combined gaze: x=0.597, y=0.451
[2025-12-24 10:44:54] [DEBUG] Frame processing START
[2025-12-24 10:44:54] [DEBUG] Raw gaze: x=0.650, y=0.540
[2025-12-24 10:44:54] [DEBUG] Combined gaze: x=0.610, y=0.459
[2025-12-24 10:44:54] [DEBUG] Frame processing START
[2025-12-24 10:44:54] [DEBUG] Raw gaze: x=0.637, y=0.594
[2025-12-24 10:44:54] [DEBUG] Combined gaze: x=0.598, y=0.505
[2025-12-24 10:44:54] [DEBUG] Frame processing START
[2025-12-24 10:44:54] [DEBUG] Raw gaze: x=0.636, y=0.495
[2025-12-24 10:44:54] [DEBUG] Combined gaze: x=0.597, y=0.420
[2025-12-24 10:44:54] [DEBUG] Frame processing START
[2025-12-24 10:44:54] [DEBUG] Raw gaze: x=0.622, y=0.464
[2025-12-24 10:44:54] [DEBUG] Combined gaze: x=0.584, y=0.395
[2025-12-24 10:44:54] [DEBUG] Frame processing START
[2025-12-24 10:44:54] [DEBUG] Raw gaze: x=0.585, y=0.513
[2025-12-24 10:44:54] [DEBUG] Combined gaze: x=0.553, y=0.436
[2025-12-24 10:44:54] [DEBUG] Frame processing START
[2025-12-24 10:44:54] [DEBUG] Raw gaze: x=0.600, y=0.500
[2025-12-24 10:44:54] [DEBUG] Combined gaze: x=0.567, y=0.425
[2025-12-24 10:44:54] [DEBUG] Frame processing START
[2025-12-24 10:44:55] [DEBUG] Raw gaze: x=0.609, y=0.513
[2025-12-24 10:44:55] [DEBUG] Combined gaze: x=0.574, y=0.436
[2025-12-24 10:44:55] [DEBUG] Frame processing START
[2025-12-24 10:44:55] [DEBUG] Raw gaze: x=0.577, y=0.514
[2025-12-24 10:44:55] [DEBUG] Combined gaze: x=0.546, y=0.437
[2025-12-24 10:44:55] [DEBUG] Frame processing START
[2025-12-24 10:44:55] [DEBUG] Raw gaze: x=0.438, y=0.250
[2025-12-24 10:44:55] [DEBUG] Combined gaze: x=0.427, y=0.212
[2025-12-24 10:44:55] [DEBUG] Frame processing START
[2025-12-24 10:44:55] [DEBUG] Raw gaze: x=0.593, y=0.457
[2025-12-24 10:44:55] [DEBUG] Combined gaze: x=0.558, y=0.389
[2025-12-24 10:44:55] [DEBUG] Frame processing START
[2025-12-24 10:44:55] [DEBUG] Raw gaze: x=0.611, y=0.476
[2025-12-24 10:44:55] [DEBUG] Combined gaze: x=0.574, y=0.405
[2025-12-24 10:44:55] [DEBUG] Frame processing START
[2025-12-24 10:44:55] [DEBUG] Raw gaze: x=0.632, y=0.469
[2025-12-24 10:44:55] [DEBUG] Combined gaze: x=0.591, y=0.398
[2025-12-24 10:44:55] [DEBUG] Frame processing START
[2025-12-24 10:44:55] [DEBUG] Raw gaze: x=0.682, y=0.467
[2025-12-24 10:44:55] [DEBUG] Combined gaze: x=0.633, y=0.397
[2025-12-24 10:44:55] [DEBUG] Frame processing START
[2025-12-24 10:44:55] [DEBUG] Raw gaze: x=0.605, y=0.393
[2025-12-24 10:44:55] [DEBUG] Combined gaze: x=0.567, y=0.334
[2025-12-24 10:44:55] [DEBUG] Frame processing START
[2025-12-24 10:44:55] [DEBUG] Raw gaze: x=0.525, y=0.465
[2025-12-24 10:44:55] [DEBUG] Combined gaze: x=0.502, y=0.395
[2025-12-24 10:44:55] [DEBUG] Frame processing START
[2025-12-24 10:44:55] [DEBUG] Raw gaze: x=0.409, y=0.269
[2025-12-24 10:44:55] [DEBUG] Combined gaze: x=0.401, y=0.228
[2025-12-24 10:44:55] [DEBUG] Frame processing START
[2025-12-24 10:44:55] [DEBUG] Raw gaze: x=0.421, y=0.284
[2025-12-24 10:44:55] [DEBUG] Combined gaze: x=0.411, y=0.241
[2025-12-24 10:44:55] [DEBUG] Frame processing START
[2025-12-24 10:44:55] [DEBUG] Raw gaze: x=0.395, y=0.228
[2025-12-24 10:44:55] [DEBUG] Combined gaze: x=0.389, y=0.194
[2025-12-24 10:44:55] [DEBUG] Frame processing START
[2025-12-24 10:44:55] [WARNING] Face not detected in frame
[2025-12-24 10:44:55] [WARNING] Warning displayed: Face/Eyes not detected
[2025-12-24 10:44:55] [DEBUG] Frame processing START
[2025-12-24 10:44:55] [WARNING] Face not detected in frame
[2025-12-24 10:44:55] [WARNING] Warning displayed: Face/Eyes not detected
[2025-12-24 10:44:55] [DEBUG] Frame processing START
[2025-12-24 10:44:55] [WARNING] Face not detected in frame
[2025-12-24 10:44:55] [WARNING] Warning displayed: Face/Eyes not detected
[2025-12-24 10:44:55] [DEBUG] Frame processing START
[2025-12-24 10:44:55] [DEBUG] Raw gaze: x=0.341, y=0.390
[2025-12-24 10:44:55] [DEBUG] Combined gaze: x=0.344, y=0.332
[2025-12-24 10:44:55] [DEBUG] Frame processing START
[2025-12-24 10:44:55] [DEBUG] Raw gaze: x=0.534, y=0.532
[2025-12-24 10:44:55] [DEBUG] Combined gaze: x=0.517, y=0.453
[2025-12-24 10:44:55] [DEBUG] Frame processing START
[2025-12-24 10:44:55] [DEBUG] Raw gaze: x=0.490, y=0.492
[2025-12-24 10:44:55] [DEBUG] Combined gaze: x=0.482, y=0.418
[2025-12-24 10:44:55] [DEBUG] Frame processing START
[2025-12-24 10:44:55] [DEBUG] Raw gaze: x=0.528, y=0.458
[2025-12-24 10:44:55] [DEBUG] Combined gaze: x=0.515, y=0.389
[2025-12-24 10:44:55] [DEBUG] Frame processing START
[2025-12-24 10:44:55] [DEBUG] Raw gaze: x=0.540, y=0.556
[2025-12-24 10:44:56] [DEBUG] Combined gaze: x=0.528, y=0.472
[2025-12-24 10:44:56] [DEBUG] Frame processing START
[2025-12-24 10:44:56] [DEBUG] Raw gaze: x=0.528, y=0.552
[2025-12-24 10:44:56] [DEBUG] Combined gaze: x=0.515, y=0.470
[2025-12-24 10:44:56] [DEBUG] Frame processing START
[2025-12-24 10:44:56] [DEBUG] Raw gaze: x=0.514, y=0.498
[2025-12-24 10:44:56] [DEBUG] Combined gaze: x=0.502, y=0.423
[2025-12-24 10:44:56] [DEBUG] Frame processing START
[2025-12-24 10:44:56] [DEBUG] Raw gaze: x=0.504, y=0.497
[2025-12-24 10:44:56] [DEBUG] Combined gaze: x=0.494, y=0.422
[2025-12-24 10:44:56] [DEBUG] Frame processing START
[2025-12-24 10:44:56] [DEBUG] Raw gaze: x=0.527, y=0.512
[2025-12-24 10:44:56] [DEBUG] Combined gaze: x=0.513, y=0.435
[2025-12-24 10:44:56] [DEBUG] Frame processing START
[2025-12-24 10:44:56] [DEBUG] Raw gaze: x=0.513, y=0.545
[2025-12-24 10:44:56] [DEBUG] Combined gaze: x=0.500, y=0.463
[2025-12-24 10:44:56] [DEBUG] Frame processing START
[2025-12-24 10:44:56] [DEBUG] Raw gaze: x=0.517, y=0.516
[2025-12-24 10:44:56] [DEBUG] Combined gaze: x=0.503, y=0.439
[2025-12-24 10:44:56] [DEBUG] Frame processing START
[2025-12-24 10:44:56] [DEBUG] Raw gaze: x=0.516, y=0.490
[2025-12-24 10:44:56] [DEBUG] Combined gaze: x=0.505, y=0.416
[2025-12-24 10:44:56] [DEBUG] Frame processing START
[2025-12-24 10:44:56] [DEBUG] Raw gaze: x=0.511, y=0.531
[2025-12-24 10:44:56] [DEBUG] Combined gaze: x=0.501, y=0.452
[2025-12-24 10:44:56] [DEBUG] Frame processing START
[2025-12-24 10:44:56] [DEBUG] Raw gaze: x=0.516, y=0.465
[2025-12-24 10:44:56] [DEBUG] Combined gaze: x=0.506, y=0.395
[2025-12-24 10:44:56] [DEBUG] Frame processing START
[2025-12-24 10:44:56] [DEBUG] Raw gaze: x=0.475, y=0.505
[2025-12-24 10:44:56] [DEBUG] Combined gaze: x=0.474, y=0.429
[2025-12-24 10:44:56] [DEBUG] Frame processing START
[2025-12-24 10:44:56] [DEBUG] Raw gaze: x=0.488, y=0.519
[2025-12-24 10:44:56] [DEBUG] Combined gaze: x=0.483, y=0.441
[2025-12-24 10:44:56] [DEBUG] Frame processing START
[2025-12-24 10:44:56] [DEBUG] Raw gaze: x=0.568, y=0.454
[2025-12-24 10:44:56] [DEBUG] Combined gaze: x=0.549, y=0.386
[2025-12-24 10:44:56] [DEBUG] Frame processing START
[2025-12-24 10:44:56] [DEBUG] Raw gaze: x=0.561, y=0.466
[2025-12-24 10:44:56] [DEBUG] Combined gaze: x=0.542, y=0.396
[2025-12-24 10:44:56] [DEBUG] Frame processing START
[2025-12-24 10:44:56] [DEBUG] Raw gaze: x=0.548, y=0.453
[2025-12-24 10:44:56] [DEBUG] Combined gaze: x=0.528, y=0.385
[2025-12-24 10:44:56] [DEBUG] Frame processing START
[2025-12-24 10:44:56] [DEBUG] Raw gaze: x=0.574, y=0.418
[2025-12-24 10:44:56] [DEBUG] Combined gaze: x=0.548, y=0.355
[2025-12-24 10:44:56] [DEBUG] Frame processing START
[2025-12-24 10:44:56] [DEBUG] Raw gaze: x=0.561, y=0.431
[2025-12-24 10:44:56] [DEBUG] Combined gaze: x=0.535, y=0.366
[2025-12-24 10:44:56] [DEBUG] Frame processing START
[2025-12-24 10:44:56] [DEBUG] Raw gaze: x=0.657, y=0.283
[2025-12-24 10:44:56] [DEBUG] Combined gaze: x=0.616, y=0.240
[2025-12-24 10:44:56] [DEBUG] Frame processing START
[2025-12-24 10:44:56] [DEBUG] Raw gaze: x=0.614, y=0.342
[2025-12-24 10:44:56] [DEBUG] Combined gaze: x=0.577, y=0.290
[2025-12-24 10:44:56] [DEBUG] Frame processing START
[2025-12-24 10:44:56] [DEBUG] Raw gaze: x=0.541, y=0.339
[2025-12-24 10:44:56] [DEBUG] Combined gaze: x=0.514, y=0.288
[2025-12-24 10:44:56] [DEBUG] Frame processing START
[2025-12-24 10:44:56] [DEBUG] Raw gaze: x=0.625, y=0.535
[2025-12-24 10:44:56] [DEBUG] Combined gaze: x=0.586, y=0.454
[2025-12-24 10:44:56] [DEBUG] Frame processing START
[2025-12-24 10:44:56] [DEBUG] Raw gaze: x=0.507, y=0.464
[2025-12-24 10:44:56] [DEBUG] Combined gaze: x=0.488, y=0.394
[2025-12-24 10:44:56] [DEBUG] Frame processing START
[2025-12-24 10:44:57] [DEBUG] Raw gaze: x=0.543, y=0.484
[2025-12-24 10:44:57] [DEBUG] Combined gaze: x=0.525, y=0.411
[2025-12-24 10:44:57] [DEBUG] Frame processing START
[2025-12-24 10:44:57] [DEBUG] Raw gaze: x=0.622, y=0.488
[2025-12-24 10:44:57] [DEBUG] Combined gaze: x=0.593, y=0.415
[2025-12-24 10:44:57] [DEBUG] Frame processing START
[2025-12-24 10:44:57] [DEBUG] Raw gaze: x=0.463, y=0.460
[2025-12-24 10:44:57] [DEBUG] Combined gaze: x=0.460, y=0.391
[2025-12-24 10:44:57] [DEBUG] Frame processing START
[2025-12-24 10:44:57] [DEBUG] Raw gaze: x=0.428, y=0.418
[2025-12-24 10:44:57] [DEBUG] Combined gaze: x=0.431, y=0.356
[2025-12-24 10:44:57] [DEBUG] Frame processing START
[2025-12-24 10:44:57] [DEBUG] Raw gaze: x=0.444, y=0.412
[2025-12-24 10:44:57] [DEBUG] Combined gaze: x=0.440, y=0.350
[2025-12-24 10:44:57] [DEBUG] Frame processing START
[2025-12-24 10:44:57] [DEBUG] Raw gaze: x=0.457, y=0.399
[2025-12-24 10:44:57] [DEBUG] Combined gaze: x=0.447, y=0.339
[2025-12-24 10:44:57] [DEBUG] Frame processing START
[2025-12-24 10:44:57] [DEBUG] Raw gaze: x=0.422, y=0.418
[2025-12-24 10:44:57] [DEBUG] Combined gaze: x=0.422, y=0.409
[2025-12-24 10:44:57] [DEBUG] Frame processing START
[2025-12-24 10:44:57] [DEBUG] Raw gaze: x=0.409, y=0.356
[2025-12-24 10:44:57] [DEBUG] Combined gaze: x=0.409, y=0.320
[2025-12-24 10:44:57] [DEBUG] Frame processing START
[2025-12-24 10:44:57] [DEBUG] Raw gaze: x=0.409, y=0.351
[2025-12-24 10:44:57] [DEBUG] Combined gaze: x=0.406, y=0.299
[2025-12-24 10:44:57] [DEBUG] Frame processing START
[2025-12-24 10:44:57] [DEBUG] Raw gaze: x=0.402, y=0.386
[2025-12-24 10:44:57] [DEBUG] Combined gaze: x=0.399, y=0.328
[2025-12-24 10:44:57] [DEBUG] Frame processing START
[2025-12-24 10:44:57] [DEBUG] Raw gaze: x=0.396, y=0.393
[2025-12-24 10:44:57] [DEBUG] Combined gaze: x=0.393, y=0.334
[2025-12-24 10:44:57] [DEBUG] Frame processing START
[2025-12-24 10:44:57] [DEBUG] Raw gaze: x=0.419, y=0.391
[2025-12-24 10:44:57] [DEBUG] Combined gaze: x=0.412, y=0.333
[2025-12-24 10:44:57] [DEBUG] Frame processing START
[2025-12-24 10:44:57] [DEBUG] Raw gaze: x=0.441, y=0.402
[2025-12-24 10:44:57] [DEBUG] Combined gaze: x=0.436, y=0.401
[2025-12-24 10:44:57] [DEBUG] Frame processing START
[2025-12-24 10:44:57] [DEBUG] Raw gaze: x=0.454, y=0.393
[2025-12-24 10:44:57] [DEBUG] Combined gaze: x=0.450, y=0.352
[2025-12-24 10:44:57] [DEBUG] Frame processing START
[2025-12-24 10:44:57] [DEBUG] Raw gaze: x=0.471, y=0.401
[2025-12-24 10:44:57] [DEBUG] Combined gaze: x=0.463, y=0.341
[2025-12-24 10:44:57] [DEBUG] Frame processing START
[2025-12-24 10:44:57] [DEBUG] Raw gaze: x=0.444, y=0.391
[2025-12-24 10:44:57] [DEBUG] Combined gaze: x=0.439, y=0.332
[2025-12-24 10:44:57] [DEBUG] Frame processing START
[2025-12-24 10:44:57] [DEBUG] Raw gaze: x=0.490, y=0.407
[2025-12-24 10:44:57] [DEBUG] Combined gaze: x=0.475, y=0.346
[2025-12-24 10:44:57] [DEBUG] Frame processing START
[2025-12-24 10:44:57] [DEBUG] Raw gaze: x=0.469, y=0.428
[2025-12-24 10:44:57] [DEBUG] Combined gaze: x=0.456, y=0.364
[2025-12-24 10:44:57] [DEBUG] Frame processing START
[2025-12-24 10:44:57] [DEBUG] Raw gaze: x=0.545, y=0.452
[2025-12-24 10:44:57] [DEBUG] Combined gaze: x=0.520, y=0.384
[2025-12-24 10:44:57] [DEBUG] Frame processing START
[2025-12-24 10:44:57] [DEBUG] Raw gaze: x=0.541, y=0.461
[2025-12-24 10:44:57] [DEBUG] Combined gaze: x=0.523, y=0.392
[2025-12-24 10:44:57] [DEBUG] Frame processing START
[2025-12-24 10:44:57] [DEBUG] Raw gaze: x=0.550, y=0.503
[2025-12-24 10:44:57] [DEBUG] Combined gaze: x=0.526, y=0.428
[2025-12-24 10:44:57] [DEBUG] Frame processing START
[2025-12-24 10:44:58] [DEBUG] Raw gaze: x=0.537, y=0.477
[2025-12-24 10:44:58] [DEBUG] Combined gaze: x=0.514, y=0.405
[2025-12-24 10:44:58] [DEBUG] Frame processing START
[2025-12-24 10:44:58] [DEBUG] Raw gaze: x=0.518, y=0.487
[2025-12-24 10:44:58] [DEBUG] Combined gaze: x=0.496, y=0.414
[2025-12-24 10:44:58] [DEBUG] Frame processing START
[2025-12-24 10:44:58] [DEBUG] Raw gaze: x=0.517, y=0.457
[2025-12-24 10:44:58] [DEBUG] Combined gaze: x=0.493, y=0.389
[2025-12-24 10:44:58] [DEBUG] Frame processing START
[2025-12-24 10:44:58] [DEBUG] Raw gaze: x=0.502, y=0.419
[2025-12-24 10:44:58] [DEBUG] Combined gaze: x=0.480, y=0.357
[2025-12-24 10:44:58] [DEBUG] Frame processing START
[2025-12-24 10:44:58] [DEBUG] Raw gaze: x=0.550, y=0.374
[2025-12-24 10:44:58] [DEBUG] Combined gaze: x=0.521, y=0.318
[2025-12-24 10:44:58] [DEBUG] Frame processing START
[2025-12-24 10:44:58] [DEBUG] Raw gaze: x=0.528, y=0.350
[2025-12-24 10:44:58] [DEBUG] Combined gaze: x=0.503, y=0.297
[2025-12-24 10:44:58] [DEBUG] Frame processing START
[2025-12-24 10:44:58] [DEBUG] Raw gaze: x=0.503, y=0.499
[2025-12-24 10:44:58] [DEBUG] Combined gaze: x=0.489, y=0.424
[2025-12-24 10:44:58] [DEBUG] Frame processing START
[2025-12-24 10:44:58] [DEBUG] Raw gaze: x=0.337, y=0.425
[2025-12-24 10:44:58] [DEBUG] Combined gaze: x=0.346, y=0.362
[2025-12-24 10:44:58] [DEBUG] Frame processing START
[2025-12-24 10:44:58] [DEBUG] Raw gaze: x=0.441, y=0.416
[2025-12-24 10:44:58] [DEBUG] Combined gaze: x=0.438, y=0.354
[2025-12-24 10:44:58] [DEBUG] Frame processing START
[2025-12-24 10:44:58] [DEBUG] Raw gaze: x=0.403, y=0.404
[2025-12-24 10:44:58] [DEBUG] Combined gaze: x=0.402, y=0.344
[2025-12-24 10:44:58] [DEBUG] Frame processing START
[2025-12-24 10:44:58] [DEBUG] Raw gaze: x=0.404, y=0.393
[2025-12-24 10:44:58] [DEBUG] Combined gaze: x=0.401, y=0.334
[2025-12-24 10:44:58] [DEBUG] Frame processing START
[2025-12-24 10:44:58] [DEBUG] Raw gaze: x=0.460, y=0.389
[2025-12-24 10:44:58] [DEBUG] Combined gaze: x=0.446, y=0.330
[2025-12-24 10:44:58] [DEBUG] Frame processing START
[2025-12-24 10:44:58] [DEBUG] Raw gaze: x=0.441, y=0.388
[2025-12-24 10:44:58] [DEBUG] Combined gaze: x=0.429, y=0.330
[2025-12-24 10:44:58] [DEBUG] Frame processing START
[2025-12-24 10:44:58] [DEBUG] Raw gaze: x=0.328, y=0.348
[2025-12-24 10:44:58] [DEBUG] Combined gaze: x=0.332, y=0.296
[2025-12-24 10:44:58] [DEBUG] Frame processing START
[2025-12-24 10:44:58] [DEBUG] Raw gaze: x=0.516, y=0.436
[2025-12-24 10:44:58] [DEBUG] Combined gaze: x=0.492, y=0.371
[2025-12-24 10:44:58] [DEBUG] Frame processing START
[2025-12-24 10:44:58] [DEBUG] Raw gaze: x=0.525, y=0.495
[2025-12-24 10:44:58] [DEBUG] Combined gaze: x=0.500, y=0.421
[2025-12-24 10:44:58] [DEBUG] Frame processing START
[2025-12-24 10:44:58] [DEBUG] Raw gaze: x=0.421, y=0.582
[2025-12-24 10:44:58] [DEBUG] Combined gaze: x=0.413, y=0.495
[2025-12-24 10:44:58] [DEBUG] Frame processing START
[2025-12-24 10:44:58] [DEBUG] Raw gaze: x=0.434, y=0.594
[2025-12-24 10:44:58] [DEBUG] Combined gaze: x=0.425, y=0.505
[2025-12-24 10:44:58] [DEBUG] Frame processing START
[2025-12-24 10:44:58] [DEBUG] Raw gaze: x=0.346, y=0.456
[2025-12-24 10:44:58] [DEBUG] Combined gaze: x=0.358, y=0.387
[2025-12-24 10:44:58] [DEBUG] Frame processing START
[2025-12-24 10:44:58] [DEBUG] Raw gaze: x=0.442, y=0.457
[2025-12-24 10:44:58] [DEBUG] Combined gaze: x=0.443, y=0.388
[2025-12-24 10:44:59] [DEBUG] Frame processing START
[2025-12-24 10:44:59] [DEBUG] Raw gaze: x=0.470, y=0.445
[2025-12-24 10:44:59] [DEBUG] Combined gaze: x=0.470, y=0.379
[2025-12-24 10:44:59] [DEBUG] Frame processing START
[2025-12-24 10:44:59] [DEBUG] Raw gaze: x=0.412, y=0.443
[2025-12-24 10:44:59] [DEBUG] Combined gaze: x=0.414, y=0.377
[2025-12-24 10:44:59] [DEBUG] Frame processing START
[2025-12-24 10:44:59] [DEBUG] Raw gaze: x=0.407, y=0.441
[2025-12-24 10:44:59] [DEBUG] Combined gaze: x=0.406, y=0.375
[2025-12-24 10:44:59] [DEBUG] Frame processing START
[2025-12-24 10:45:00] [DEBUG] Raw gaze: x=0.466, y=0.426
[2025-12-24 10:45:00] [DEBUG] Combined gaze: x=0.453, y=0.362
[2025-12-24 10:45:00] [DEBUG] Frame processing START
[2025-12-24 10:45:00] [DEBUG] Raw gaze: x=0.510, y=0.410
[2025-12-24 10:45:00] [DEBUG] Combined gaze: x=0.490, y=0.348
[2025-12-24 10:45:00] [DEBUG] Frame processing START
[2025-12-24 10:45:00] [DEBUG] Raw gaze: x=0.455, y=0.445
[2025-12-24 10:45:00] [DEBUG] Combined gaze: x=0.443, y=0.378
[2025-12-24 10:45:00] [DEBUG] Frame processing START
[2025-12-24 10:45:00] [DEBUG] Raw gaze: x=0.464, y=0.431
[2025-12-24 10:45:00] [DEBUG] Combined gaze: x=0.449, y=0.366
[2025-12-24 10:45:00] [DEBUG] Frame processing START
[2025-12-24 10:45:00] [DEBUG] Raw gaze: x=0.432, y=0.392
[2025-12-24 10:45:00] [DEBUG] Combined gaze: x=0.423, y=0.333
[2025-12-24 10:45:00] [DEBUG] Frame processing START
[2025-12-24 10:45:00] [DEBUG] Raw gaze: x=0.404, y=0.392
[2025-12-24 10:45:00] [DEBUG] Combined gaze: x=0.400, y=0.333
[2025-12-24 10:45:00] [DEBUG] Frame processing START
[2025-12-24 10:45:00] [DEBUG] Raw gaze: x=0.438, y=0.398
[2025-12-24 10:45:00] [DEBUG] Combined gaze: x=0.429, y=0.339
[2025-12-24 10:45:00] [DEBUG] Frame processing START
[2025-12-24 10:45:00] [DEBUG] Raw gaze: x=0.437, y=0.388
[2025-12-24 10:45:00] [DEBUG] Combined gaze: x=0.427, y=0.330
[2025-12-24 10:45:01] [DEBUG] Frame processing START
[2025-12-24 10:45:01] [DEBUG] Raw gaze: x=0.420, y=0.432
[2025-12-24 10:45:01] [DEBUG] Combined gaze: x=0.411, y=0.367
[2025-12-24 10:45:01] [DEBUG] Frame processing START
[2025-12-24 10:45:01] [DEBUG] Raw gaze: x=0.421, y=0.425
[2025-12-24 10:45:01] [DEBUG] Combined gaze: x=0.411, y=0.361
[2025-12-24 10:45:01] [DEBUG] Frame processing START
[2025-12-24 10:45:01] [DEBUG] Raw gaze: x=0.459, y=0.417
[2025-12-24 10:45:01] [DEBUG] Combined gaze: x=0.443, y=0.354
[2025-12-24 10:45:01] [DEBUG] Frame processing START
[2025-12-24 10:45:01] [DEBUG] Raw gaze: x=0.466, y=0.429
[2025-12-24 10:45:01] [DEBUG] Combined gaze: x=0.450, y=0.364
[2025-12-24 10:45:01] [DEBUG] Frame processing START
[2025-12-24 10:45:01] [DEBUG] Raw gaze: x=0.407, y=0.440
[2025-12-24 10:45:01] [DEBUG] Combined gaze: x=0.402, y=0.374
[2025-12-24 10:45:01] [DEBUG] Frame processing START
[2025-12-24 10:45:01] [DEBUG] Raw gaze: x=0.335, y=0.411
[2025-12-24 10:45:01] [DEBUG] Combined gaze: x=0.341, y=0.349
[2025-12-24 10:45:01] [DEBUG] Frame processing START
[2025-12-24 10:45:01] [DEBUG] Raw gaze: x=0.436, y=0.334
[2025-12-24 10:45:01] [DEBUG] Combined gaze: x=0.428, y=0.284
[2025-12-24 10:45:01] [DEBUG] Frame processing START
[2025-12-24 10:45:01] [DEBUG] Raw gaze: x=0.438, y=0.360
[2025-12-24 10:45:01] [DEBUG] Combined gaze: x=0.430, y=0.306
[2025-12-24 10:45:01] [DEBUG] Frame processing START
[2025-12-24 10:45:01] [DEBUG] Raw gaze: x=0.515, y=0.415
[2025-12-24 10:45:01] [DEBUG] Combined gaze: x=0.496, y=0.353
[2025-12-24 10:45:01] [DEBUG] Frame processing START
[2025-12-24 10:45:01] [DEBUG] Raw gaze: x=0.474, y=0.483
[2025-12-24 10:45:01] [DEBUG] Combined gaze: x=0.461, y=0.411
[2025-12-24 10:45:01] [DEBUG] Frame processing START
[2025-12-24 10:45:01] [DEBUG] Raw gaze: x=0.479, y=0.418
[2025-12-24 10:45:01] [DEBUG] Combined gaze: x=0.467, y=0.355
[2025-12-24 10:45:01] [DEBUG] Frame processing START
[2025-12-24 10:45:01] [DEBUG] Raw gaze: x=0.529, y=0.550
[2025-12-24 10:45:01] [DEBUG] Combined gaze: x=0.514, y=0.468
[2025-12-24 10:45:01] [DEBUG] Frame processing START
[2025-12-24 10:45:01] [DEBUG] Raw gaze: x=0.539, y=0.579
[2025-12-24 10:45:01] [DEBUG] Combined gaze: x=0.525, y=0.492
[2025-12-24 10:45:01] [DEBUG] Frame processing START
[2025-12-24 10:45:01] [DEBUG] Raw gaze: x=0.494, y=0.563
[2025-12-24 10:45:01] [DEBUG] Combined gaze: x=0.487, y=0.478
[2025-12-24 10:45:01] [DEBUG] Frame processing START
[2025-12-24 10:45:01] [DEBUG] Raw gaze: x=0.476, y=0.527
[2025-12-24 10:45:01] [DEBUG] Combined gaze: x=0.466, y=0.448
[2025-12-24 10:45:01] [DEBUG] Frame processing START
[2025-12-24 10:45:01] [DEBUG] Raw gaze: x=0.498, y=0.577
[2025-12-24 10:45:01] [DEBUG] Combined gaze: x=0.482, y=0.490
[2025-12-24 10:45:01] [DEBUG] Frame processing START
[2025-12-24 10:45:01] [DEBUG] Raw gaze: x=0.500, y=0.472
[2025-12-24 10:45:01] [DEBUG] Combined gaze: x=0.481, y=0.401
[2025-12-24 10:45:01] [DEBUG] Frame processing START
[2025-12-24 10:45:01] [DEBUG] Raw gaze: x=0.542, y=0.584
[2025-12-24 10:45:01] [DEBUG] Combined gaze: x=0.517, y=0.497
[2025-12-24 10:45:01] [DEBUG] Frame processing START
[2025-12-24 10:45:01] [DEBUG] Raw gaze: x=0.547, y=0.575
[2025-12-24 10:45:01] [DEBUG] Combined gaze: x=0.521, y=0.489
[2025-12-24 10:45:01] [DEBUG] Frame processing START
[2025-12-24 10:45:01] [DEBUG] Raw gaze: x=0.483, y=0.561
[2025-12-24 10:45:01] [DEBUG] Combined gaze: x=0.468, y=0.476
[2025-12-24 10:45:01] [DEBUG] Frame processing START
[2025-12-24 10:45:01] [DEBUG] Raw gaze: x=0.497, y=0.555
[2025-12-24 10:45:01] [DEBUG] Combined gaze: x=0.480, y=0.472
[2025-12-24 10:45:01] [DEBUG] Frame processing START
[2025-12-24 10:45:01] [DEBUG] Raw gaze: x=0.526, y=0.564
[2025-12-24 10:45:01] [DEBUG] Combined gaze: x=0.503, y=0.479
[2025-12-24 10:45:01] [DEBUG] Frame processing START
[2025-12-24 10:45:01] [DEBUG] Raw gaze: x=0.531, y=0.545
[2025-12-24 10:45:01] [DEBUG] Combined gaze: x=0.506, y=0.463
[2025-12-24 10:45:01] [DEBUG] Frame processing START
[2025-12-24 10:45:01] [DEBUG] Raw gaze: x=0.601, y=0.531
[2025-12-24 10:45:01] [DEBUG] Combined gaze: x=0.567, y=0.451
[2025-12-24 10:45:01] [DEBUG] Frame processing START
[2025-12-24 10:45:01] [DEBUG] Raw gaze: x=0.477, y=0.590
[2025-12-24 10:45:02] [DEBUG] Combined gaze: x=0.468, y=0.502
[2025-12-24 10:45:02] [DEBUG] Frame processing START
[2025-12-24 10:45:02] [DEBUG] Raw gaze: x=0.502, y=0.568
[2025-12-24 10:45:02] [DEBUG] Combined gaze: x=0.489, y=0.483
[2025-12-24 10:45:02] [DEBUG] Frame processing START
[2025-12-24 10:45:02] [DEBUG] Raw gaze: x=0.596, y=0.524
[2025-12-24 10:45:02] [DEBUG] Combined gaze: x=0.567, y=0.446
[2025-12-24 10:45:02] [DEBUG] Frame processing START
[2025-12-24 10:45:02] [DEBUG] Raw gaze: x=0.610, y=0.548
[2025-12-24 10:45:02] [DEBUG] Combined gaze: x=0.580, y=0.466
[2025-12-24 10:45:02] [DEBUG] Frame processing START
[2025-12-24 10:45:02] [DEBUG] Raw gaze: x=0.481, y=0.510
[2025-12-24 10:45:02] [DEBUG] Combined gaze: x=0.471, y=0.433
[2025-12-24 10:45:02] [DEBUG] Frame processing START
[2025-12-24 10:45:02] [DEBUG] Raw gaze: x=0.587, y=0.626
[2025-12-24 10:45:02] [DEBUG] Combined gaze: x=0.559, y=0.533
[2025-12-24 10:45:02] [DEBUG] Frame processing START
[2025-12-24 10:45:02] [DEBUG] Raw gaze: x=0.590, y=0.617
[2025-12-24 10:45:02] [DEBUG] Combined gaze: x=0.561, y=0.524
[2025-12-24 10:45:02] [DEBUG] Frame processing START
[2025-12-24 10:45:02] [DEBUG] Raw gaze: x=0.570, y=0.477
[2025-12-24 10:45:02] [DEBUG] Combined gaze: x=0.548, y=0.405
[2025-12-24 10:45:02] [DEBUG] Frame processing START
[2025-12-24 10:45:02] [DEBUG] Raw gaze: x=0.576, y=0.453
[2025-12-24 10:45:02] [DEBUG] Combined gaze: x=0.555, y=0.385
[2025-12-24 10:45:02] [DEBUG] Frame processing START
[2025-12-24 10:45:02] [DEBUG] Raw gaze: x=0.473, y=0.403
[2025-12-24 10:45:02] [DEBUG] Combined gaze: x=0.465, y=0.343
[2025-12-24 10:45:02] [DEBUG] Frame processing START
[2025-12-24 10:45:02] [DEBUG] Raw gaze: x=0.484, y=0.419
[2025-12-24 10:45:02] [DEBUG] Combined gaze: x=0.473, y=0.356
[2025-12-24 10:45:02] [DEBUG] Frame processing START
[2025-12-24 10:45:02] [DEBUG] Raw gaze: x=0.517, y=0.417
[2025-12-24 10:45:02] [DEBUG] Combined gaze: x=0.504, y=0.355
[2025-12-24 10:45:02] [DEBUG] Frame processing START
[2025-12-24 10:45:02] [DEBUG] Raw gaze: x=0.528, y=0.428
[2025-12-24 10:45:02] [DEBUG] Combined gaze: x=0.517, y=0.364
[2025-12-24 10:45:02] [DEBUG] Frame processing START
[2025-12-24 10:45:02] [DEBUG] Raw gaze: x=0.478, y=0.411
[2025-12-24 10:45:02] [DEBUG] Combined gaze: x=0.469, y=0.349
[2025-12-24 10:45:02] [DEBUG] Frame processing START
[2025-12-24 10:45:02] [DEBUG] Raw gaze: x=0.482, y=0.400
[2025-12-24 10:45:02] [DEBUG] Combined gaze: x=0.470, y=0.340
[2025-12-24 10:45:02] [DEBUG] Frame processing START
[2025-12-24 10:45:02] [DEBUG] Raw gaze: x=0.484, y=0.434
[2025-12-24 10:45:02] [DEBUG] Combined gaze: x=0.470, y=0.369
[2025-12-24 10:45:02] [DEBUG] Frame processing START
[2025-12-24 10:45:02] [DEBUG] Raw gaze: x=0.561, y=0.435
[2025-12-24 10:45:02] [DEBUG] Combined gaze: x=0.534, y=0.370
[2025-12-24 10:45:02] [DEBUG] Frame processing START
[2025-12-24 10:45:02] [DEBUG] Raw gaze: x=0.565, y=0.445
[2025-12-24 10:45:02] [DEBUG] Combined gaze: x=0.537, y=0.378
[2025-12-24 10:45:02] [DEBUG] Frame processing START
[2025-12-24 10:45:02] [DEBUG] Raw gaze: x=0.546, y=0.478
[2025-12-24 10:45:02] [DEBUG] Combined gaze: x=0.522, y=0.406
[2025-12-24 10:45:02] [DEBUG] Frame processing START
[2025-12-24 10:45:02] [DEBUG] Raw gaze: x=0.545, y=0.439
[2025-12-24 10:45:02] [DEBUG] Combined gaze: x=0.522, y=0.374
[2025-12-24 10:45:02] [DEBUG] Frame processing START
[2025-12-24 10:45:02] [DEBUG] Raw gaze: x=0.558, y=0.464
[2025-12-24 10:45:02] [DEBUG] Combined gaze: x=0.532, y=0.395
[2025-12-24 10:45:02] [DEBUG] Frame processing START
[2025-12-24 10:45:02] [DEBUG] Raw gaze: x=0.552, y=0.458
[2025-12-24 10:45:02] [DEBUG] Combined gaze: x=0.528, y=0.389
[2025-12-24 10:45:02] [DEBUG] Frame processing START
[2025-12-24 10:45:03] [DEBUG] Raw gaze: x=0.558, y=0.460
[2025-12-24 10:45:03] [DEBUG] Combined gaze: x=0.532, y=0.391
[2025-12-24 10:45:03] [DEBUG] Frame processing START
[2025-12-24 10:45:03] [DEBUG] Raw gaze: x=0.559, y=0.474
[2025-12-24 10:45:03] [DEBUG] Combined gaze: x=0.531, y=0.403
[2025-12-24 10:45:03] [DEBUG] Frame processing START
[2025-12-24 10:45:03] [DEBUG] Raw gaze: x=0.566, y=0.496
[2025-12-24 10:45:03] [DEBUG] Combined gaze: x=0.536, y=0.422
[2025-12-24 10:45:03] [DEBUG] Frame processing START
[2025-12-24 10:45:03] [DEBUG] Raw gaze: x=0.523, y=0.438
[2025-12-24 10:45:03] [DEBUG] Combined gaze: x=0.499, y=0.372
[2025-12-24 10:45:03] [DEBUG] Frame processing START
[2025-12-24 10:45:03] [DEBUG] Raw gaze: x=0.551, y=0.424
[2025-12-24 10:45:03] [DEBUG] Combined gaze: x=0.522, y=0.361
[2025-12-24 10:45:03] [DEBUG] Frame processing START
[2025-12-24 10:45:03] [DEBUG] Raw gaze: x=0.562, y=0.489
[2025-12-24 10:45:03] [DEBUG] Combined gaze: x=0.532, y=0.415
[2025-12-24 10:45:03] [DEBUG] Frame processing START
[2025-12-24 10:45:03] [DEBUG] Raw gaze: x=0.557, y=0.473
[2025-12-24 10:45:03] [DEBUG] Combined gaze: x=0.527, y=0.402
[2025-12-24 10:45:03] [DEBUG] Frame processing START
[2025-12-24 10:45:03] [DEBUG] Raw gaze: x=0.543, y=0.436
[2025-12-24 10:45:03] [DEBUG] Combined gaze: x=0.517, y=0.370
[2025-12-24 10:45:03] [DEBUG] Frame processing START
[2025-12-24 10:45:03] [DEBUG] Raw gaze: x=0.539, y=0.417
[2025-12-24 10:45:03] [DEBUG] Combined gaze: x=0.514, y=0.355
[2025-12-24 10:45:03] [DEBUG] Frame processing START
[2025-12-24 10:45:03] [DEBUG] Raw gaze: x=0.565, y=0.515
[2025-12-24 10:45:03] [DEBUG] Combined gaze: x=0.537, y=0.438
[2025-12-24 10:45:03] [DEBUG] Frame processing START
[2025-12-24 10:45:03] [DEBUG] Raw gaze: x=0.574, y=0.520
[2025-12-24 10:45:03] [DEBUG] Combined gaze: x=0.544, y=0.442
[2025-12-24 10:45:03] [DEBUG] Frame processing START
[2025-12-24 10:45:03] [DEBUG] Raw gaze: x=0.547, y=0.499
[2025-12-24 10:45:03] [DEBUG] Combined gaze: x=0.520, y=0.424
[2025-12-24 10:45:03] [DEBUG] Frame processing START
[2025-12-24 10:45:03] [DEBUG] Raw gaze: x=0.559, y=0.479
[2025-12-24 10:45:03] [DEBUG] Combined gaze: x=0.530, y=0.407
[2025-12-24 10:45:03] [DEBUG] Frame processing START
[2025-12-24 10:45:03] [DEBUG] Raw gaze: x=0.554, y=0.483
[2025-12-24 10:45:03] [DEBUG] Combined gaze: x=0.525, y=0.410
[2025-12-24 10:45:03] [DEBUG] Frame processing START
[2025-12-24 10:45:03] [DEBUG] Raw gaze: x=0.560, y=0.435
[2025-12-24 10:45:03] [DEBUG] Combined gaze: x=0.531, y=0.370
[2025-12-24 10:45:03] [DEBUG] Frame processing START
[2025-12-24 10:45:03] [DEBUG] Raw gaze: x=0.560, y=0.418
[2025-12-24 10:45:03] [DEBUG] Combined gaze: x=0.532, y=0.355
[2025-12-24 10:45:03] [DEBUG] Frame processing START
[2025-12-24 10:45:03] [DEBUG] Raw gaze: x=0.509, y=0.502
[2025-12-24 10:45:03] [DEBUG] Combined gaze: x=0.494, y=0.426
[2025-12-24 10:45:03] [DEBUG] Frame processing START
[2025-12-24 10:45:03] [DEBUG] Raw gaze: x=0.507, y=0.478
[2025-12-24 10:45:03] [DEBUG] Combined gaze: x=0.496, y=0.406
[2025-12-24 10:45:03] [DEBUG] Frame processing START
[2025-12-24 10:45:03] [DEBUG] Raw gaze: x=0.546, y=0.662
[2025-12-24 10:45:03] [DEBUG] Combined gaze: x=0.526, y=0.563
[2025-12-24 10:45:03] [DEBUG] Frame processing START
[2025-12-24 10:45:03] [DEBUG] Raw gaze: x=0.481, y=0.547
[2025-12-24 10:45:03] [DEBUG] Combined gaze: x=0.473, y=0.465
[2025-12-24 10:45:03] [INFO] Calibration trigger at point 1
[2025-12-24 10:45:03] [DEBUG] Frame processing START
[2025-12-24 10:45:03] [DEBUG] Raw gaze: x=0.532, y=0.582
[2025-12-24 10:45:03] [DEBUG] Combined gaze: x=0.515, y=0.495
[2025-12-24 10:45:03] [DEBUG] Frame processing START
[2025-12-24 10:45:03] [DEBUG] Raw gaze: x=0.517, y=0.451
[2025-12-24 10:45:03] [DEBUG] Combined gaze: x=0.499, y=0.383
[2025-12-24 10:45:03] [DEBUG] Frame processing START
[2025-12-24 10:45:03] [DEBUG] Raw gaze: x=0.543, y=0.469
[2025-12-24 10:45:03] [DEBUG] Combined gaze: x=0.519, y=0.399
[2025-12-24 10:45:04] [DEBUG] Frame processing START
[2025-12-24 10:45:04] [DEBUG] Raw gaze: x=0.541, y=0.414
[2025-12-24 10:45:04] [DEBUG] Combined gaze: x=0.516, y=0.352
[2025-12-24 10:45:04] [DEBUG] Frame processing START
[2025-12-24 10:45:04] [DEBUG] Raw gaze: x=0.545, y=0.446
[2025-12-24 10:45:04] [DEBUG] Combined gaze: x=0.524, y=0.379
[2025-12-24 10:45:04] [DEBUG] Frame processing START
[2025-12-24 10:45:04] [DEBUG] Raw gaze: x=0.583, y=0.467
[2025-12-24 10:45:04] [DEBUG] Combined gaze: x=0.555, y=0.397
[2025-12-24 10:45:04] [DEBUG] Frame processing START
[2025-12-24 10:45:04] [DEBUG] Raw gaze: x=0.536, y=0.454
[2025-12-24 10:45:04] [DEBUG] Combined gaze: x=0.513, y=0.386
[2025-12-24 10:45:04] [DEBUG] Frame processing START
[2025-12-24 10:45:04] [DEBUG] Raw gaze: x=0.504, y=0.404
[2025-12-24 10:45:04] [DEBUG] Combined gaze: x=0.485, y=0.343
[2025-12-24 10:45:04] [DEBUG] Frame processing START
[2025-12-24 10:45:04] [DEBUG] Raw gaze: x=0.520, y=0.434
[2025-12-24 10:45:04] [DEBUG] Combined gaze: x=0.498, y=0.369
[2025-12-24 10:45:04] [DEBUG] Frame processing START
[2025-12-24 10:45:04] [DEBUG] Raw gaze: x=0.546, y=0.401
[2025-12-24 10:45:04] [DEBUG] Combined gaze: x=0.519, y=0.341
[2025-12-24 10:45:04] [DEBUG] Frame processing START
[2025-12-24 10:45:04] [DEBUG] Raw gaze: x=0.535, y=0.439
[2025-12-24 10:45:04] [DEBUG] Combined gaze: x=0.509, y=0.373
[2025-12-24 10:45:04] [DEBUG] Frame processing START
[2025-12-24 10:45:04] [DEBUG] Raw gaze: x=0.530, y=0.456
[2025-12-24 10:45:04] [DEBUG] Combined gaze: x=0.504, y=0.388
[2025-12-24 10:45:04] [DEBUG] Frame processing START
[2025-12-24 10:45:04] [DEBUG] Raw gaze: x=0.507, y=0.409
[2025-12-24 10:45:04] [DEBUG] Combined gaze: x=0.485, y=0.347
[2025-12-24 10:45:04] [DEBUG] Frame processing START
[2025-12-24 10:45:04] [DEBUG] Raw gaze: x=0.535, y=0.447
[2025-12-24 10:45:04] [DEBUG] Combined gaze: x=0.509, y=0.380
[2025-12-24 10:45:04] [DEBUG] Frame processing START
[2025-12-24 10:45:04] [DEBUG] Raw gaze: x=0.495, y=0.427
[2025-12-24 10:45:04] [DEBUG] Combined gaze: x=0.475, y=0.363
[2025-12-24 10:45:04] [DEBUG] Frame processing START
[2025-12-24 10:45:04] [DEBUG] Raw gaze: x=0.529, y=0.464
[2025-12-24 10:45:04] [DEBUG] Combined gaze: x=0.504, y=0.395
[2025-12-24 10:45:04] [DEBUG] Frame processing START
[2025-12-24 10:45:04] [DEBUG] Raw gaze: x=0.538, y=0.402
[2025-12-24 10:45:04] [DEBUG] Combined gaze: x=0.511, y=0.341
[2025-12-24 10:45:04] [DEBUG] Frame processing START
[2025-12-24 10:45:04] [DEBUG] Raw gaze: x=0.525, y=0.407
[2025-12-24 10:45:04] [DEBUG] Combined gaze: x=0.501, y=0.346
[2025-12-24 10:45:04] [DEBUG] Frame processing START
[2025-12-24 10:45:04] [DEBUG] Raw gaze: x=0.556, y=0.457
[2025-12-24 10:45:04] [DEBUG] Combined gaze: x=0.526, y=0.388
[2025-12-24 10:45:04] [DEBUG] Frame processing START
[2025-12-24 10:45:04] [DEBUG] Raw gaze: x=0.566, y=0.462
[2025-12-24 10:45:04] [DEBUG] Combined gaze: x=0.533, y=0.393
[2025-12-24 10:45:04] [DEBUG] Frame processing START
[2025-12-24 10:45:04] [DEBUG] Raw gaze: x=0.549, y=0.452
[2025-12-24 10:45:04] [DEBUG] Combined gaze: x=0.520, y=0.384
[2025-12-24 10:45:04] [DEBUG] Frame processing START
[2025-12-24 10:45:04] [DEBUG] Raw gaze: x=0.545, y=0.417
[2025-12-24 10:45:04] [DEBUG] Combined gaze: x=0.516, y=0.354
[2025-12-24 10:45:04] [DEBUG] Frame processing START
[2025-12-24 10:45:05] [DEBUG] Raw gaze: x=0.547, y=0.452
[2025-12-24 10:45:05] [DEBUG] Combined gaze: x=0.519, y=0.384
[2025-12-24 10:45:05] [DEBUG] Frame processing START
[2025-12-24 10:45:05] [DEBUG] Raw gaze: x=0.552, y=0.445
[2025-12-24 10:45:05] [DEBUG] Combined gaze: x=0.523, y=0.378
[2025-12-24 10:45:05] [DEBUG] Frame processing START
[2025-12-24 10:45:05] [DEBUG] Raw gaze: x=0.537, y=0.453
[2025-12-24 10:45:05] [DEBUG] Combined gaze: x=0.509, y=0.385
[2025-12-24 10:45:05] [DEBUG] Collected sample 20/20 for point 1
[2025-12-24 10:45:05] [INFO] Moving to calibration point 2
[2025-12-24 10:45:05] [DEBUG] Frame processing START
[2025-12-24 10:45:05] [DEBUG] Raw gaze: x=0.559, y=0.388
[2025-12-24 10:45:05] [DEBUG] Combined gaze: x=0.528, y=0.330
[2025-12-24 10:45:05] [DEBUG] Frame processing START
[2025-12-24 10:45:05] [DEBUG] Raw gaze: x=0.539, y=0.400
[2025-12-24 10:45:05] [DEBUG] Combined gaze: x=0.511, y=0.340
[2025-12-24 10:45:05] [DEBUG] Frame processing START
[2025-12-24 10:45:05] [DEBUG] Raw gaze: x=0.498, y=0.406
[2025-12-24 10:45:05] [DEBUG] Combined gaze: x=0.476, y=0.345
[2025-12-24 10:45:05] [DEBUG] Frame processing START
[2025-12-24 10:45:05] [DEBUG] Raw gaze: x=0.504, y=0.410
[2025-12-24 10:45:05] [DEBUG] Combined gaze: x=0.482, y=0.348
[2025-12-24 10:45:05] [DEBUG] Frame processing START
[2025-12-24 10:45:05] [DEBUG] Raw gaze: x=0.529, y=0.423
[2025-12-24 10:45:05] [DEBUG] Combined gaze: x=0.502, y=0.360
[2025-12-24 10:45:05] [DEBUG] Frame processing START
[2025-12-24 10:45:05] [DEBUG] Raw gaze: x=0.551, y=0.448
[2025-12-24 10:45:05] [DEBUG] Combined gaze: x=0.521, y=0.381
[2025-12-24 10:45:05] [DEBUG] Frame processing START
[2025-12-24 10:45:05] [DEBUG] Raw gaze: x=0.523, y=0.399
[2025-12-24 10:45:05] [DEBUG] Combined gaze: x=0.497, y=0.339
[2025-12-24 10:45:05] [DEBUG] Frame processing START
[2025-12-24 10:45:05] [DEBUG] Raw gaze: x=0.521, y=0.360
[2025-12-24 10:45:05] [DEBUG] Combined gaze: x=0.496, y=0.306
[2025-12-24 10:45:05] [DEBUG] Frame processing START
[2025-12-24 10:45:05] [DEBUG] Raw gaze: x=0.417, y=0.372
[2025-12-24 10:45:05] [DEBUG] Combined gaze: x=0.408, y=0.316
[2025-12-24 10:45:05] [DEBUG] Frame processing START
[2025-12-24 10:45:05] [DEBUG] Raw gaze: x=0.484, y=0.570
[2025-12-24 10:45:05] [DEBUG] Combined gaze: x=0.469, y=0.485
[2025-12-24 10:45:05] [DEBUG] Frame processing START
[2025-12-24 10:45:05] [DEBUG] Raw gaze: x=0.499, y=0.620
[2025-12-24 10:45:05] [DEBUG] Combined gaze: x=0.482, y=0.527
[2025-12-24 10:45:05] [DEBUG] Frame processing START
[2025-12-24 10:45:05] [DEBUG] Raw gaze: x=0.439, y=0.452
[2025-12-24 10:45:05] [DEBUG] Combined gaze: x=0.431, y=0.384
[2025-12-24 10:45:05] [DEBUG] Frame processing START
[2025-12-24 10:45:05] [DEBUG] Raw gaze: x=0.445, y=0.475
[2025-12-24 10:45:05] [DEBUG] Combined gaze: x=0.435, y=0.404
[2025-12-24 10:45:05] [DEBUG] Frame processing START
[2025-12-24 10:45:05] [DEBUG] Raw gaze: x=0.430, y=0.420
[2025-12-24 10:45:05] [DEBUG] Combined gaze: x=0.421, y=0.357
[2025-12-24 10:45:05] [DEBUG] Frame processing START
[2025-12-24 10:45:05] [DEBUG] Raw gaze: x=0.428, y=0.424
[2025-12-24 10:45:05] [DEBUG] Combined gaze: x=0.418, y=0.360
[2025-12-24 10:45:05] [DEBUG] Frame processing START
[2025-12-24 10:45:05] [DEBUG] Raw gaze: x=0.426, y=0.411
[2025-12-24 10:45:05] [DEBUG] Combined gaze: x=0.416, y=0.349
[2025-12-24 10:45:05] [DEBUG] Frame processing START
[2025-12-24 10:45:05] [DEBUG] Raw gaze: x=0.434, y=0.393
[2025-12-24 10:45:05] [DEBUG] Combined gaze: x=0.421, y=0.334
[2025-12-24 10:45:05] [DEBUG] Frame processing START
[2025-12-24 10:45:05] [DEBUG] Raw gaze: x=0.489, y=0.429
[2025-12-24 10:45:05] [DEBUG] Combined gaze: x=0.469, y=0.364
[2025-12-24 10:45:06] [DEBUG] Frame processing START
[2025-12-24 10:45:06] [DEBUG] Raw gaze: x=0.480, y=0.415
[2025-12-24 10:45:06] [DEBUG] Combined gaze: x=0.463, y=0.353
[2025-12-24 10:45:06] [DEBUG] Frame processing START
[2025-12-24 10:45:06] [DEBUG] Raw gaze: x=0.457, y=0.409
[2025-12-24 10:45:06] [DEBUG] Combined gaze: x=0.442, y=0.348
[2025-12-24 10:45:06] [DEBUG] Frame processing START
[2025-12-24 10:45:06] [DEBUG] Raw gaze: x=0.476, y=0.440
[2025-12-24 10:45:06] [DEBUG] Combined gaze: x=0.457, y=0.374
[2025-12-24 10:45:06] [DEBUG] Frame processing START
[2025-12-24 10:45:06] [DEBUG] Raw gaze: x=0.477, y=0.440
[2025-12-24 10:45:06] [DEBUG] Combined gaze: x=0.458, y=0.374
[2025-12-24 10:45:06] [DEBUG] Frame processing START
[2025-12-24 10:45:06] [DEBUG] Raw gaze: x=0.467, y=0.415
[2025-12-24 10:45:06] [DEBUG] Combined gaze: x=0.450, y=0.353
[2025-12-24 10:45:06] [DEBUG] Frame processing START
[2025-12-24 10:45:06] [DEBUG] Raw gaze: x=0.457, y=0.411
[2025-12-24 10:45:06] [DEBUG] Combined gaze: x=0.442, y=0.349
[2025-12-24 10:45:06] [DEBUG] Frame processing START
[2025-12-24 10:45:06] [DEBUG] Raw gaze: x=0.460, y=0.414
[2025-12-24 10:45:06] [DEBUG] Combined gaze: x=0.444, y=0.352
[2025-12-24 10:45:06] [DEBUG] Frame processing START
[2025-12-24 10:45:06] [DEBUG] Raw gaze: x=0.433, y=0.416
[2025-12-24 10:45:06] [DEBUG] Combined gaze: x=0.420, y=0.354
[2025-12-24 10:45:06] [DEBUG] Frame processing START
[2025-12-24 10:45:06] [DEBUG] Raw gaze: x=0.439, y=0.340
[2025-12-24 10:45:06] [DEBUG] Combined gaze: x=0.426, y=0.289
[2025-12-24 10:45:06] [DEBUG] Frame processing START
[2025-12-24 10:45:06] [DEBUG] Raw gaze: x=0.401, y=0.331
[2025-12-24 10:45:06] [DEBUG] Combined gaze: x=0.394, y=0.281
[2025-12-24 10:45:06] [DEBUG] Frame processing START
[2025-12-24 10:45:06] [DEBUG] Raw gaze: x=0.406, y=0.383
[2025-12-24 10:45:06] [DEBUG] Combined gaze: x=0.398, y=0.325
[2025-12-24 10:45:06] [DEBUG] Frame processing START
[2025-12-24 10:45:06] [DEBUG] Raw gaze: x=0.410, y=0.369
[2025-12-24 10:45:06] [DEBUG] Combined gaze: x=0.402, y=0.314
[2025-12-24 10:45:06] [DEBUG] Frame processing START
[2025-12-24 10:45:06] [DEBUG] Raw gaze: x=0.390, y=0.386
[2025-12-24 10:45:06] [DEBUG] Combined gaze: x=0.385, y=0.328
[2025-12-24 10:45:06] [DEBUG] Frame processing START
[2025-12-24 10:45:06] [DEBUG] Raw gaze: x=0.413, y=0.418
[2025-12-24 10:45:06] [DEBUG] Combined gaze: x=0.405, y=0.355
[2025-12-24 10:45:06] [DEBUG] Frame processing START
[2025-12-24 10:45:06] [DEBUG] Raw gaze: x=0.369, y=0.382
[2025-12-24 10:45:06] [DEBUG] Combined gaze: x=0.368, y=0.325
[2025-12-24 10:45:06] [DEBUG] Frame processing START
[2025-12-24 10:45:06] [DEBUG] Raw gaze: x=0.413, y=0.410
[2025-12-24 10:45:06] [DEBUG] Combined gaze: x=0.404, y=0.348
[2025-12-24 10:45:06] [DEBUG] Frame processing START
[2025-12-24 10:45:06] [DEBUG] Raw gaze: x=0.422, y=0.407
[2025-12-24 10:45:06] [DEBUG] Combined gaze: x=0.412, y=0.346
[2025-12-24 10:45:06] [DEBUG] Frame processing START
[2025-12-24 10:45:06] [DEBUG] Raw gaze: x=0.421, y=0.367
[2025-12-24 10:45:06] [DEBUG] Combined gaze: x=0.413, y=0.312
[2025-12-24 10:45:06] [DEBUG] Frame processing START
[2025-12-24 10:45:06] [DEBUG] Raw gaze: x=0.420, y=0.405
[2025-12-24 10:45:06] [DEBUG] Combined gaze: x=0.412, y=0.344
[2025-12-24 10:45:06] [DEBUG] Frame processing START
[2025-12-24 10:45:06] [DEBUG] Raw gaze: x=0.438, y=0.382
[2025-12-24 10:45:06] [DEBUG] Combined gaze: x=0.427, y=0.324
[2025-12-24 10:45:06] [DEBUG] Frame processing START
[2025-12-24 10:45:07] [DEBUG] Raw gaze: x=0.418, y=0.370
[2025-12-24 10:45:07] [DEBUG] Combined gaze: x=0.410, y=0.315
[2025-12-24 10:45:07] [DEBUG] Frame processing START
[2025-12-24 10:45:07] [DEBUG] Raw gaze: x=0.373, y=0.391
[2025-12-24 10:45:07] [DEBUG] Combined gaze: x=0.371, y=0.333
[2025-12-24 10:45:07] [DEBUG] Frame processing START
[2025-12-24 10:45:07] [DEBUG] Raw gaze: x=0.416, y=0.404
[2025-12-24 10:45:07] [DEBUG] Combined gaze: x=0.407, y=0.343
[2025-12-24 10:45:07] [DEBUG] Frame processing START
[2025-12-24 10:45:07] [DEBUG] Raw gaze: x=0.409, y=0.394
[2025-12-24 10:45:07] [DEBUG] Combined gaze: x=0.403, y=0.335
[2025-12-24 10:45:07] [DEBUG] Frame processing START
[2025-12-24 10:45:07] [DEBUG] Raw gaze: x=0.423, y=0.370
[2025-12-24 10:45:07] [DEBUG] Combined gaze: x=0.416, y=0.315
[2025-12-24 10:45:07] [DEBUG] Frame processing START
[2025-12-24 10:45:07] [DEBUG] Raw gaze: x=0.473, y=0.397
[2025-12-24 10:45:07] [DEBUG] Combined gaze: x=0.457, y=0.337
[2025-12-24 10:45:07] [DEBUG] Frame processing START
[2025-12-24 10:45:07] [DEBUG] Raw gaze: x=0.456, y=0.406
[2025-12-24 10:45:07] [DEBUG] Combined gaze: x=0.444, y=0.345
[2025-12-24 10:45:07] [DEBUG] Frame processing START
[2025-12-24 10:45:07] [DEBUG] Raw gaze: x=0.422, y=0.401
[2025-12-24 10:45:07] [DEBUG] Combined gaze: x=0.415, y=0.341
[2025-12-24 10:45:07] [DEBUG] Frame processing START
[2025-12-24 10:45:07] [DEBUG] Raw gaze: x=0.427, y=0.385
[2025-12-24 10:45:07] [DEBUG] Combined gaze: x=0.425, y=0.327
[2025-12-24 10:45:07] [DEBUG] Frame processing START
[2025-12-24 10:45:07] [DEBUG] Raw gaze: x=0.448, y=0.405
[2025-12-24 10:45:07] [DEBUG] Combined gaze: x=0.446, y=0.344
[2025-12-24 10:45:07] [DEBUG] Frame processing START
[2025-12-24 10:45:07] [DEBUG] Raw gaze: x=0.446, y=0.382
[2025-12-24 10:45:07] [DEBUG] Combined gaze: x=0.440, y=0.325
[2025-12-24 10:45:07] [DEBUG] Frame processing START
[2025-12-24 10:45:07] [DEBUG] Raw gaze: x=0.443, y=0.380
[2025-12-24 10:45:07] [DEBUG] Combined gaze: x=0.435, y=0.323
[2025-12-24 10:45:07] [DEBUG] Frame processing START
[2025-12-24 10:45:07] [DEBUG] Raw gaze: x=0.439, y=0.386
[2025-12-24 10:45:07] [DEBUG] Combined gaze: x=0.429, y=0.328
[2025-12-24 10:45:07] [DEBUG] Frame processing START
[2025-12-24 10:45:07] [DEBUG] Raw gaze: x=0.425, y=0.383
[2025-12-24 10:45:07] [DEBUG] Combined gaze: x=0.416, y=0.326
[2025-12-24 10:45:07] [DEBUG] Frame processing START
[2025-12-24 10:45:07] [DEBUG] Raw gaze: x=0.436, y=0.368
[2025-12-24 10:45:07] [DEBUG] Combined gaze: x=0.424, y=0.313
[2025-12-24 10:45:07] [DEBUG] Frame processing START
[2025-12-24 10:45:07] [DEBUG] Raw gaze: x=0.442, y=0.370
[2025-12-24 10:45:07] [DEBUG] Combined gaze: x=0.430, y=0.314
[2025-12-24 10:45:07] [DEBUG] Frame processing START
[2025-12-24 10:45:07] [DEBUG] Raw gaze: x=0.431, y=0.366
[2025-12-24 10:45:07] [DEBUG] Combined gaze: x=0.420, y=0.311
[2025-12-24 10:45:07] [DEBUG] Frame processing START
[2025-12-24 10:45:07] [DEBUG] Raw gaze: x=0.420, y=0.343
[2025-12-24 10:45:07] [DEBUG] Combined gaze: x=0.414, y=0.292
[2025-12-24 10:45:07] [DEBUG] Frame processing START
[2025-12-24 10:45:07] [DEBUG] Raw gaze: x=0.374, y=0.343
[2025-12-24 10:45:07] [DEBUG] Combined gaze: x=0.374, y=0.291
[2025-12-24 10:45:07] [DEBUG] Frame processing START
[2025-12-24 10:45:07] [DEBUG] Raw gaze: x=0.435, y=0.404
[2025-12-24 10:45:07] [DEBUG] Combined gaze: x=0.426, y=0.344
[2025-12-24 10:45:07] [DEBUG] Frame processing START
[2025-12-24 10:45:07] [DEBUG] Raw gaze: x=0.398, y=0.394
[2025-12-24 10:45:07] [DEBUG] Combined gaze: x=0.395, y=0.335
[2025-12-24 10:45:08] [DEBUG] Frame processing START
[2025-12-24 10:45:08] [DEBUG] Raw gaze: x=0.421, y=0.400
[2025-12-24 10:45:08] [DEBUG] Combined gaze: x=0.414, y=0.340
[2025-12-24 10:45:08] [DEBUG] Frame processing START
[2025-12-24 10:45:08] [DEBUG] Raw gaze: x=0.416, y=0.401
[2025-12-24 10:45:08] [DEBUG] Combined gaze: x=0.409, y=0.341
[2025-12-24 10:45:08] [DEBUG] Frame processing START
[2025-12-24 10:45:08] [DEBUG] Raw gaze: x=0.482, y=0.414
[2025-12-24 10:45:08] [DEBUG] Combined gaze: x=0.465, y=0.352
[2025-12-24 10:45:08] [DEBUG] Frame processing START
[2025-12-24 10:45:08] [DEBUG] Raw gaze: x=0.485, y=0.426
[2025-12-24 10:45:08] [DEBUG] Combined gaze: x=0.467, y=0.362
[2025-12-24 10:45:08] [DEBUG] Frame processing START
[2025-12-24 10:45:08] [DEBUG] Raw gaze: x=0.422, y=0.296
[2025-12-24 10:45:08] [DEBUG] Combined gaze: x=0.413, y=0.251
[2025-12-24 10:45:08] [DEBUG] Frame processing START
[2025-12-24 10:45:08] [DEBUG] Raw gaze: x=0.433, y=0.269
[2025-12-24 10:45:08] [DEBUG] Combined gaze: x=0.422, y=0.228
[2025-12-24 10:45:08] [DEBUG] Frame processing START
[2025-12-24 10:45:08] [DEBUG] Raw gaze: x=0.479, y=0.392
[2025-12-24 10:45:08] [DEBUG] Combined gaze: x=0.462, y=0.333
[2025-12-24 10:45:08] [DEBUG] Frame processing START
[2025-12-24 10:45:08] [DEBUG] Raw gaze: x=0.446, y=0.422
[2025-12-24 10:45:08] [DEBUG] Combined gaze: x=0.433, y=0.359
[2025-12-24 10:45:08] [DEBUG] Frame processing START
[2025-12-24 10:45:08] [DEBUG] Raw gaze: x=0.395, y=0.333
[2025-12-24 10:45:08] [DEBUG] Combined gaze: x=0.391, y=0.283
[2025-12-24 10:45:08] [DEBUG] Frame processing START
[2025-12-24 10:45:08] [DEBUG] Raw gaze: x=0.377, y=0.374
[2025-12-24 10:45:08] [DEBUG] Combined gaze: x=0.377, y=0.318
[2025-12-24 10:45:08] [DEBUG] Frame processing START
[2025-12-24 10:45:08] [DEBUG] Raw gaze: x=0.410, y=0.385
[2025-12-24 10:45:08] [DEBUG] Combined gaze: x=0.406, y=0.327
[2025-12-24 10:45:08] [DEBUG] Frame processing START
[2025-12-24 10:45:08] [DEBUG] Raw gaze: x=0.434, y=0.395
[2025-12-24 10:45:08] [DEBUG] Combined gaze: x=0.425, y=0.336
[2025-12-24 10:45:08] [DEBUG] Frame processing START
[2025-12-24 10:45:08] [DEBUG] Raw gaze: x=0.439, y=0.401
[2025-12-24 10:45:08] [DEBUG] Combined gaze: x=0.430, y=0.341
[2025-12-24 10:45:08] [DEBUG] Frame processing START
[2025-12-24 10:45:08] [DEBUG] Raw gaze: x=0.423, y=0.400
[2025-12-24 10:45:08] [DEBUG] Combined gaze: x=0.414, y=0.340
[2025-12-24 10:45:08] [DEBUG] Frame processing START
[2025-12-24 10:45:08] [DEBUG] Raw gaze: x=0.405, y=0.370
[2025-12-24 10:45:08] [DEBUG] Combined gaze: x=0.399, y=0.315
[2025-12-24 10:45:08] [DEBUG] Frame processing START
[2025-12-24 10:45:08] [DEBUG] Raw gaze: x=0.414, y=0.378
[2025-12-24 10:45:08] [DEBUG] Combined gaze: x=0.407, y=0.322
[2025-12-24 10:45:08] [DEBUG] Frame processing START
[2025-12-24 10:45:08] [DEBUG] Raw gaze: x=0.436, y=0.408
[2025-12-24 10:45:08] [DEBUG] Combined gaze: x=0.425, y=0.347
[2025-12-24 10:45:08] [DEBUG] Frame processing START
[2025-12-24 10:45:08] [DEBUG] Raw gaze: x=0.451, y=0.432
[2025-12-24 10:45:08] [DEBUG] Combined gaze: x=0.437, y=0.367
[2025-12-24 10:45:08] [DEBUG] Frame processing START
[2025-12-24 10:45:08] [DEBUG] Raw gaze: x=0.400, y=0.400
[2025-12-24 10:45:08] [DEBUG] Combined gaze: x=0.395, y=0.340
[2025-12-24 10:45:08] [DEBUG] Frame processing START
[2025-12-24 10:45:09] [DEBUG] Raw gaze: x=0.382, y=0.331
[2025-12-24 10:45:09] [DEBUG] Combined gaze: x=0.380, y=0.281
[2025-12-24 10:45:09] [DEBUG] Frame processing START
[2025-12-24 10:45:09] [DEBUG] Raw gaze: x=0.407, y=0.332
[2025-12-24 10:45:09] [DEBUG] Combined gaze: x=0.402, y=0.282
[2025-12-24 10:45:09] [DEBUG] Frame processing START
[2025-12-24 10:45:09] [DEBUG] Raw gaze: x=0.420, y=0.376
[2025-12-24 10:45:09] [DEBUG] Combined gaze: x=0.413, y=0.320
[2025-12-24 10:45:09] [DEBUG] Frame processing START
[2025-12-24 10:45:09] [DEBUG] Raw gaze: x=0.415, y=0.381
[2025-12-24 10:45:09] [DEBUG] Combined gaze: x=0.409, y=0.324
[2025-12-24 10:45:09] [DEBUG] Frame processing START
[2025-12-24 10:45:09] [DEBUG] Raw gaze: x=0.431, y=0.368
[2025-12-24 10:45:09] [DEBUG] Combined gaze: x=0.421, y=0.313
[2025-12-24 10:45:09] [DEBUG] Frame processing START
[2025-12-24 10:45:09] [DEBUG] Raw gaze: x=0.471, y=0.381
[2025-12-24 10:45:09] [DEBUG] Combined gaze: x=0.454, y=0.324
[2025-12-24 10:45:09] [DEBUG] Frame processing START
[2025-12-24 10:45:09] [DEBUG] Raw gaze: x=0.468, y=0.385
[2025-12-24 10:45:09] [DEBUG] Combined gaze: x=0.452, y=0.327
[2025-12-24 10:45:09] [DEBUG] Frame processing START
[2025-12-24 10:45:09] [DEBUG] Raw gaze: x=0.415, y=0.396
[2025-12-24 10:45:09] [DEBUG] Combined gaze: x=0.405, y=0.337
[2025-12-24 10:45:09] [DEBUG] Frame processing START
[2025-12-24 10:45:09] [DEBUG] Raw gaze: x=0.415, y=0.394
[2025-12-24 10:45:09] [DEBUG] Combined gaze: x=0.405, y=0.335
[2025-12-24 10:45:09] [DEBUG] Frame processing START
[2025-12-24 10:45:09] [DEBUG] Raw gaze: x=0.412, y=0.355
[2025-12-24 10:45:09] [DEBUG] Combined gaze: x=0.403, y=0.302
[2025-12-24 10:45:09] [DEBUG] Frame processing START
[2025-12-24 10:45:09] [DEBUG] Raw gaze: x=0.383, y=0.352
[2025-12-24 10:45:09] [DEBUG] Combined gaze: x=0.379, y=0.299
[2025-12-24 10:45:09] [DEBUG] Frame processing START
[2025-12-24 10:45:09] [DEBUG] Raw gaze: x=0.359, y=0.346
[2025-12-24 10:45:09] [DEBUG] Combined gaze: x=0.360, y=0.294
[2025-12-24 10:45:09] [DEBUG] Frame processing START
[2025-12-24 10:45:09] [DEBUG] Raw gaze: x=0.385, y=0.375
[2025-12-24 10:45:09] [DEBUG] Combined gaze: x=0.382, y=0.319
[2025-12-24 10:45:09] [DEBUG] Frame processing START
[2025-12-24 10:45:09] [DEBUG] Raw gaze: x=0.411, y=0.387
[2025-12-24 10:45:09] [DEBUG] Combined gaze: x=0.404, y=0.329
[2025-12-24 10:45:09] [DEBUG] Frame processing START
[2025-12-24 10:45:09] [DEBUG] Raw gaze: x=0.454, y=0.424
[2025-12-24 10:45:09] [DEBUG] Combined gaze: x=0.440, y=0.360
[2025-12-24 10:45:09] [DEBUG] Frame processing START
[2025-12-24 10:45:09] [DEBUG] Raw gaze: x=0.461, y=0.377
[2025-12-24 10:45:09] [DEBUG] Combined gaze: x=0.447, y=0.321
[2025-12-24 10:45:09] [DEBUG] Frame processing START
[2025-12-24 10:45:09] [DEBUG] Raw gaze: x=0.408, y=0.333
[2025-12-24 10:45:09] [DEBUG] Combined gaze: x=0.402, y=0.283
[2025-12-24 10:45:09] [DEBUG] Frame processing START
[2025-12-24 10:45:09] [DEBUG] Raw gaze: x=0.421, y=0.348
[2025-12-24 10:45:09] [DEBUG] Combined gaze: x=0.413, y=0.295
[2025-12-24 10:45:09] [DEBUG] Frame processing START
[2025-12-24 10:45:09] [DEBUG] Raw gaze: x=0.467, y=0.385
[2025-12-24 10:45:09] [DEBUG] Combined gaze: x=0.451, y=0.328
[2025-12-24 10:45:09] [DEBUG] Frame processing START
[2025-12-24 10:45:09] [DEBUG] Raw gaze: x=0.469, y=0.407
[2025-12-24 10:45:09] [DEBUG] Combined gaze: x=0.452, y=0.346
[2025-12-24 10:45:09] [DEBUG] Frame processing START
[2025-12-24 10:45:09] [DEBUG] Raw gaze: x=0.423, y=0.366
[2025-12-24 10:45:09] [DEBUG] Combined gaze: x=0.412, y=0.311
[2025-12-24 10:45:09] [DEBUG] Frame processing START
[2025-12-24 10:45:10] [DEBUG] Raw gaze: x=0.456, y=0.399
[2025-12-24 10:45:10] [DEBUG] Combined gaze: x=0.441, y=0.339
[2025-12-24 10:45:10] [DEBUG] Frame processing START
[2025-12-24 10:45:10] [DEBUG] Raw gaze: x=0.481, y=0.393
[2025-12-24 10:45:10] [DEBUG] Combined gaze: x=0.464, y=0.334
[2025-12-24 10:45:10] [DEBUG] Frame processing START
[2025-12-24 10:45:10] [DEBUG] Raw gaze: x=0.462, y=0.457
[2025-12-24 10:45:10] [DEBUG] Combined gaze: x=0.449, y=0.388
[2025-12-24 10:45:10] [DEBUG] Frame processing START
[2025-12-24 10:45:10] [DEBUG] Raw gaze: x=0.567, y=0.503
[2025-12-24 10:45:10] [DEBUG] Combined gaze: x=0.539, y=0.427
[2025-12-24 10:45:10] [DEBUG] Frame processing START
[2025-12-24 10:45:10] [DEBUG] Raw gaze: x=0.380, y=0.342
[2025-12-24 10:45:10] [DEBUG] Combined gaze: x=0.379, y=0.290
[2025-12-24 10:45:10] [DEBUG] Frame processing START
[2025-12-24 10:45:10] [DEBUG] Raw gaze: x=0.422, y=0.345
[2025-12-24 10:45:10] [DEBUG] Combined gaze: x=0.415, y=0.293
[2025-12-24 10:45:10] [DEBUG] Frame processing START
[2025-12-24 10:45:10] [DEBUG] Raw gaze: x=0.415, y=0.367
[2025-12-24 10:45:10] [DEBUG] Combined gaze: x=0.407, y=0.312
[2025-12-24 10:45:10] [DEBUG] Frame processing START
[2025-12-24 10:45:10] [DEBUG] Raw gaze: x=0.442, y=0.402
[2025-12-24 10:45:10] [DEBUG] Combined gaze: x=0.430, y=0.341
[2025-12-24 10:45:10] [DEBUG] Frame processing START
[2025-12-24 10:45:10] [DEBUG] Raw gaze: x=0.442, y=0.400
[2025-12-24 10:45:10] [DEBUG] Combined gaze: x=0.430, y=0.340
[2025-12-24 10:45:10] [DEBUG] Frame processing START
[2025-12-24 10:45:10] [DEBUG] Raw gaze: x=0.388, y=0.350
[2025-12-24 10:45:10] [DEBUG] Combined gaze: x=0.384, y=0.297
[2025-12-24 10:45:10] [DEBUG] Frame processing START
[2025-12-24 10:45:10] [DEBUG] Raw gaze: x=0.384, y=0.354
[2025-12-24 10:45:10] [DEBUG] Combined gaze: x=0.381, y=0.301
[2025-12-24 10:45:10] [DEBUG] Frame processing START
[2025-12-24 10:45:10] [DEBUG] Raw gaze: x=0.395, y=0.344
[2025-12-24 10:45:10] [DEBUG] Combined gaze: x=0.390, y=0.293
[2025-12-24 10:45:10] [DEBUG] Frame processing START
[2025-12-24 10:45:10] [DEBUG] Raw gaze: x=0.403, y=0.362
[2025-12-24 10:45:10] [DEBUG] Combined gaze: x=0.397, y=0.308
[2025-12-24 10:45:10] [DEBUG] Frame processing START
[2025-12-24 10:45:10] [DEBUG] Raw gaze: x=0.404, y=0.340
[2025-12-24 10:45:10] [DEBUG] Combined gaze: x=0.399, y=0.289
[2025-12-24 10:45:10] [DEBUG] Frame processing START
[2025-12-24 10:45:10] [DEBUG] Raw gaze: x=0.432, y=0.377
[2025-12-24 10:45:10] [DEBUG] Combined gaze: x=0.423, y=0.321
[2025-12-24 10:45:10] [DEBUG] Frame processing START
[2025-12-24 10:45:10] [DEBUG] Raw gaze: x=0.436, y=0.368
[2025-12-24 10:45:10] [DEBUG] Combined gaze: x=0.431, y=0.313
[2025-12-24 10:45:10] [DEBUG] Frame processing START
[2025-12-24 10:45:10] [DEBUG] Raw gaze: x=0.432, y=0.354
[2025-12-24 10:45:10] [DEBUG] Combined gaze: x=0.431, y=0.301
[2025-12-24 10:45:10] [DEBUG] Frame processing START
[2025-12-24 10:45:10] [DEBUG] Raw gaze: x=0.422, y=0.415
[2025-12-24 10:45:10] [DEBUG] Combined gaze: x=0.418, y=0.353
[2025-12-24 10:45:10] [DEBUG] Frame processing START
[2025-12-24 10:45:10] [DEBUG] Raw gaze: x=0.443, y=0.393
[2025-12-24 10:45:10] [DEBUG] Combined gaze: x=0.434, y=0.334
[2025-12-24 10:45:10] [DEBUG] Frame processing START
[2025-12-24 10:45:10] [DEBUG] Raw gaze: x=0.413, y=0.376
[2025-12-24 10:45:10] [DEBUG] Combined gaze: x=0.408, y=0.319
[2025-12-24 10:45:10] [DEBUG] Frame processing START
[2025-12-24 10:45:10] [DEBUG] Raw gaze: x=0.312, y=0.333
[2025-12-24 10:45:10] [DEBUG] Combined gaze: x=0.321, y=0.283
[2025-12-24 10:45:10] [DEBUG] Frame processing START
[2025-12-24 10:45:10] [DEBUG] Raw gaze: x=0.344, y=0.381
[2025-12-24 10:45:10] [DEBUG] Combined gaze: x=0.347, y=0.324
[2025-12-24 10:45:11] [DEBUG] Frame processing START
[2025-12-24 10:45:11] [DEBUG] Raw gaze: x=0.393, y=0.381
[2025-12-24 10:45:11] [DEBUG] Combined gaze: x=0.390, y=0.324
[2025-12-24 10:45:11] [DEBUG] Frame processing START
[2025-12-24 10:45:11] [DEBUG] Raw gaze: x=0.458, y=0.405
[2025-12-24 10:45:11] [DEBUG] Combined gaze: x=0.445, y=0.344
[2025-12-24 10:45:11] [DEBUG] Frame processing START
[2025-12-24 10:45:11] [DEBUG] Raw gaze: x=0.447, y=0.396
[2025-12-24 10:45:11] [DEBUG] Combined gaze: x=0.435, y=0.337
[2025-12-24 10:45:11] [DEBUG] Frame processing START
[2025-12-24 10:45:11] [DEBUG] Raw gaze: x=0.423, y=0.351
[2025-12-24 10:45:11] [DEBUG] Combined gaze: x=0.413, y=0.298
[2025-12-24 10:45:11] [DEBUG] Frame processing START
[2025-12-24 10:45:11] [DEBUG] Raw gaze: x=0.434, y=0.359
[2025-12-24 10:45:11] [DEBUG] Combined gaze: x=0.428, y=0.305
[2025-12-24 10:45:11] [DEBUG] Frame processing START
[2025-12-24 10:45:11] [DEBUG] Raw gaze: x=0.373, y=0.379
[2025-12-24 10:45:11] [DEBUG] Combined gaze: x=0.375, y=0.323
[2025-12-24 10:45:11] [DEBUG] Frame processing START
[2025-12-24 10:45:11] [DEBUG] Raw gaze: x=0.386, y=0.393
[2025-12-24 10:45:11] [DEBUG] Combined gaze: x=0.386, y=0.334
[2025-12-24 10:45:11] [DEBUG] Frame processing START
[2025-12-24 10:45:11] [DEBUG] Raw gaze: x=0.499, y=0.442
[2025-12-24 10:45:11] [DEBUG] Combined gaze: x=0.481, y=0.376
[2025-12-24 10:45:11] [DEBUG] Frame processing START
[2025-12-24 10:45:11] [DEBUG] Raw gaze: x=0.412, y=0.375
[2025-12-24 10:45:11] [DEBUG] Combined gaze: x=0.406, y=0.319
[2025-12-24 10:45:11] [DEBUG] Frame processing START
[2025-12-24 10:45:11] [DEBUG] Raw gaze: x=0.476, y=0.357
[2025-12-24 10:45:11] [DEBUG] Combined gaze: x=0.460, y=0.304
[2025-12-24 10:45:11] [DEBUG] Frame processing START
[2025-12-24 10:45:11] [DEBUG] Raw gaze: x=0.464, y=0.354
[2025-12-24 10:45:11] [DEBUG] Combined gaze: x=0.450, y=0.301
[2025-12-24 10:45:11] [DEBUG] Frame processing START
[2025-12-24 10:45:11] [DEBUG] Raw gaze: x=0.442, y=0.381
[2025-12-24 10:45:11] [DEBUG] Combined gaze: x=0.436, y=0.324
[2025-12-24 10:45:11] [DEBUG] Frame processing START
[2025-12-24 10:45:11] [DEBUG] Raw gaze: x=0.462, y=0.395
[2025-12-24 10:45:11] [DEBUG] Combined gaze: x=0.450, y=0.336
[2025-12-24 10:45:11] [DEBUG] Frame processing START
[2025-12-24 10:45:11] [DEBUG] Raw gaze: x=0.437, y=0.348
[2025-12-24 10:45:11] [DEBUG] Combined gaze: x=0.428, y=0.296
[2025-12-24 10:45:11] [DEBUG] Frame processing START
[2025-12-24 10:45:11] [DEBUG] Raw gaze: x=0.421, y=0.351
[2025-12-24 10:45:11] [DEBUG] Combined gaze: x=0.414, y=0.298
[2025-12-24 10:45:11] [DEBUG] Frame processing START
[2025-12-24 10:45:11] [DEBUG] Raw gaze: x=0.407, y=0.387
[2025-12-24 10:45:11] [DEBUG] Combined gaze: x=0.400, y=0.329
[2025-12-24 10:45:11] [DEBUG] Frame processing START
[2025-12-24 10:45:11] [DEBUG] Raw gaze: x=0.433, y=0.407
[2025-12-24 10:45:11] [DEBUG] Combined gaze: x=0.420, y=0.346
[2025-12-24 10:45:11] [DEBUG] Frame processing START
[2025-12-24 10:45:11] [DEBUG] Raw gaze: x=0.425, y=0.407
[2025-12-24 10:45:11] [DEBUG] Combined gaze: x=0.413, y=0.346
[2025-12-24 10:45:11] [DEBUG] Frame processing START
[2025-12-24 10:45:11] [DEBUG] Raw gaze: x=0.444, y=0.398
[2025-12-24 10:45:11] [DEBUG] Combined gaze: x=0.430, y=0.338
[2025-12-24 10:45:11] [DEBUG] Frame processing START
[2025-12-24 10:45:11] [DEBUG] Raw gaze: x=0.434, y=0.389
[2025-12-24 10:45:11] [DEBUG] Combined gaze: x=0.421, y=0.331
[2025-12-24 10:45:11] [DEBUG] Frame processing START
[2025-12-24 10:45:11] [DEBUG] Raw gaze: x=0.468, y=0.402
[2025-12-24 10:45:11] [DEBUG] Combined gaze: x=0.452, y=0.341
[2025-12-24 10:45:11] [DEBUG] Frame processing START
[2025-12-24 10:45:11] [DEBUG] Raw gaze: x=0.459, y=0.422
[2025-12-24 10:45:11] [DEBUG] Combined gaze: x=0.445, y=0.358
[2025-12-24 10:45:11] [DEBUG] Frame processing START
[2025-12-24 10:45:12] [DEBUG] Raw gaze: x=0.449, y=0.427
[2025-12-24 10:45:12] [DEBUG] Combined gaze: x=0.437, y=0.363
[2025-12-24 10:45:12] [DEBUG] Frame processing START
[2025-12-24 10:45:12] [DEBUG] Raw gaze: x=0.421, y=0.384
[2025-12-24 10:45:12] [DEBUG] Combined gaze: x=0.414, y=0.326
[2025-12-24 10:45:12] [DEBUG] Frame processing START
[2025-12-24 10:45:12] [DEBUG] Raw gaze: x=0.415, y=0.387
[2025-12-24 10:45:12] [DEBUG] Combined gaze: x=0.411, y=0.329
[2025-12-24 10:45:12] [DEBUG] Frame processing START
[2025-12-24 10:45:12] [DEBUG] Raw gaze: x=0.410, y=0.344
[2025-12-24 10:45:12] [DEBUG] Combined gaze: x=0.406, y=0.292
[2025-12-24 10:45:12] [DEBUG] Frame processing START
[2025-12-24 10:45:12] [DEBUG] Raw gaze: x=0.395, y=0.378
[2025-12-24 10:45:12] [DEBUG] Combined gaze: x=0.393, y=0.322
[2025-12-24 10:45:12] [DEBUG] Frame processing START
[2025-12-24 10:45:12] [DEBUG] Raw gaze: x=0.373, y=0.358
[2025-12-24 10:45:12] [DEBUG] Combined gaze: x=0.374, y=0.304
[2025-12-24 10:45:12] [DEBUG] Frame processing START
[2025-12-24 10:45:12] [DEBUG] Raw gaze: x=0.421, y=0.356
[2025-12-24 10:45:12] [DEBUG] Combined gaze: x=0.415, y=0.303
[2025-12-24 10:45:12] [DEBUG] Frame processing START
[2025-12-24 10:45:12] [DEBUG] Raw gaze: x=0.404, y=0.346
[2025-12-24 10:45:12] [DEBUG] Combined gaze: x=0.400, y=0.294
[2025-12-24 10:45:12] [DEBUG] Frame processing START
[2025-12-24 10:45:12] [DEBUG] Raw gaze: x=0.421, y=0.417
[2025-12-24 10:45:12] [DEBUG] Combined gaze: x=0.414, y=0.354
[2025-12-24 10:45:12] [DEBUG] Frame processing START
[2025-12-24 10:45:12] [DEBUG] Raw gaze: x=0.452, y=0.398
[2025-12-24 10:45:12] [DEBUG] Combined gaze: x=0.439, y=0.338
[2025-12-24 10:45:12] [DEBUG] Frame processing START
[2025-12-24 10:45:12] [DEBUG] Raw gaze: x=0.461, y=0.382
[2025-12-24 10:45:12] [DEBUG] Combined gaze: x=0.445, y=0.325
[2025-12-24 10:45:12] [DEBUG] Frame processing START
[2025-12-24 10:45:12] [DEBUG] Raw gaze: x=0.449, y=0.346
[2025-12-24 10:45:12] [DEBUG] Combined gaze: x=0.435, y=0.294
[2025-12-24 10:45:12] [DEBUG] Frame processing START
[2025-12-24 10:45:12] [DEBUG] Raw gaze: x=0.360, y=0.359
[2025-12-24 10:45:12] [DEBUG] Combined gaze: x=0.360, y=0.305
[2025-12-24 10:45:12] [DEBUG] Frame processing START
[2025-12-24 10:45:12] [DEBUG] Raw gaze: x=0.383, y=0.347
[2025-12-24 10:45:12] [DEBUG] Combined gaze: x=0.380, y=0.295
[2025-12-24 10:45:12] [DEBUG] Frame processing START
[2025-12-24 10:45:12] [DEBUG] Raw gaze: x=0.451, y=0.395
[2025-12-24 10:45:12] [DEBUG] Combined gaze: x=0.438, y=0.335
[2025-12-24 10:45:12] [DEBUG] Frame processing START
[2025-12-24 10:45:12] [DEBUG] Raw gaze: x=0.438, y=0.373
[2025-12-24 10:45:12] [DEBUG] Combined gaze: x=0.427, y=0.317
[2025-12-24 10:45:12] [DEBUG] Frame processing START
[2025-12-24 10:45:12] [DEBUG] Raw gaze: x=0.460, y=0.374
[2025-12-24 10:45:12] [DEBUG] Combined gaze: x=0.446, y=0.318
[2025-12-24 10:45:12] [DEBUG] Frame processing START
[2025-12-24 10:45:12] [DEBUG] Raw gaze: x=0.388, y=0.376
[2025-12-24 10:45:12] [DEBUG] Combined gaze: x=0.385, y=0.320
[2025-12-24 10:45:12] [DEBUG] Frame processing START
[2025-12-24 10:45:13] [DEBUG] Raw gaze: x=0.386, y=0.378
[2025-12-24 10:45:13] [DEBUG] Combined gaze: x=0.383, y=0.322
[2025-12-24 10:45:13] [DEBUG] Frame processing START
[2025-12-24 10:45:13] [DEBUG] Raw gaze: x=0.427, y=0.396
[2025-12-24 10:45:13] [DEBUG] Combined gaze: x=0.419, y=0.336
[2025-12-24 10:45:13] [DEBUG] Frame processing START
[2025-12-24 10:45:13] [DEBUG] Raw gaze: x=0.418, y=0.385
[2025-12-24 10:45:13] [DEBUG] Combined gaze: x=0.413, y=0.327
[2025-12-24 10:45:13] [DEBUG] Frame processing START
[2025-12-24 10:45:13] [DEBUG] Raw gaze: x=0.427, y=0.392
[2025-12-24 10:45:13] [DEBUG] Combined gaze: x=0.419, y=0.333
[2025-12-24 10:45:13] [DEBUG] Frame processing START
[2025-12-24 10:45:13] [DEBUG] Raw gaze: x=0.407, y=0.251
[2025-12-24 10:45:13] [DEBUG] Combined gaze: x=0.401, y=0.214
[2025-12-24 10:45:13] [DEBUG] Frame processing START
[2025-12-24 10:45:13] [DEBUG] Raw gaze: x=0.394, y=0.247
[2025-12-24 10:45:13] [DEBUG] Combined gaze: x=0.392, y=0.210
[2025-12-24 10:45:13] [DEBUG] Frame processing START
[2025-12-24 10:45:13] [DEBUG] Raw gaze: x=0.437, y=0.360
[2025-12-24 10:45:13] [DEBUG] Combined gaze: x=0.426, y=0.306
[2025-12-24 10:45:13] [DEBUG] Frame processing START
[2025-12-24 10:45:13] [DEBUG] Raw gaze: x=0.458, y=0.397
[2025-12-24 10:45:13] [DEBUG] Combined gaze: x=0.443, y=0.337
[2025-12-24 10:45:13] [DEBUG] Frame processing START
[2025-12-24 10:45:13] [DEBUG] Raw gaze: x=0.436, y=0.374
[2025-12-24 10:45:13] [DEBUG] Combined gaze: x=0.425, y=0.318
[2025-12-24 10:45:13] [DEBUG] Frame processing START
[2025-12-24 10:45:13] [DEBUG] Raw gaze: x=0.447, y=0.389
[2025-12-24 10:45:13] [DEBUG] Combined gaze: x=0.435, y=0.331
[2025-12-24 10:45:13] [DEBUG] Frame processing START
[2025-12-24 10:45:13] [DEBUG] Raw gaze: x=0.422, y=0.404
[2025-12-24 10:45:13] [DEBUG] Combined gaze: x=0.412, y=0.343
[2025-12-24 10:45:13] [DEBUG] Frame processing START
[2025-12-24 10:45:13] [DEBUG] Raw gaze: x=0.433, y=0.421
[2025-12-24 10:45:13] [DEBUG] Combined gaze: x=0.420, y=0.358
[2025-12-24 10:45:13] [DEBUG] Frame processing START
[2025-12-24 10:45:13] [DEBUG] Raw gaze: x=0.467, y=0.345
[2025-12-24 10:45:13] [DEBUG] Combined gaze: x=0.450, y=0.293
[2025-12-24 10:45:13] [DEBUG] Frame processing START
[2025-12-24 10:45:13] [DEBUG] Raw gaze: x=0.429, y=0.306
[2025-12-24 10:45:13] [DEBUG] Combined gaze: x=0.418, y=0.260
[2025-12-24 10:45:13] [DEBUG] Frame processing START
[2025-12-24 10:45:13] [DEBUG] Raw gaze: x=0.422, y=0.383
[2025-12-24 10:45:13] [DEBUG] Combined gaze: x=0.413, y=0.325
[2025-12-24 10:45:13] [DEBUG] Frame processing START
[2025-12-24 10:45:13] [DEBUG] Raw gaze: x=0.439, y=0.412
[2025-12-24 10:45:13] [DEBUG] Combined gaze: x=0.428, y=0.350
[2025-12-24 10:45:13] [DEBUG] Frame processing START
[2025-12-24 10:45:13] [DEBUG] Raw gaze: x=0.413, y=0.409
[2025-12-24 10:45:13] [DEBUG] Combined gaze: x=0.407, y=0.348
[2025-12-24 10:45:13] [DEBUG] Frame processing START
[2025-12-24 10:45:13] [DEBUG] Raw gaze: x=0.408, y=0.398
[2025-12-24 10:45:13] [DEBUG] Combined gaze: x=0.403, y=0.338
[2025-12-24 10:45:13] [DEBUG] Frame processing START
[2025-12-24 10:45:13] [DEBUG] Raw gaze: x=0.452, y=0.394
[2025-12-24 10:45:13] [DEBUG] Combined gaze: x=0.439, y=0.335
[2025-12-24 10:45:13] [DEBUG] Frame processing START
[2025-12-24 10:45:13] [DEBUG] Raw gaze: x=0.432, y=0.406
[2025-12-24 10:45:13] [DEBUG] Combined gaze: x=0.421, y=0.345
[2025-12-24 10:45:13] [DEBUG] Frame processing START
[2025-12-24 10:45:13] [DEBUG] Raw gaze: x=0.457, y=0.382
[2025-12-24 10:45:13] [DEBUG] Combined gaze: x=0.443, y=0.324
[2025-12-24 10:45:13] [DEBUG] Frame processing START
[2025-12-24 10:45:13] [DEBUG] Raw gaze: x=0.445, y=0.390
[2025-12-24 10:45:13] [DEBUG] Combined gaze: x=0.433, y=0.331
[2025-12-24 10:45:13] [DEBUG] Frame processing START
[2025-12-24 10:45:13] [DEBUG] Raw gaze: x=0.457, y=0.402
[2025-12-24 10:45:13] [DEBUG] Combined gaze: x=0.442, y=0.342
[2025-12-24 10:45:13] [DEBUG] Frame processing START
[2025-12-24 10:45:13] [DEBUG] Raw gaze: x=0.424, y=0.389
[2025-12-24 10:45:13] [DEBUG] Combined gaze: x=0.416, y=0.330
[2025-12-24 10:45:13] [DEBUG] Frame processing START
[2025-12-24 10:45:14] [DEBUG] Raw gaze: x=0.391, y=0.376
[2025-12-24 10:45:14] [DEBUG] Combined gaze: x=0.389, y=0.319
[2025-12-24 10:45:14] [DEBUG] Frame processing START
[2025-12-24 10:45:14] [DEBUG] Raw gaze: x=0.377, y=0.378
[2025-12-24 10:45:14] [DEBUG] Combined gaze: x=0.378, y=0.321
[2025-12-24 10:45:14] [DEBUG] Frame processing START
[2025-12-24 10:45:14] [DEBUG] Raw gaze: x=0.365, y=0.388
[2025-12-24 10:45:14] [DEBUG] Combined gaze: x=0.368, y=0.330
[2025-12-24 10:45:14] [DEBUG] Frame processing START
[2025-12-24 10:45:14] [DEBUG] Raw gaze: x=0.449, y=0.394
[2025-12-24 10:45:14] [DEBUG] Combined gaze: x=0.438, y=0.335
[2025-12-24 10:45:14] [DEBUG] Frame processing START
[2025-12-24 10:45:14] [DEBUG] Raw gaze: x=0.440, y=0.368
[2025-12-24 10:45:14] [DEBUG] Combined gaze: x=0.430, y=0.313
[2025-12-24 10:45:14] [DEBUG] Frame processing START
[2025-12-24 10:45:14] [DEBUG] Raw gaze: x=0.428, y=0.402
[2025-12-24 10:45:14] [DEBUG] Combined gaze: x=0.420, y=0.342
[2025-12-24 10:45:14] [DEBUG] Frame processing START
[2025-12-24 10:45:14] [DEBUG] Raw gaze: x=0.426, y=0.390
[2025-12-24 10:45:14] [DEBUG] Combined gaze: x=0.417, y=0.331
[2025-12-24 10:45:14] [DEBUG] Frame processing START
[2025-12-24 10:45:14] [DEBUG] Raw gaze: x=0.447, y=0.405
[2025-12-24 10:45:14] [DEBUG] Combined gaze: x=0.435, y=0.344
[2025-12-24 10:45:14] [DEBUG] Frame processing START
[2025-12-24 10:45:14] [DEBUG] Raw gaze: x=0.432, y=0.388
[2025-12-24 10:45:14] [DEBUG] Combined gaze: x=0.421, y=0.330
[2025-12-24 10:45:14] [DEBUG] Frame processing START
[2025-12-24 10:45:14] [DEBUG] Raw gaze: x=0.423, y=0.372
[2025-12-24 10:45:14] [DEBUG] Combined gaze: x=0.414, y=0.316
[2025-12-24 10:45:14] [DEBUG] Frame processing START
[2025-12-24 10:45:14] [DEBUG] Raw gaze: x=0.418, y=0.347
[2025-12-24 10:45:14] [DEBUG] Combined gaze: x=0.410, y=0.295
[2025-12-24 10:45:14] [DEBUG] Frame processing START
[2025-12-24 10:45:14] [DEBUG] Raw gaze: x=0.442, y=0.421
[2025-12-24 10:45:14] [DEBUG] Combined gaze: x=0.430, y=0.358
[2025-12-24 10:45:14] [DEBUG] Frame processing START
[2025-12-24 10:45:14] [DEBUG] Raw gaze: x=0.458, y=0.402
[2025-12-24 10:45:14] [DEBUG] Combined gaze: x=0.443, y=0.342
[2025-12-24 10:45:14] [DEBUG] Frame processing START
[2025-12-24 10:45:14] [DEBUG] Raw gaze: x=0.435, y=0.387
[2025-12-24 10:45:14] [DEBUG] Combined gaze: x=0.429, y=0.329
[2025-12-24 10:45:14] [DEBUG] Frame processing START
[2025-12-24 10:45:14] [DEBUG] Raw gaze: x=0.399, y=0.381
[2025-12-24 10:45:14] [DEBUG] Combined gaze: x=0.397, y=0.324
[2025-12-24 10:45:14] [DEBUG] Frame processing START
[2025-12-24 10:45:14] [DEBUG] Raw gaze: x=0.430, y=0.368
[2025-12-24 10:45:14] [DEBUG] Combined gaze: x=0.423, y=0.313
[2025-12-24 10:45:14] [DEBUG] Frame processing START
[2025-12-24 10:45:14] [DEBUG] Raw gaze: x=0.522, y=0.372
[2025-12-24 10:45:14] [DEBUG] Combined gaze: x=0.502, y=0.316
[2025-12-24 10:45:14] [DEBUG] Frame processing START
[2025-12-24 10:45:14] [DEBUG] Raw gaze: x=0.557, y=0.409
[2025-12-24 10:45:14] [DEBUG] Combined gaze: x=0.532, y=0.348
[2025-12-24 10:45:14] [DEBUG] Frame processing START
[2025-12-24 10:45:14] [DEBUG] Raw gaze: x=0.441, y=0.360
[2025-12-24 10:45:14] [DEBUG] Combined gaze: x=0.433, y=0.306
[2025-12-24 10:45:14] [DEBUG] Frame processing START
[2025-12-24 10:45:14] [DEBUG] Raw gaze: x=0.435, y=0.339
[2025-12-24 10:45:14] [DEBUG] Combined gaze: x=0.433, y=0.288
[2025-12-24 10:45:14] [DEBUG] Frame processing START
[2025-12-24 10:45:14] [DEBUG] Raw gaze: x=0.405, y=0.379
[2025-12-24 10:45:14] [DEBUG] Combined gaze: x=0.404, y=0.322
[2025-12-24 10:45:14] [DEBUG] Frame processing START
[2025-12-24 10:45:15] [DEBUG] Raw gaze: x=0.394, y=0.380
[2025-12-24 10:45:15] [DEBUG] Combined gaze: x=0.392, y=0.323
[2025-12-24 10:45:15] [DEBUG] Frame processing START
[2025-12-24 10:45:15] [DEBUG] Raw gaze: x=0.411, y=0.403
[2025-12-24 10:45:15] [DEBUG] Combined gaze: x=0.406, y=0.342
[2025-12-24 10:45:15] [DEBUG] Frame processing START
[2025-12-24 10:45:15] [DEBUG] Raw gaze: x=0.433, y=0.414
[2025-12-24 10:45:15] [DEBUG] Combined gaze: x=0.424, y=0.352
[2025-12-24 10:45:15] [DEBUG] Frame processing START
[2025-12-24 10:45:15] [DEBUG] Raw gaze: x=0.452, y=0.395
[2025-12-24 10:45:15] [DEBUG] Combined gaze: x=0.442, y=0.336
[2025-12-24 10:45:15] [DEBUG] Frame processing START
[2025-12-24 10:45:15] [DEBUG] Raw gaze: x=0.432, y=0.390
[2025-12-24 10:45:15] [DEBUG] Combined gaze: x=0.425, y=0.331
[2025-12-24 10:45:15] [DEBUG] Frame processing START
[2025-12-24 10:45:15] [DEBUG] Raw gaze: x=0.428, y=0.376
[2025-12-24 10:45:15] [DEBUG] Combined gaze: x=0.420, y=0.319
[2025-12-24 10:45:15] [DEBUG] Frame processing START
[2025-12-24 10:45:15] [DEBUG] Raw gaze: x=0.422, y=0.398
[2025-12-24 10:45:15] [DEBUG] Combined gaze: x=0.415, y=0.339
[2025-12-24 10:45:15] [DEBUG] Frame processing START
[2025-12-24 10:45:15] [DEBUG] Raw gaze: x=0.418, y=0.400
[2025-12-24 10:45:15] [DEBUG] Combined gaze: x=0.410, y=0.340
[2025-12-24 10:45:15] [DEBUG] Frame processing START
[2025-12-24 10:45:15] [DEBUG] Raw gaze: x=0.525, y=0.433
[2025-12-24 10:45:15] [DEBUG] Combined gaze: x=0.502, y=0.368
[2025-12-24 10:45:15] [DEBUG] Frame processing START
[2025-12-24 10:45:15] [DEBUG] Raw gaze: x=0.542, y=0.453
[2025-12-24 10:45:15] [DEBUG] Combined gaze: x=0.517, y=0.385
[2025-12-24 10:45:15] [DEBUG] Frame processing START
[2025-12-24 10:45:15] [DEBUG] Raw gaze: x=0.523, y=0.452
[2025-12-24 10:45:15] [DEBUG] Combined gaze: x=0.506, y=0.385
[2025-12-24 10:45:15] [DEBUG] Frame processing START
[2025-12-24 10:45:15] [DEBUG] Raw gaze: x=0.514, y=0.430
[2025-12-24 10:45:15] [DEBUG] Combined gaze: x=0.498, y=0.366
[2025-12-24 10:45:15] [DEBUG] Frame processing START
[2025-12-24 10:45:15] [DEBUG] Raw gaze: x=0.500, y=0.428
[2025-12-24 10:45:15] [DEBUG] Combined gaze: x=0.484, y=0.364
[2025-12-24 10:45:15] [DEBUG] Frame processing START
[2025-12-24 10:45:15] [DEBUG] Raw gaze: x=0.545, y=0.435
[2025-12-24 10:45:15] [DEBUG] Combined gaze: x=0.521, y=0.370
[2025-12-24 10:45:15] [DEBUG] Frame processing START
[2025-12-24 10:45:15] [DEBUG] Raw gaze: x=0.530, y=0.389
[2025-12-24 10:45:15] [DEBUG] Combined gaze: x=0.507, y=0.331
[2025-12-24 10:45:15] [DEBUG] Frame processing START
[2025-12-24 10:45:15] [DEBUG] Raw gaze: x=0.570, y=0.437
[2025-12-24 10:45:15] [DEBUG] Combined gaze: x=0.542, y=0.371
[2025-12-24 10:45:15] [DEBUG] Frame processing START
[2025-12-24 10:45:15] [DEBUG] Raw gaze: x=0.557, y=0.446
[2025-12-24 10:45:15] [DEBUG] Combined gaze: x=0.531, y=0.379
[2025-12-24 10:45:15] [DEBUG] Frame processing START
[2025-12-24 10:45:15] [DEBUG] Raw gaze: x=0.573, y=0.465
[2025-12-24 10:45:15] [DEBUG] Combined gaze: x=0.543, y=0.396
[2025-12-24 10:45:15] [DEBUG] Frame processing START
[2025-12-24 10:45:15] [DEBUG] Raw gaze: x=0.582, y=0.471
[2025-12-24 10:45:15] [DEBUG] Combined gaze: x=0.550, y=0.400
[2025-12-24 10:45:15] [DEBUG] Frame processing START
[2025-12-24 10:45:15] [DEBUG] Raw gaze: x=0.577, y=0.478
[2025-12-24 10:45:15] [DEBUG] Combined gaze: x=0.546, y=0.407
[2025-12-24 10:45:15] [DEBUG] Frame processing START
[2025-12-24 10:45:16] [DEBUG] Raw gaze: x=0.556, y=0.481
[2025-12-24 10:45:16] [DEBUG] Combined gaze: x=0.527, y=0.409
[2025-12-24 10:45:16] [DEBUG] Frame processing START
[2025-12-24 10:45:16] [DEBUG] Raw gaze: x=0.582, y=0.480
[2025-12-24 10:45:16] [DEBUG] Combined gaze: x=0.550, y=0.408
[2025-12-24 10:45:16] [DEBUG] Frame processing START
[2025-12-24 10:45:16] [DEBUG] Raw gaze: x=0.544, y=0.459
[2025-12-24 10:45:16] [DEBUG] Combined gaze: x=0.517, y=0.390
[2025-12-24 10:45:16] [DEBUG] Frame processing START
[2025-12-24 10:45:16] [DEBUG] Raw gaze: x=0.483, y=0.441
[2025-12-24 10:45:16] [DEBUG] Combined gaze: x=0.473, y=0.374
[2025-12-24 10:45:16] [DEBUG] Frame processing START
[2025-12-24 10:45:16] [DEBUG] Raw gaze: x=0.477, y=0.447
[2025-12-24 10:45:16] [DEBUG] Combined gaze: x=0.472, y=0.380
[2025-12-24 10:45:16] [DEBUG] Frame processing START
[2025-12-24 10:45:16] [DEBUG] Raw gaze: x=0.578, y=0.388
[2025-12-24 10:45:16] [DEBUG] Combined gaze: x=0.554, y=0.330
[2025-12-24 10:45:16] [DEBUG] Frame processing START
[2025-12-24 10:45:16] [DEBUG] Raw gaze: x=0.559, y=0.412
[2025-12-24 10:45:16] [DEBUG] Combined gaze: x=0.540, y=0.350
[2025-12-24 10:45:16] [DEBUG] Frame processing START
[2025-12-24 10:45:16] [DEBUG] Raw gaze: x=0.441, y=0.362
[2025-12-24 10:45:16] [DEBUG] Combined gaze: x=0.436, y=0.308
[2025-12-24 10:45:16] [DEBUG] Frame processing START
[2025-12-24 10:45:16] [DEBUG] Raw gaze: x=0.421, y=0.408
[2025-12-24 10:45:16] [DEBUG] Combined gaze: x=0.417, y=0.347
[2025-12-24 10:45:16] [DEBUG] Frame processing START
[2025-12-24 10:45:16] [DEBUG] Raw gaze: x=0.412, y=0.384
[2025-12-24 10:45:16] [DEBUG] Combined gaze: x=0.408, y=0.326
[2025-12-24 10:45:16] [DEBUG] Frame processing START
[2025-12-24 10:45:16] [DEBUG] Raw gaze: x=0.630, y=0.553
[2025-12-24 10:45:16] [DEBUG] Combined gaze: x=0.594, y=0.470
[2025-12-24 10:45:16] [DEBUG] Frame processing START
[2025-12-24 10:45:16] [DEBUG] Raw gaze: x=0.604, y=0.509
[2025-12-24 10:45:16] [DEBUG] Combined gaze: x=0.573, y=0.433
[2025-12-24 10:45:16] [DEBUG] Frame processing START
[2025-12-24 10:45:16] [DEBUG] Raw gaze: x=0.467, y=0.456
[2025-12-24 10:45:16] [DEBUG] Combined gaze: x=0.456, y=0.388
[2025-12-24 10:45:16] [DEBUG] Frame processing START
[2025-12-24 10:45:16] [DEBUG] Raw gaze: x=0.455, y=0.465
[2025-12-24 10:45:16] [DEBUG] Combined gaze: x=0.447, y=0.395
[2025-12-24 10:45:16] [DEBUG] Frame processing START
[2025-12-24 10:45:16] [DEBUG] Raw gaze: x=0.398, y=0.368
[2025-12-24 10:45:16] [DEBUG] Combined gaze: x=0.397, y=0.313
[2025-12-24 10:45:16] [DEBUG] Frame processing START
[2025-12-24 10:45:16] [DEBUG] Raw gaze: x=0.451, y=0.405
[2025-12-24 10:45:16] [DEBUG] Combined gaze: x=0.442, y=0.344
[2025-12-24 10:45:16] [DEBUG] Frame processing START
[2025-12-24 10:45:16] [DEBUG] Raw gaze: x=0.437, y=0.402
[2025-12-24 10:45:16] [DEBUG] Combined gaze: x=0.430, y=0.341
[2025-12-24 10:45:16] [DEBUG] Frame processing START
[2025-12-24 10:45:16] [DEBUG] Raw gaze: x=0.391, y=0.414
[2025-12-24 10:45:16] [DEBUG] Combined gaze: x=0.388, y=0.352
[2025-12-24 10:45:16] [DEBUG] Frame processing START
[2025-12-24 10:45:16] [DEBUG] Raw gaze: x=0.378, y=0.371
[2025-12-24 10:45:16] [DEBUG] Combined gaze: x=0.375, y=0.315
[2025-12-24 10:45:16] [DEBUG] Frame processing START
[2025-12-24 10:45:16] [DEBUG] Raw gaze: x=0.371, y=0.383
[2025-12-24 10:45:16] [DEBUG] Combined gaze: x=0.376, y=0.326
[2025-12-24 10:45:16] [DEBUG] Frame processing START
[2025-12-24 10:45:17] [DEBUG] Raw gaze: x=0.423, y=0.390
[2025-12-24 10:45:17] [DEBUG] Combined gaze: x=0.419, y=0.331
[2025-12-24 10:45:17] [DEBUG] Frame processing START
[2025-12-24 10:45:17] [DEBUG] Raw gaze: x=0.428, y=0.393
[2025-12-24 10:45:17] [DEBUG] Combined gaze: x=0.422, y=0.334
[2025-12-24 10:45:17] [DEBUG] Frame processing START
[2025-12-24 10:45:17] [DEBUG] Raw gaze: x=0.452, y=0.353
[2025-12-24 10:45:17] [DEBUG] Combined gaze: x=0.442, y=0.300
[2025-12-24 10:45:17] [DEBUG] Frame processing START
[2025-12-24 10:45:17] [DEBUG] Raw gaze: x=0.478, y=0.362
[2025-12-24 10:45:17] [DEBUG] Combined gaze: x=0.463, y=0.308
[2025-12-24 10:45:17] [DEBUG] Frame processing START
[2025-12-24 10:45:17] [DEBUG] Raw gaze: x=0.440, y=0.366
[2025-12-24 10:45:17] [DEBUG] Combined gaze: x=0.431, y=0.311
[2025-12-24 10:45:17] [DEBUG] Frame processing START
[2025-12-24 10:45:17] [DEBUG] Raw gaze: x=0.461, y=0.382
[2025-12-24 10:45:17] [DEBUG] Combined gaze: x=0.450, y=0.325
[2025-12-24 10:45:17] [DEBUG] Frame processing START
[2025-12-24 10:45:17] [DEBUG] Raw gaze: x=0.465, y=0.391
[2025-12-24 10:45:17] [DEBUG] Combined gaze: x=0.452, y=0.332
[2025-12-24 10:45:17] [DEBUG] Frame processing START
[2025-12-24 10:45:17] [DEBUG] Raw gaze: x=0.447, y=0.395
[2025-12-24 10:45:17] [DEBUG] Combined gaze: x=0.435, y=0.336
[2025-12-24 10:45:17] [DEBUG] Frame processing START
[2025-12-24 10:45:17] [DEBUG] Raw gaze: x=0.426, y=0.363
[2025-12-24 10:45:17] [DEBUG] Combined gaze: x=0.418, y=0.309
[2025-12-24 10:45:17] [DEBUG] Frame processing START
[2025-12-24 10:45:17] [DEBUG] Raw gaze: x=0.403, y=0.399
[2025-12-24 10:45:17] [DEBUG] Combined gaze: x=0.398, y=0.339
[2025-12-24 10:45:17] [DEBUG] Frame processing START
[2025-12-24 10:45:17] [DEBUG] Raw gaze: x=0.437, y=0.403
[2025-12-24 10:45:17] [DEBUG] Combined gaze: x=0.428, y=0.342
[2025-12-24 10:45:17] [DEBUG] Frame processing START
[2025-12-24 10:45:17] [DEBUG] Raw gaze: x=0.448, y=0.395
[2025-12-24 10:45:17] [DEBUG] Combined gaze: x=0.436, y=0.336
[2025-12-24 10:45:17] [DEBUG] Frame processing START
[2025-12-24 10:45:17] [DEBUG] Raw gaze: x=0.456, y=0.398
[2025-12-24 10:45:17] [DEBUG] Combined gaze: x=0.442, y=0.338
[2025-12-24 10:45:17] [DEBUG] Frame processing START
[2025-12-24 10:45:17] [DEBUG] Raw gaze: x=0.453, y=0.425
[2025-12-24 10:45:17] [DEBUG] Combined gaze: x=0.441, y=0.361
[2025-12-24 10:45:17] [DEBUG] Frame processing START
[2025-12-24 10:45:17] [DEBUG] Raw gaze: x=0.443, y=0.414
[2025-12-24 10:45:17] [DEBUG] Combined gaze: x=0.433, y=0.352
[2025-12-24 10:45:17] [DEBUG] Frame processing START
[2025-12-24 10:45:17] [DEBUG] Raw gaze: x=0.383, y=0.342
[2025-12-24 10:45:17] [DEBUG] Combined gaze: x=0.383, y=0.291
[2025-12-24 10:45:17] [DEBUG] Frame processing START
[2025-12-24 10:45:17] [DEBUG] Raw gaze: x=0.405, y=0.424
[2025-12-24 10:45:17] [DEBUG] Combined gaze: x=0.400, y=0.360
[2025-12-24 10:45:17] [DEBUG] Frame processing START
[2025-12-24 10:45:17] [DEBUG] Raw gaze: x=0.409, y=0.374
[2025-12-24 10:45:17] [DEBUG] Combined gaze: x=0.403, y=0.318
[2025-12-24 10:45:17] [DEBUG] Frame processing START
[2025-12-24 10:45:17] [DEBUG] Raw gaze: x=0.402, y=0.407
[2025-12-24 10:45:17] [DEBUG] Combined gaze: x=0.396, y=0.346
[2025-12-24 10:45:17] [DEBUG] Frame processing START
[2025-12-24 10:45:17] [DEBUG] Raw gaze: x=0.389, y=0.375
[2025-12-24 10:45:17] [DEBUG] Combined gaze: x=0.385, y=0.318
[2025-12-24 10:45:17] [DEBUG] Frame processing START
[2025-12-24 10:45:17] [DEBUG] Raw gaze: x=0.455, y=0.434
[2025-12-24 10:45:17] [DEBUG] Combined gaze: x=0.442, y=0.369
[2025-12-24 10:45:18] [DEBUG] Frame processing START
[2025-12-24 10:45:18] [DEBUG] Raw gaze: x=0.408, y=0.342
[2025-12-24 10:45:18] [DEBUG] Combined gaze: x=0.404, y=0.291
[2025-12-24 10:45:18] [DEBUG] Frame processing START
[2025-12-24 10:45:18] [DEBUG] Raw gaze: x=0.402, y=0.361
[2025-12-24 10:45:18] [DEBUG] Combined gaze: x=0.399, y=0.307
[2025-12-24 10:45:18] [DEBUG] Frame processing START
[2025-12-24 10:45:18] [DEBUG] Raw gaze: x=0.396, y=0.381
[2025-12-24 10:45:18] [DEBUG] Combined gaze: x=0.393, y=0.324
[2025-12-24 10:45:18] [DEBUG] Frame processing START
[2025-12-24 10:45:18] [DEBUG] Raw gaze: x=0.382, y=0.364
[2025-12-24 10:45:18] [DEBUG] Combined gaze: x=0.381, y=0.309
[2025-12-24 10:45:18] [DEBUG] Frame processing START
[2025-12-24 10:45:18] [DEBUG] Raw gaze: x=0.391, y=0.362
[2025-12-24 10:45:18] [DEBUG] Combined gaze: x=0.388, y=0.308
[2025-12-24 10:45:18] [DEBUG] Frame processing START
[2025-12-24 10:45:18] [DEBUG] Raw gaze: x=0.420, y=0.392
[2025-12-24 10:45:18] [DEBUG] Combined gaze: x=0.413, y=0.333
[2025-12-24 10:45:18] [DEBUG] Frame processing START
[2025-12-24 10:45:18] [DEBUG] Raw gaze: x=0.583, y=0.611
[2025-12-24 10:45:18] [DEBUG] Combined gaze: x=0.551, y=0.520
[2025-12-24 10:45:18] [DEBUG] Frame processing START
[2025-12-24 10:45:18] [DEBUG] Raw gaze: x=0.415, y=0.430
[2025-12-24 10:45:18] [DEBUG] Combined gaze: x=0.409, y=0.365
[2025-12-24 10:45:18] [DEBUG] Frame processing START
[2025-12-24 10:45:18] [DEBUG] Raw gaze: x=0.428, y=0.470
[2025-12-24 10:45:18] [DEBUG] Combined gaze: x=0.420, y=0.400
[2025-12-24 10:45:18] [DEBUG] Frame processing START
[2025-12-24 10:45:18] [DEBUG] Raw gaze: x=0.451, y=0.473
[2025-12-24 10:45:18] [DEBUG] Combined gaze: x=0.439, y=0.402
[2025-12-24 10:45:18] [DEBUG] Frame processing START
[2025-12-24 10:45:18] [DEBUG] Raw gaze: x=0.414, y=0.379
[2025-12-24 10:45:18] [DEBUG] Combined gaze: x=0.408, y=0.322
[2025-12-24 10:45:18] [DEBUG] Frame processing START
[2025-12-24 10:45:18] [DEBUG] Raw gaze: x=0.427, y=0.364
[2025-12-24 10:45:18] [DEBUG] Combined gaze: x=0.418, y=0.309
[2025-12-24 10:45:18] [DEBUG] Frame processing START
[2025-12-24 10:45:18] [DEBUG] Raw gaze: x=0.414, y=0.370
[2025-12-24 10:45:18] [DEBUG] Combined gaze: x=0.407, y=0.315
[2025-12-24 10:45:18] [DEBUG] Frame processing START
[2025-12-24 10:45:18] [DEBUG] Raw gaze: x=0.382, y=0.393
[2025-12-24 10:45:18] [DEBUG] Combined gaze: x=0.379, y=0.334
[2025-12-24 10:45:18] [DEBUG] Frame processing START
[2025-12-24 10:45:18] [DEBUG] Raw gaze: x=0.438, y=0.389
[2025-12-24 10:45:18] [DEBUG] Combined gaze: x=0.426, y=0.331
[2025-12-24 10:45:18] [DEBUG] Frame processing START
[2025-12-24 10:45:18] [DEBUG] Raw gaze: x=0.448, y=0.388
[2025-12-24 10:45:18] [DEBUG] Combined gaze: x=0.434, y=0.329
[2025-12-24 10:45:18] [DEBUG] Frame processing START
[2025-12-24 10:45:18] [DEBUG] Raw gaze: x=0.451, y=0.407
[2025-12-24 10:45:18] [DEBUG] Combined gaze: x=0.437, y=0.346
[2025-12-24 10:45:18] [DEBUG] Frame processing START
[2025-12-24 10:45:18] [DEBUG] Raw gaze: x=0.441, y=0.390
[2025-12-24 10:45:18] [DEBUG] Combined gaze: x=0.429, y=0.331
[2025-12-24 10:45:18] [DEBUG] Frame processing START
[2025-12-24 10:45:18] [DEBUG] Raw gaze: x=0.450, y=0.424
[2025-12-24 10:45:18] [DEBUG] Combined gaze: x=0.436, y=0.360
[2025-12-24 10:45:18] [DEBUG] Frame processing START
[2025-12-24 10:45:18] [DEBUG] Raw gaze: x=0.427, y=0.384
[2025-12-24 10:45:18] [DEBUG] Combined gaze: x=0.418, y=0.326
[2025-12-24 10:45:18] [DEBUG] Frame processing START
[2025-12-24 10:45:19] [DEBUG] Raw gaze: x=0.448, y=0.395
[2025-12-24 10:45:19] [DEBUG] Combined gaze: x=0.436, y=0.336
[2025-12-24 10:45:19] [DEBUG] Frame processing START
[2025-12-24 10:45:19] [DEBUG] Raw gaze: x=0.452, y=0.402
[2025-12-24 10:45:19] [DEBUG] Combined gaze: x=0.439, y=0.342
[2025-12-24 10:45:19] [DEBUG] Frame processing START
[2025-12-24 10:45:19] [DEBUG] Raw gaze: x=0.427, y=0.376
[2025-12-24 10:45:19] [DEBUG] Combined gaze: x=0.418, y=0.319
[2025-12-24 10:45:19] [DEBUG] Frame processing START
[2025-12-24 10:45:19] [DEBUG] Raw gaze: x=0.419, y=0.418
[2025-12-24 10:45:19] [DEBUG] Combined gaze: x=0.411, y=0.355
[2025-12-24 10:45:19] [DEBUG] Frame processing START
[2025-12-24 10:45:19] [DEBUG] Raw gaze: x=0.446, y=0.430
[2025-12-24 10:45:19] [DEBUG] Combined gaze: x=0.433, y=0.366
[2025-12-24 10:45:19] [DEBUG] Frame processing START
[2025-12-24 10:45:19] [DEBUG] Raw gaze: x=0.447, y=0.449
[2025-12-24 10:45:19] [DEBUG] Combined gaze: x=0.434, y=0.381
[2025-12-24 10:45:19] [DEBUG] Frame processing START
[2025-12-24 10:45:19] [DEBUG] Raw gaze: x=0.465, y=0.463
[2025-12-24 10:45:19] [DEBUG] Combined gaze: x=0.449, y=0.393
[2025-12-24 10:45:19] [DEBUG] Frame processing START
[2025-12-24 10:45:19] [DEBUG] Raw gaze: x=0.414, y=0.378
[2025-12-24 10:45:19] [DEBUG] Combined gaze: x=0.407, y=0.322
[2025-12-24 10:45:19] [DEBUG] Frame processing START
[2025-12-24 10:45:19] [DEBUG] Raw gaze: x=0.499, y=0.543
[2025-12-24 10:45:19] [DEBUG] Combined gaze: x=0.483, y=0.461
[2025-12-24 10:45:19] [DEBUG] Frame processing START
[2025-12-24 10:45:19] [DEBUG] Raw gaze: x=0.434, y=0.512
[2025-12-24 10:45:19] [DEBUG] Combined gaze: x=0.429, y=0.435
[2025-12-24 10:45:19] [DEBUG] Frame processing START
[2025-12-24 10:45:19] [DEBUG] Raw gaze: x=0.420, y=0.501
[2025-12-24 10:45:19] [DEBUG] Combined gaze: x=0.421, y=0.426
[2025-12-24 10:45:19] [DEBUG] Frame processing START
[2025-12-24 10:45:19] [DEBUG] Raw gaze: x=0.505, y=0.414
[2025-12-24 10:45:19] [DEBUG] Combined gaze: x=0.497, y=0.352
[2025-12-24 10:45:19] [DEBUG] Frame processing START
[2025-12-24 10:45:19] [DEBUG] Raw gaze: x=0.373, y=0.510
[2025-12-24 10:45:19] [DEBUG] Combined gaze: x=0.388, y=0.434
[2025-12-24 10:45:19] [DEBUG] Frame processing START
[2025-12-24 10:45:19] [DEBUG] Raw gaze: x=0.451, y=0.522
[2025-12-24 10:45:19] [DEBUG] Combined gaze: x=0.459, y=0.496
[2025-12-24 10:45:19] [DEBUG] Frame processing START
[2025-12-24 10:45:19] [DEBUG] Raw gaze: x=0.441, y=0.535
[2025-12-24 10:45:19] [DEBUG] Combined gaze: x=0.453, y=0.562
[2025-12-24 10:45:19] [DEBUG] Frame processing START
[2025-12-24 10:45:19] [DEBUG] Raw gaze: x=0.436, y=0.551
[2025-12-24 10:45:19] [DEBUG] Combined gaze: x=0.448, y=0.516
[2025-12-24 10:45:19] [INFO] Calibration trigger at point 2
[2025-12-24 10:45:19] [DEBUG] Frame processing START
[2025-12-24 10:45:19] [DEBUG] Raw gaze: x=0.409, y=0.584
[2025-12-24 10:45:19] [DEBUG] Combined gaze: x=0.426, y=0.509
[2025-12-24 10:45:19] [DEBUG] Frame processing START
[2025-12-24 10:45:19] [DEBUG] Raw gaze: x=0.463, y=0.453
[2025-12-24 10:45:19] [DEBUG] Combined gaze: x=0.470, y=0.385
[2025-12-24 10:45:19] [DEBUG] Frame processing START
[2025-12-24 10:45:19] [DEBUG] Raw gaze: x=0.465, y=0.491
[2025-12-24 10:45:19] [DEBUG] Combined gaze: x=0.466, y=0.418
[2025-12-24 10:45:19] [DEBUG] Frame processing START
[2025-12-24 10:45:19] [DEBUG] Raw gaze: x=0.448, y=0.490
[2025-12-24 10:45:19] [DEBUG] Combined gaze: x=0.448, y=0.416
[2025-12-24 10:45:19] [DEBUG] Frame processing START
[2025-12-24 10:45:20] [DEBUG] Raw gaze: x=0.479, y=0.504
[2025-12-24 10:45:20] [DEBUG] Combined gaze: x=0.474, y=0.428
[2025-12-24 10:45:20] [DEBUG] Frame processing START
[2025-12-24 10:45:20] [DEBUG] Raw gaze: x=0.475, y=0.475
[2025-12-24 10:45:20] [DEBUG] Combined gaze: x=0.469, y=0.404
[2025-12-24 10:45:20] [DEBUG] Frame processing START
[2025-12-24 10:45:20] [DEBUG] Raw gaze: x=0.498, y=0.481
[2025-12-24 10:45:20] [DEBUG] Combined gaze: x=0.489, y=0.409
[2025-12-24 10:45:20] [DEBUG] Frame processing START
[2025-12-24 10:45:20] [DEBUG] Raw gaze: x=0.506, y=0.493
[2025-12-24 10:45:20] [DEBUG] Combined gaze: x=0.496, y=0.419
[2025-12-24 10:45:20] [DEBUG] Frame processing START
[2025-12-24 10:45:20] [DEBUG] Raw gaze: x=0.489, y=0.501
[2025-12-24 10:45:20] [DEBUG] Combined gaze: x=0.483, y=0.426
[2025-12-24 10:45:20] [DEBUG] Frame processing START
[2025-12-24 10:45:20] [DEBUG] Raw gaze: x=0.494, y=0.504
[2025-12-24 10:45:20] [DEBUG] Combined gaze: x=0.487, y=0.428
[2025-12-24 10:45:20] [DEBUG] Frame processing START
[2025-12-24 10:45:20] [DEBUG] Raw gaze: x=0.480, y=0.482
[2025-12-24 10:45:20] [DEBUG] Combined gaze: x=0.473, y=0.410
[2025-12-24 10:45:20] [DEBUG] Frame processing START
[2025-12-24 10:45:20] [DEBUG] Raw gaze: x=0.476, y=0.437
[2025-12-24 10:45:20] [DEBUG] Combined gaze: x=0.469, y=0.371
[2025-12-24 10:45:20] [DEBUG] Frame processing START
[2025-12-24 10:45:20] [DEBUG] Raw gaze: x=0.483, y=0.465
[2025-12-24 10:45:20] [DEBUG] Combined gaze: x=0.474, y=0.395
[2025-12-24 10:45:20] [DEBUG] Frame processing START
[2025-12-24 10:45:20] [DEBUG] Raw gaze: x=0.487, y=0.460
[2025-12-24 10:45:20] [DEBUG] Combined gaze: x=0.482, y=0.391
[2025-12-24 10:45:20] [DEBUG] Frame processing START
[2025-12-24 10:45:20] [DEBUG] Raw gaze: x=0.475, y=0.439
[2025-12-24 10:45:20] [DEBUG] Combined gaze: x=0.475, y=0.373
[2025-12-24 10:45:20] [DEBUG] Frame processing START
[2025-12-24 10:45:20] [DEBUG] Raw gaze: x=0.475, y=0.459
[2025-12-24 10:45:20] [DEBUG] Combined gaze: x=0.477, y=0.390
[2025-12-24 10:45:20] [DEBUG] Frame processing START
[2025-12-24 10:45:20] [DEBUG] Raw gaze: x=0.485, y=0.486
[2025-12-24 10:45:20] [DEBUG] Combined gaze: x=0.487, y=0.413
[2025-12-24 10:45:20] [DEBUG] Frame processing START
[2025-12-24 10:45:20] [DEBUG] Raw gaze: x=0.485, y=0.495
[2025-12-24 10:45:20] [DEBUG] Combined gaze: x=0.487, y=0.421
[2025-12-24 10:45:20] [DEBUG] Frame processing START
[2025-12-24 10:45:20] [DEBUG] Raw gaze: x=0.519, y=0.469
[2025-12-24 10:45:20] [DEBUG] Combined gaze: x=0.519, y=0.399
[2025-12-24 10:45:20] [DEBUG] Frame processing START
[2025-12-24 10:45:20] [DEBUG] Raw gaze: x=0.508, y=0.460
[2025-12-24 10:45:20] [DEBUG] Combined gaze: x=0.510, y=0.391
[2025-12-24 10:45:20] [DEBUG] Frame processing START
[2025-12-24 10:45:20] [DEBUG] Raw gaze: x=0.477, y=0.422
[2025-12-24 10:45:20] [DEBUG] Combined gaze: x=0.483, y=0.359
[2025-12-24 10:45:20] [DEBUG] Frame processing START
[2025-12-24 10:45:20] [DEBUG] Raw gaze: x=0.484, y=0.450
[2025-12-24 10:45:20] [DEBUG] Combined gaze: x=0.487, y=0.382
[2025-12-24 10:45:20] [DEBUG] Frame processing START
[2025-12-24 10:45:20] [DEBUG] Raw gaze: x=0.476, y=0.450
[2025-12-24 10:45:20] [DEBUG] Combined gaze: x=0.479, y=0.382
[2025-12-24 10:45:20] [DEBUG] Frame processing START
[2025-12-24 10:45:20] [DEBUG] Raw gaze: x=0.486, y=0.409
[2025-12-24 10:45:20] [DEBUG] Combined gaze: x=0.490, y=0.348
[2025-12-24 10:45:20] [DEBUG] Frame processing START
[2025-12-24 10:45:20] [DEBUG] Raw gaze: x=0.504, y=0.431
[2025-12-24 10:45:20] [DEBUG] Combined gaze: x=0.506, y=0.367
[2025-12-24 10:45:20] [DEBUG] Frame processing START
[2025-12-24 10:45:20] [DEBUG] Raw gaze: x=0.500, y=0.412
[2025-12-24 10:45:20] [DEBUG] Combined gaze: x=0.500, y=0.351
[2025-12-24 10:45:20] [DEBUG] Frame processing START
[2025-12-24 10:45:20] [DEBUG] Raw gaze: x=0.490, y=0.416
[2025-12-24 10:45:20] [DEBUG] Combined gaze: x=0.491, y=0.354
[2025-12-24 10:45:20] [DEBUG] Frame processing START
[2025-12-24 10:45:20] [DEBUG] Raw gaze: x=0.499, y=0.426
[2025-12-24 10:45:20] [DEBUG] Combined gaze: x=0.501, y=0.362
[2025-12-24 10:45:20] [DEBUG] Frame processing START
[2025-12-24 10:45:20] [DEBUG] Raw gaze: x=0.500, y=0.423
[2025-12-24 10:45:20] [DEBUG] Combined gaze: x=0.501, y=0.359
[2025-12-24 10:45:20] [DEBUG] Frame processing START
[2025-12-24 10:45:20] [DEBUG] Raw gaze: x=0.498, y=0.433
[2025-12-24 10:45:20] [DEBUG] Combined gaze: x=0.499, y=0.368
[2025-12-24 10:45:21] [DEBUG] Frame processing START
[2025-12-24 10:45:21] [DEBUG] Raw gaze: x=0.503, y=0.427
[2025-12-24 10:45:21] [DEBUG] Combined gaze: x=0.502, y=0.363
[2025-12-24 10:45:21] [DEBUG] Frame processing START
[2025-12-24 10:45:21] [DEBUG] Raw gaze: x=0.498, y=0.403
[2025-12-24 10:45:21] [DEBUG] Combined gaze: x=0.500, y=0.342
[2025-12-24 10:45:21] [DEBUG] Frame processing START
[2025-12-24 10:45:21] [DEBUG] Raw gaze: x=0.504, y=0.405
[2025-12-24 10:45:21] [DEBUG] Combined gaze: x=0.504, y=0.344
[2025-12-24 10:45:21] [DEBUG] Frame processing START
[2025-12-24 10:45:21] [DEBUG] Raw gaze: x=0.511, y=0.410
[2025-12-24 10:45:21] [DEBUG] Combined gaze: x=0.510, y=0.348
[2025-12-24 10:45:21] [DEBUG] Frame processing START
[2025-12-24 10:45:21] [DEBUG] Raw gaze: x=0.513, y=0.402
[2025-12-24 10:45:21] [DEBUG] Combined gaze: x=0.511, y=0.341
[2025-12-24 10:45:21] [DEBUG] Frame processing START
[2025-12-24 10:45:21] [DEBUG] Raw gaze: x=0.501, y=0.392
[2025-12-24 10:45:21] [DEBUG] Combined gaze: x=0.503, y=0.333
[2025-12-24 10:45:21] [DEBUG] Frame processing START
[2025-12-24 10:45:21] [DEBUG] Raw gaze: x=0.507, y=0.435
[2025-12-24 10:45:21] [DEBUG] Combined gaze: x=0.507, y=0.370
[2025-12-24 10:45:21] [DEBUG] Collected sample 20/20 for point 2
[2025-12-24 10:45:21] [INFO] Moving to calibration point 3
[2025-12-24 10:45:21] [DEBUG] Frame processing START
[2025-12-24 10:45:21] [DEBUG] Raw gaze: x=0.500, y=0.429
[2025-12-24 10:45:21] [DEBUG] Combined gaze: x=0.500, y=0.365
[2025-12-24 10:45:21] [DEBUG] Frame processing START
[2025-12-24 10:45:21] [DEBUG] Raw gaze: x=0.473, y=0.393
[2025-12-24 10:45:21] [DEBUG] Combined gaze: x=0.478, y=0.334
[2025-12-24 10:45:21] [DEBUG] Frame processing START
[2025-12-24 10:45:21] [DEBUG] Raw gaze: x=0.503, y=0.411
[2025-12-24 10:45:21] [DEBUG] Combined gaze: x=0.503, y=0.350
[2025-12-24 10:45:21] [DEBUG] Frame processing START
[2025-12-24 10:45:21] [DEBUG] Raw gaze: x=0.485, y=0.439
[2025-12-24 10:45:21] [DEBUG] Combined gaze: x=0.487, y=0.373
[2025-12-24 10:45:21] [DEBUG] Frame processing START
[2025-12-24 10:45:21] [DEBUG] Raw gaze: x=0.474, y=0.396
[2025-12-24 10:45:21] [DEBUG] Combined gaze: x=0.478, y=0.337
[2025-12-24 10:45:21] [DEBUG] Frame processing START
[2025-12-24 10:45:21] [DEBUG] Raw gaze: x=0.501, y=0.418
[2025-12-24 10:45:21] [DEBUG] Combined gaze: x=0.499, y=0.355
[2025-12-24 10:45:21] [DEBUG] Frame processing START
[2025-12-24 10:45:21] [DEBUG] Raw gaze: x=0.518, y=0.385
[2025-12-24 10:45:21] [DEBUG] Combined gaze: x=0.513, y=0.327
[2025-12-24 10:45:21] [DEBUG] Frame processing START
[2025-12-24 10:45:21] [DEBUG] Raw gaze: x=0.501, y=0.376
[2025-12-24 10:45:21] [DEBUG] Combined gaze: x=0.498, y=0.319
[2025-12-24 10:45:21] [DEBUG] Frame processing START
[2025-12-24 10:45:21] [DEBUG] Raw gaze: x=0.539, y=0.401
[2025-12-24 10:45:21] [DEBUG] Combined gaze: x=0.530, y=0.341
[2025-12-24 10:45:21] [DEBUG] Frame processing START
[2025-12-24 10:45:21] [DEBUG] Raw gaze: x=0.423, y=0.369
[2025-12-24 10:45:21] [DEBUG] Combined gaze: x=0.429, y=0.314
[2025-12-24 10:45:21] [DEBUG] Frame processing START
[2025-12-24 10:45:21] [DEBUG] Raw gaze: x=0.484, y=0.537
[2025-12-24 10:45:21] [DEBUG] Combined gaze: x=0.487, y=0.456
[2025-12-24 10:45:21] [DEBUG] Frame processing START
[2025-12-24 10:45:21] [DEBUG] Raw gaze: x=0.504, y=0.503
[2025-12-24 10:45:21] [DEBUG] Combined gaze: x=0.507, y=0.428
[2025-12-24 10:45:21] [DEBUG] Frame processing START
[2025-12-24 10:45:21] [DEBUG] Raw gaze: x=0.565, y=0.558
[2025-12-24 10:45:21] [DEBUG] Combined gaze: x=0.554, y=0.474
[2025-12-24 10:45:21] [DEBUG] Frame processing START
[2025-12-24 10:45:21] [DEBUG] Raw gaze: x=0.542, y=0.528
[2025-12-24 10:45:21] [DEBUG] Combined gaze: x=0.530, y=0.449
[2025-12-24 10:45:21] [DEBUG] Frame processing START
[2025-12-24 10:45:21] [DEBUG] Raw gaze: x=0.525, y=0.561
[2025-12-24 10:45:21] [DEBUG] Combined gaze: x=0.514, y=0.476
[2025-12-24 10:45:21] [DEBUG] Frame processing START
[2025-12-24 10:45:21] [DEBUG] Raw gaze: x=0.521, y=0.569
[2025-12-24 10:45:21] [DEBUG] Combined gaze: x=0.508, y=0.484
[2025-12-24 10:45:21] [DEBUG] Frame processing START
[2025-12-24 10:45:22] [DEBUG] Raw gaze: x=0.443, y=0.533
[2025-12-24 10:45:22] [DEBUG] Combined gaze: x=0.442, y=0.453
[2025-12-24 10:45:22] [DEBUG] Frame processing START
[2025-12-24 10:45:22] [DEBUG] Raw gaze: x=0.435, y=0.541
[2025-12-24 10:45:22] [DEBUG] Combined gaze: x=0.441, y=0.460
[2025-12-24 10:45:22] [DEBUG] Frame processing START
[2025-12-24 10:45:22] [DEBUG] Raw gaze: x=0.571, y=0.498
[2025-12-24 10:45:22] [DEBUG] Combined gaze: x=0.555, y=0.424
[2025-12-24 10:45:22] [DEBUG] Frame processing START
[2025-12-24 10:45:22] [DEBUG] Raw gaze: x=0.552, y=0.493
[2025-12-24 10:45:22] [DEBUG] Combined gaze: x=0.535, y=0.419
[2025-12-24 10:45:22] [DEBUG] Frame processing START
[2025-12-24 10:45:22] [DEBUG] Raw gaze: x=0.438, y=0.337
[2025-12-24 10:45:22] [DEBUG] Combined gaze: x=0.440, y=0.287
[2025-12-24 10:45:22] [DEBUG] Frame processing START
[2025-12-24 10:45:22] [DEBUG] Raw gaze: x=0.432, y=0.330
[2025-12-24 10:45:22] [DEBUG] Combined gaze: x=0.435, y=0.281
[2025-12-24 10:45:22] [DEBUG] Frame processing START
[2025-12-24 10:45:22] [DEBUG] Raw gaze: x=0.481, y=0.396
[2025-12-24 10:45:22] [DEBUG] Combined gaze: x=0.478, y=0.337
[2025-12-24 10:45:22] [DEBUG] Frame processing START
[2025-12-24 10:45:22] [DEBUG] Raw gaze: x=0.464, y=0.393
[2025-12-24 10:45:22] [DEBUG] Combined gaze: x=0.465, y=0.334
[2025-12-24 10:45:22] [DEBUG] Frame processing START
[2025-12-24 10:45:22] [DEBUG] Raw gaze: x=0.475, y=0.399
[2025-12-24 10:45:22] [DEBUG] Combined gaze: x=0.475, y=0.339
[2025-12-24 10:45:22] [DEBUG] Frame processing START
[2025-12-24 10:45:22] [DEBUG] Raw gaze: x=0.405, y=0.299
[2025-12-24 10:45:22] [DEBUG] Combined gaze: x=0.415, y=0.254
[2025-12-24 10:45:22] [DEBUG] Frame processing START
[2025-12-24 10:45:22] [DEBUG] Raw gaze: x=0.384, y=0.266
[2025-12-24 10:45:22] [DEBUG] Combined gaze: x=0.398, y=0.226
[2025-12-24 10:45:22] [DEBUG] Frame processing START
[2025-12-24 10:45:22] [DEBUG] Raw gaze: x=0.423, y=0.328
[2025-12-24 10:45:22] [DEBUG] Combined gaze: x=0.431, y=0.278
[2025-12-24 10:45:22] [DEBUG] Frame processing START
[2025-12-24 10:45:22] [DEBUG] Raw gaze: x=0.392, y=0.295
[2025-12-24 10:45:22] [DEBUG] Combined gaze: x=0.405, y=0.251
[2025-12-24 10:45:22] [DEBUG] Frame processing START
[2025-12-24 10:45:22] [DEBUG] Raw gaze: x=0.361, y=0.313
[2025-12-24 10:45:22] [DEBUG] Combined gaze: x=0.377, y=0.266
[2025-12-24 10:45:22] [DEBUG] Frame processing START
[2025-12-24 10:45:22] [DEBUG] Raw gaze: x=0.376, y=0.315
[2025-12-24 10:45:22] [DEBUG] Combined gaze: x=0.390, y=0.268
[2025-12-24 10:45:22] [DEBUG] Frame processing START
[2025-12-24 10:45:22] [DEBUG] Raw gaze: x=0.343, y=0.328
[2025-12-24 10:45:22] [DEBUG] Combined gaze: x=0.361, y=0.279
[2025-12-24 10:45:22] [DEBUG] Frame processing START
[2025-12-24 10:45:22] [DEBUG] Raw gaze: x=0.355, y=0.328
[2025-12-24 10:45:22] [DEBUG] Combined gaze: x=0.372, y=0.279
[2025-12-24 10:45:22] [DEBUG] Frame processing START
[2025-12-24 10:45:22] [DEBUG] Raw gaze: x=0.434, y=0.444
[2025-12-24 10:45:22] [DEBUG] Combined gaze: x=0.437, y=0.378
[2025-12-24 10:45:22] [DEBUG] Frame processing START
[2025-12-24 10:45:22] [DEBUG] Raw gaze: x=0.461, y=0.467
[2025-12-24 10:45:22] [DEBUG] Combined gaze: x=0.460, y=0.397
[2025-12-24 10:45:22] [DEBUG] Frame processing START
[2025-12-24 10:45:22] [DEBUG] Raw gaze: x=0.419, y=0.463
[2025-12-24 10:45:22] [DEBUG] Combined gaze: x=0.428, y=0.393
[2025-12-24 10:45:22] [DEBUG] Frame processing START
[2025-12-24 10:45:22] [DEBUG] Raw gaze: x=0.422, y=0.479
[2025-12-24 10:45:22] [DEBUG] Combined gaze: x=0.435, y=0.407
[2025-12-24 10:45:22] [DEBUG] Frame processing START
[2025-12-24 10:45:22] [DEBUG] Raw gaze: x=0.466, y=0.491
[2025-12-24 10:45:22] [DEBUG] Combined gaze: x=0.474, y=0.471
[2025-12-24 10:45:22] [DEBUG] Frame processing START
[2025-12-24 10:45:22] [DEBUG] Raw gaze: x=0.495, y=0.467
[2025-12-24 10:45:22] [DEBUG] Combined gaze: x=0.500, y=0.412
[2025-12-24 10:45:22] [DEBUG] Frame processing START
[2025-12-24 10:45:22] [DEBUG] Raw gaze: x=0.591, y=0.526
[2025-12-24 10:45:22] [DEBUG] Combined gaze: x=0.592, y=0.533
[2025-12-24 10:45:22] [DEBUG] Frame processing START
[2025-12-24 10:45:22] [DEBUG] Raw gaze: x=0.466, y=0.491
[2025-12-24 10:45:22] [DEBUG] Combined gaze: x=0.491, y=0.452
[2025-12-24 10:45:23] [DEBUG] Frame processing START
[2025-12-24 10:45:23] [DEBUG] Raw gaze: x=0.456, y=0.440
[2025-12-24 10:45:23] [DEBUG] Combined gaze: x=0.486, y=0.379
[2025-12-24 10:45:23] [DEBUG] Frame processing START
[2025-12-24 10:45:23] [DEBUG] Raw gaze: x=0.505, y=0.442
[2025-12-24 10:45:23] [DEBUG] Combined gaze: x=0.529, y=0.376
[2025-12-24 10:45:23] [DEBUG] Frame processing START
[2025-12-24 10:45:23] [DEBUG] Raw gaze: x=0.495, y=0.431
[2025-12-24 10:45:23] [DEBUG] Combined gaze: x=0.517, y=0.434
[2025-12-24 10:45:23] [DEBUG] Frame processing START
[2025-12-24 10:45:23] [DEBUG] Raw gaze: x=0.524, y=0.434
[2025-12-24 10:45:23] [DEBUG] Combined gaze: x=0.544, y=0.393
[2025-12-24 10:45:23] [DEBUG] Frame processing START
[2025-12-24 10:45:23] [DEBUG] Raw gaze: x=0.499, y=0.434
[2025-12-24 10:45:23] [DEBUG] Combined gaze: x=0.524, y=0.369
[2025-12-24 10:45:23] [DEBUG] Frame processing START
[2025-12-24 10:45:23] [DEBUG] Raw gaze: x=0.515, y=0.464
[2025-12-24 10:45:23] [DEBUG] Combined gaze: x=0.533, y=0.394
[2025-12-24 10:45:23] [DEBUG] Frame processing START
[2025-12-24 10:45:23] [DEBUG] Raw gaze: x=0.522, y=0.525
[2025-12-24 10:45:23] [DEBUG] Combined gaze: x=0.542, y=0.512
[2025-12-24 10:45:23] [DEBUG] Frame processing START
[2025-12-24 10:45:23] [DEBUG] Raw gaze: x=0.578, y=0.545
[2025-12-24 10:45:23] [DEBUG] Combined gaze: x=0.592, y=0.580
[2025-12-24 10:45:23] [DEBUG] Frame processing START
[2025-12-24 10:45:23] [DEBUG] Raw gaze: x=0.492, y=0.499
[2025-12-24 10:45:23] [DEBUG] Combined gaze: x=0.519, y=0.572
[2025-12-24 10:45:23] [DEBUG] Frame processing START
[2025-12-24 10:45:23] [DEBUG] Raw gaze: x=0.496, y=0.499
[2025-12-24 10:45:23] [DEBUG] Combined gaze: x=0.522, y=0.495
[2025-12-24 10:45:23] [DEBUG] Frame processing START
[2025-12-24 10:45:23] [DEBUG] Raw gaze: x=0.501, y=0.437
[2025-12-24 10:45:23] [DEBUG] Combined gaze: x=0.528, y=0.492
[2025-12-24 10:45:23] [DEBUG] Frame processing START
[2025-12-24 10:45:23] [DEBUG] Raw gaze: x=0.500, y=0.409
[2025-12-24 10:45:23] [DEBUG] Combined gaze: x=0.527, y=0.402
[2025-12-24 10:45:23] [DEBUG] Frame processing START
[2025-12-24 10:45:23] [DEBUG] Raw gaze: x=0.482, y=0.400
[2025-12-24 10:45:23] [DEBUG] Combined gaze: x=0.512, y=0.450
[2025-12-24 10:45:23] [DEBUG] Frame processing START
[2025-12-24 10:45:23] [DEBUG] Raw gaze: x=0.510, y=0.420
[2025-12-24 10:45:23] [DEBUG] Combined gaze: x=0.537, y=0.406
[2025-12-24 10:45:23] [DEBUG] Frame processing START
[2025-12-24 10:45:23] [DEBUG] Raw gaze: x=0.534, y=0.435
[2025-12-24 10:45:23] [DEBUG] Combined gaze: x=0.557, y=0.382
[2025-12-24 10:45:23] [DEBUG] Frame processing START
[2025-12-24 10:45:23] [DEBUG] Raw gaze: x=0.551, y=0.456
[2025-12-24 10:45:23] [DEBUG] Combined gaze: x=0.569, y=0.388
[2025-12-24 10:45:23] [DEBUG] Frame processing START
[2025-12-24 10:45:23] [DEBUG] Raw gaze: x=0.583, y=0.494
[2025-12-24 10:45:23] [DEBUG] Combined gaze: x=0.595, y=0.420
[2025-12-24 10:45:23] [DEBUG] Frame processing START
[2025-12-24 10:45:23] [DEBUG] Raw gaze: x=0.579, y=0.535
[2025-12-24 10:45:23] [DEBUG] Combined gaze: x=0.592, y=0.455
[2025-12-24 10:45:23] [DEBUG] Frame processing START
[2025-12-24 10:45:23] [DEBUG] Raw gaze: x=0.589, y=0.508
[2025-12-24 10:45:23] [DEBUG] Combined gaze: x=0.591, y=0.432
[2025-12-24 10:45:23] [DEBUG] Frame processing START
[2025-12-24 10:45:23] [DEBUG] Raw gaze: x=0.587, y=0.494
[2025-12-24 10:45:23] [DEBUG] Combined gaze: x=0.585, y=0.420
[2025-12-24 10:45:24] [DEBUG] Frame processing START
[2025-12-24 10:45:24] [DEBUG] Raw gaze: x=0.520, y=0.513
[2025-12-24 10:45:24] [DEBUG] Combined gaze: x=0.524, y=0.490
[2025-12-24 10:45:24] [DEBUG] Frame processing START
[2025-12-24 10:45:24] [DEBUG] Raw gaze: x=0.514, y=0.494
[2025-12-24 10:45:24] [DEBUG] Combined gaze: x=0.524, y=0.437
[2025-12-24 10:45:24] [DEBUG] Frame processing START
[2025-12-24 10:45:24] [DEBUG] Raw gaze: x=0.518, y=0.495
[2025-12-24 10:45:24] [DEBUG] Combined gaze: x=0.530, y=0.420
[2025-12-24 10:45:24] [DEBUG] Frame processing START
[2025-12-24 10:45:24] [DEBUG] Raw gaze: x=0.561, y=0.517
[2025-12-24 10:45:24] [DEBUG] Combined gaze: x=0.569, y=0.440
[2025-12-24 10:45:24] [DEBUG] Frame processing START
[2025-12-24 10:45:24] [DEBUG] Raw gaze: x=0.546, y=0.495
[2025-12-24 10:45:24] [DEBUG] Combined gaze: x=0.557, y=0.420
[2025-12-24 10:45:24] [DEBUG] Frame processing START
[2025-12-24 10:45:24] [DEBUG] Raw gaze: x=0.513, y=0.495
[2025-12-24 10:45:24] [DEBUG] Combined gaze: x=0.530, y=0.421
[2025-12-24 10:45:24] [DEBUG] Frame processing START
[2025-12-24 10:45:24] [DEBUG] Raw gaze: x=0.534, y=0.511
[2025-12-24 10:45:24] [DEBUG] Combined gaze: x=0.549, y=0.492
[2025-12-24 10:45:24] [DEBUG] Frame processing START
[2025-12-24 10:45:24] [DEBUG] Raw gaze: x=0.530, y=0.476
[2025-12-24 10:45:24] [DEBUG] Combined gaze: x=0.546, y=0.517
[2025-12-24 10:45:24] [DEBUG] Frame processing START
[2025-12-24 10:45:24] [WARNING] Face not detected in frame
[2025-12-24 10:45:24] [WARNING] Warning displayed: Face/Eyes not detected
[2025-12-24 10:45:24] [DEBUG] Frame processing START
[2025-12-24 10:45:24] [DEBUG] Raw gaze: x=0.401, y=0.615
[2025-12-24 10:45:24] [DEBUG] Combined gaze: x=0.420, y=0.666
[2025-12-24 10:45:24] [DEBUG] Frame processing START
[2025-12-24 10:45:24] [DEBUG] Raw gaze: x=0.287, y=0.517
[2025-12-24 10:45:24] [DEBUG] Combined gaze: x=0.318, y=0.590
[2025-12-24 10:45:24] [DEBUG] Frame processing START
[2025-12-24 10:45:24] [DEBUG] Raw gaze: x=0.281, y=0.546
[2025-12-24 10:45:24] [DEBUG] Combined gaze: x=0.311, y=0.615
[2025-12-24 10:45:24] [DEBUG] Frame processing START
[2025-12-24 10:45:24] [DEBUG] Raw gaze: x=0.317, y=0.524
[2025-12-24 10:45:24] [DEBUG] Combined gaze: x=0.337, y=0.533
[2025-12-24 10:45:24] [DEBUG] Frame processing START
[2025-12-24 10:45:24] [DEBUG] Raw gaze: x=0.305, y=0.569
[2025-12-24 10:45:24] [DEBUG] Combined gaze: x=0.323, y=0.519
[2025-12-24 10:45:24] [DEBUG] Frame processing START
[2025-12-24 10:45:24] [DEBUG] Raw gaze: x=0.426, y=0.610
[2025-12-24 10:45:24] [DEBUG] Combined gaze: x=0.423, y=0.522
[2025-12-24 10:45:24] [DEBUG] Frame processing START
[2025-12-24 10:45:24] [DEBUG] Raw gaze: x=0.366, y=0.551
[2025-12-24 10:45:24] [DEBUG] Combined gaze: x=0.374, y=0.548
[2025-12-24 10:45:24] [DEBUG] Frame processing START
[2025-12-24 10:45:24] [DEBUG] Raw gaze: x=0.473, y=0.598
[2025-12-24 10:45:24] [DEBUG] Combined gaze: x=0.468, y=0.633
[2025-12-24 10:45:24] [DEBUG] Frame processing START
[2025-12-24 10:45:25] [DEBUG] Raw gaze: x=0.474, y=0.581
[2025-12-24 10:45:25] [DEBUG] Combined gaze: x=0.470, y=0.644
[2025-12-24 10:45:25] [DEBUG] Frame processing START
[2025-12-24 10:45:25] [DEBUG] Raw gaze: x=0.308, y=0.424
[2025-12-24 10:45:25] [DEBUG] Combined gaze: x=0.323, y=0.435
[2025-12-24 10:45:25] [DEBUG] Frame processing START
[2025-12-24 10:45:25] [DEBUG] Raw gaze: x=0.402, y=0.470
[2025-12-24 10:45:25] [DEBUG] Combined gaze: x=0.398, y=0.427
[2025-12-24 10:45:25] [DEBUG] Frame processing START
[2025-12-24 10:45:25] [DEBUG] Raw gaze: x=0.395, y=0.486
[2025-12-24 10:45:25] [DEBUG] Combined gaze: x=0.389, y=0.413
[2025-12-24 10:45:25] [DEBUG] Frame processing START
[2025-12-24 10:45:25] [DEBUG] Raw gaze: x=0.341, y=0.525
[2025-12-24 10:45:25] [DEBUG] Combined gaze: x=0.348, y=0.523
[2025-12-24 10:45:25] [DEBUG] Frame processing START
[2025-12-24 10:45:25] [DEBUG] Raw gaze: x=0.410, y=0.547
[2025-12-24 10:45:25] [DEBUG] Combined gaze: x=0.408, y=0.588
[2025-12-24 10:45:25] [DEBUG] Frame processing START
[2025-12-24 10:45:25] [DEBUG] Raw gaze: x=0.425, y=0.565
[2025-12-24 10:45:25] [DEBUG] Combined gaze: x=0.422, y=0.630
[2025-12-24 10:45:25] [DEBUG] Frame processing START
[2025-12-24 10:45:25] [DEBUG] Raw gaze: x=0.448, y=0.636
[2025-12-24 10:45:25] [DEBUG] Combined gaze: x=0.443, y=0.691
[2025-12-24 10:45:25] [DEBUG] Frame processing START
[2025-12-24 10:45:25] [DEBUG] Raw gaze: x=0.436, y=0.493
[2025-12-24 10:45:25] [DEBUG] Combined gaze: x=0.430, y=0.502
[2025-12-24 10:45:25] [DEBUG] Frame processing START
[2025-12-24 10:45:25] [DEBUG] Raw gaze: x=0.444, y=0.566
[2025-12-24 10:45:25] [DEBUG] Combined gaze: x=0.435, y=0.515
[2025-12-24 10:45:25] [DEBUG] Frame processing START
[2025-12-24 10:45:25] [DEBUG] Raw gaze: x=0.246, y=0.366
[2025-12-24 10:45:25] [DEBUG] Combined gaze: x=0.263, y=0.315
[2025-12-24 10:45:25] [DEBUG] Frame processing START
[2025-12-24 10:45:25] [DEBUG] Raw gaze: x=0.224, y=0.350
[2025-12-24 10:45:25] [DEBUG] Combined gaze: x=0.249, y=0.376
[2025-12-24 10:45:25] [DEBUG] Frame processing START
[2025-12-24 10:45:25] [DEBUG] Raw gaze: x=0.288, y=0.468
[2025-12-24 10:45:25] [DEBUG] Combined gaze: x=0.298, y=0.523
[2025-12-24 10:45:25] [DEBUG] Frame processing START
[2025-12-24 10:45:25] [DEBUG] Raw gaze: x=0.313, y=0.526
[2025-12-24 10:45:25] [DEBUG] Combined gaze: x=0.317, y=0.505
[2025-12-24 10:45:25] [DEBUG] Frame processing START
[2025-12-24 10:45:25] [DEBUG] Raw gaze: x=0.303, y=0.513
[2025-12-24 10:45:25] [DEBUG] Combined gaze: x=0.307, y=0.453
[2025-12-24 10:45:25] [DEBUG] Frame processing START
[2025-12-24 10:45:25] [DEBUG] Raw gaze: x=0.370, y=0.496
[2025-12-24 10:45:25] [DEBUG] Combined gaze: x=0.364, y=0.510
[2025-12-24 10:45:25] [DEBUG] Frame processing START
[2025-12-24 10:45:25] [DEBUG] Raw gaze: x=0.348, y=0.483
[2025-12-24 10:45:25] [DEBUG] Combined gaze: x=0.344, y=0.540
[2025-12-24 10:45:25] [DEBUG] Frame processing START
[2025-12-24 10:45:25] [DEBUG] Raw gaze: x=0.487, y=0.632
[2025-12-24 10:45:25] [DEBUG] Combined gaze: x=0.462, y=0.687
[2025-12-24 10:45:25] [DEBUG] Frame processing START
[2025-12-24 10:45:25] [DEBUG] Raw gaze: x=0.462, y=0.654
[2025-12-24 10:45:25] [DEBUG] Combined gaze: x=0.441, y=0.706
[2025-12-24 10:45:25] [INFO] Calibration trigger at point 3
[2025-12-24 10:45:25] [DEBUG] Frame processing START
[2025-12-24 10:45:25] [DEBUG] Raw gaze: x=0.300, y=0.405
[2025-12-24 10:45:25] [DEBUG] Combined gaze: x=0.303, y=0.429
[2025-12-24 10:45:25] [DEBUG] Frame processing START
[2025-12-24 10:45:25] [DEBUG] Raw gaze: x=0.325, y=0.434
[2025-12-24 10:45:25] [DEBUG] Combined gaze: x=0.323, y=0.401
[2025-12-24 10:45:25] [DEBUG] Frame processing START
[2025-12-24 10:45:26] [DEBUG] Raw gaze: x=0.324, y=0.417
[2025-12-24 10:45:26] [DEBUG] Combined gaze: x=0.321, y=0.356
[2025-12-24 10:45:26] [DEBUG] Frame processing START
[2025-12-24 10:45:26] [DEBUG] Raw gaze: x=0.334, y=0.430
[2025-12-24 10:45:26] [DEBUG] Combined gaze: x=0.330, y=0.365
[2025-12-24 10:45:26] [DEBUG] Frame processing START
[2025-12-24 10:45:26] [DEBUG] Raw gaze: x=0.328, y=0.448
[2025-12-24 10:45:26] [DEBUG] Combined gaze: x=0.324, y=0.381
[2025-12-24 10:45:26] [DEBUG] Frame processing START
[2025-12-24 10:45:26] [DEBUG] Raw gaze: x=0.322, y=0.425
[2025-12-24 10:45:26] [DEBUG] Combined gaze: x=0.320, y=0.421
[2025-12-24 10:45:26] [DEBUG] Frame processing START
[2025-12-24 10:45:26] [DEBUG] Raw gaze: x=0.304, y=0.431
[2025-12-24 10:45:26] [DEBUG] Combined gaze: x=0.310, y=0.479
[2025-12-24 10:45:26] [DEBUG] Frame processing START
[2025-12-24 10:45:26] [DEBUG] Raw gaze: x=0.320, y=0.435
[2025-12-24 10:45:26] [DEBUG] Combined gaze: x=0.328, y=0.513
[2025-12-24 10:45:26] [DEBUG] Frame processing START
[2025-12-24 10:45:26] [DEBUG] Raw gaze: x=0.301, y=0.396
[2025-12-24 10:45:26] [DEBUG] Combined gaze: x=0.307, y=0.404
[2025-12-24 10:45:26] [DEBUG] Frame processing START
[2025-12-24 10:45:26] [DEBUG] Raw gaze: x=0.309, y=0.414
[2025-12-24 10:45:26] [DEBUG] Combined gaze: x=0.319, y=0.468
[2025-12-24 10:45:26] [DEBUG] Frame processing START
[2025-12-24 10:45:26] [DEBUG] Raw gaze: x=0.302, y=0.404
[2025-12-24 10:45:26] [DEBUG] Combined gaze: x=0.315, y=0.489
[2025-12-24 10:45:26] [DEBUG] Frame processing START
[2025-12-24 10:45:26] [DEBUG] Raw gaze: x=0.303, y=0.408
[2025-12-24 10:45:26] [DEBUG] Combined gaze: x=0.310, y=0.497
[2025-12-24 10:45:26] [DEBUG] Frame processing START
[2025-12-24 10:45:26] [DEBUG] Raw gaze: x=0.292, y=0.409
[2025-12-24 10:45:26] [DEBUG] Combined gaze: x=0.298, y=0.498
[2025-12-24 10:45:26] [DEBUG] Frame processing START
[2025-12-24 10:45:26] [DEBUG] Raw gaze: x=0.300, y=0.402
[2025-12-24 10:45:26] [DEBUG] Combined gaze: x=0.303, y=0.431
[2025-12-24 10:45:26] [DEBUG] Frame processing START
[2025-12-24 10:45:26] [DEBUG] Raw gaze: x=0.318, y=0.394
[2025-12-24 10:45:26] [DEBUG] Combined gaze: x=0.317, y=0.370
[2025-12-24 10:45:26] [DEBUG] Frame processing START
[2025-12-24 10:45:26] [DEBUG] Raw gaze: x=0.266, y=0.370
[2025-12-24 10:45:26] [DEBUG] Combined gaze: x=0.273, y=0.319
[2025-12-24 10:45:26] [DEBUG] Frame processing START
[2025-12-24 10:45:26] [DEBUG] Raw gaze: x=0.305, y=0.432
[2025-12-24 10:45:26] [DEBUG] Combined gaze: x=0.306, y=0.367
[2025-12-24 10:45:26] [DEBUG] Frame processing START
[2025-12-24 10:45:26] [DEBUG] Raw gaze: x=0.299, y=0.418
[2025-12-24 10:45:26] [DEBUG] Combined gaze: x=0.300, y=0.355
[2025-12-24 10:45:26] [DEBUG] Frame processing START
[2025-12-24 10:45:26] [DEBUG] Raw gaze: x=0.318, y=0.392
[2025-12-24 10:45:26] [DEBUG] Combined gaze: x=0.315, y=0.394
[2025-12-24 10:45:26] [DEBUG] Frame processing START
[2025-12-24 10:45:26] [DEBUG] Raw gaze: x=0.324, y=0.409
[2025-12-24 10:45:26] [DEBUG] Combined gaze: x=0.320, y=0.461
[2025-12-24 10:45:26] [DEBUG] Frame processing START
[2025-12-24 10:45:26] [DEBUG] Raw gaze: x=0.292, y=0.392
[2025-12-24 10:45:26] [DEBUG] Combined gaze: x=0.292, y=0.383
[2025-12-24 10:45:26] [DEBUG] Frame processing START
[2025-12-24 10:45:26] [DEBUG] Raw gaze: x=0.331, y=0.408
[2025-12-24 10:45:26] [DEBUG] Combined gaze: x=0.326, y=0.454
[2025-12-24 10:45:27] [DEBUG] Frame processing START
[2025-12-24 10:45:27] [DEBUG] Raw gaze: x=0.334, y=0.400
[2025-12-24 10:45:27] [DEBUG] Combined gaze: x=0.329, y=0.482
[2025-12-24 10:45:27] [DEBUG] Frame processing START
[2025-12-24 10:45:27] [DEBUG] Raw gaze: x=0.320, y=0.421
[2025-12-24 10:45:27] [DEBUG] Combined gaze: x=0.317, y=0.426
[2025-12-24 10:45:27] [DEBUG] Collected sample 20/20 for point 3
[2025-12-24 10:45:27] [INFO] Moving to calibration point 4
[2025-12-24 10:45:27] [DEBUG] Frame processing START
[2025-12-24 10:45:27] [DEBUG] Raw gaze: x=0.325, y=0.421
[2025-12-24 10:45:27] [DEBUG] Combined gaze: x=0.321, y=0.476
[2025-12-24 10:45:27] [DEBUG] Frame processing START
[2025-12-24 10:45:27] [DEBUG] Raw gaze: x=0.242, y=0.396
[2025-12-24 10:45:27] [DEBUG] Combined gaze: x=0.257, y=0.483
[2025-12-24 10:45:27] [DEBUG] Frame processing START
[2025-12-24 10:45:27] [DEBUG] Raw gaze: x=0.255, y=0.397
[2025-12-24 10:45:27] [DEBUG] Combined gaze: x=0.266, y=0.407
[2025-12-24 10:45:27] [DEBUG] Frame processing START
[2025-12-24 10:45:27] [DEBUG] Raw gaze: x=0.248, y=0.434
[2025-12-24 10:45:27] [DEBUG] Combined gaze: x=0.258, y=0.394
[2025-12-24 10:45:27] [DEBUG] Frame processing START
[2025-12-24 10:45:27] [DEBUG] Raw gaze: x=0.184, y=0.343
[2025-12-24 10:45:27] [DEBUG] Combined gaze: x=0.202, y=0.383
[2025-12-24 10:45:27] [DEBUG] Frame processing START
[2025-12-24 10:45:27] [DEBUG] Raw gaze: x=0.210, y=0.305
[2025-12-24 10:45:27] [DEBUG] Combined gaze: x=0.224, y=0.390
[2025-12-24 10:45:27] [DEBUG] Frame processing START
[2025-12-24 10:45:27] [DEBUG] Raw gaze: x=0.275, y=0.405
[2025-12-24 10:45:27] [DEBUG] Combined gaze: x=0.279, y=0.494
[2025-12-24 10:45:27] [DEBUG] Frame processing START
[2025-12-24 10:45:27] [DEBUG] Raw gaze: x=0.272, y=0.396
[2025-12-24 10:45:27] [DEBUG] Combined gaze: x=0.283, y=0.487
[2025-12-24 10:45:27] [DEBUG] Frame processing START
[2025-12-24 10:45:27] [DEBUG] Raw gaze: x=0.579, y=0.750
[2025-12-24 10:45:27] [DEBUG] Combined gaze: x=0.548, y=0.788
[2025-12-24 10:45:27] [DEBUG] Frame processing START
[2025-12-24 10:45:27] [DEBUG] Raw gaze: x=0.532, y=0.500
[2025-12-24 10:45:27] [DEBUG] Combined gaze: x=0.510, y=0.575
[2025-12-24 10:45:27] [DEBUG] Frame processing START
[2025-12-24 10:45:27] [DEBUG] Raw gaze: x=0.533, y=0.525
[2025-12-24 10:45:27] [DEBUG] Combined gaze: x=0.513, y=0.597
[2025-12-24 10:45:27] [DEBUG] Frame processing START
[2025-12-24 10:45:27] [DEBUG] Raw gaze: x=0.545, y=0.536
[2025-12-24 10:45:27] [DEBUG] Combined gaze: x=0.524, y=0.606
[2025-12-24 10:45:27] [DEBUG] Frame processing START
[2025-12-24 10:45:27] [DEBUG] Raw gaze: x=0.551, y=0.559
[2025-12-24 10:45:27] [DEBUG] Combined gaze: x=0.529, y=0.625
[2025-12-24 10:45:27] [DEBUG] Frame processing START
[2025-12-24 10:45:27] [DEBUG] Raw gaze: x=0.495, y=0.508
[2025-12-24 10:45:27] [DEBUG] Combined gaze: x=0.481, y=0.582
[2025-12-24 10:45:27] [DEBUG] Frame processing START
[2025-12-24 10:45:27] [DEBUG] Raw gaze: x=0.494, y=0.504
[2025-12-24 10:45:27] [DEBUG] Combined gaze: x=0.480, y=0.578
[2025-12-24 10:45:27] [DEBUG] Frame processing START
[2025-12-24 10:45:27] [DEBUG] Raw gaze: x=0.490, y=0.458
[2025-12-24 10:45:27] [DEBUG] Combined gaze: x=0.477, y=0.540
[2025-12-24 10:45:27] [DEBUG] Frame processing START
[2025-12-24 10:45:27] [DEBUG] Raw gaze: x=0.498, y=0.477
[2025-12-24 10:45:27] [DEBUG] Combined gaze: x=0.483, y=0.556
[2025-12-24 10:45:27] [DEBUG] Frame processing START
[2025-12-24 10:45:27] [DEBUG] Raw gaze: x=0.512, y=0.502
[2025-12-24 10:45:27] [DEBUG] Combined gaze: x=0.496, y=0.576
[2025-12-24 10:45:27] [DEBUG] Frame processing START
[2025-12-24 10:45:27] [DEBUG] Raw gaze: x=0.564, y=0.526
[2025-12-24 10:45:27] [DEBUG] Combined gaze: x=0.541, y=0.597
[2025-12-24 10:45:28] [DEBUG] Frame processing START
[2025-12-24 10:45:28] [DEBUG] Raw gaze: x=0.552, y=0.607
[2025-12-24 10:45:28] [DEBUG] Combined gaze: x=0.531, y=0.666
[2025-12-24 10:45:28] [DEBUG] Frame processing START
[2025-12-24 10:45:28] [DEBUG] Raw gaze: x=0.532, y=0.466
[2025-12-24 10:45:28] [DEBUG] Combined gaze: x=0.514, y=0.546
[2025-12-24 10:45:28] [DEBUG] Frame processing START
[2025-12-24 10:45:28] [DEBUG] Raw gaze: x=0.496, y=0.516
[2025-12-24 10:45:28] [DEBUG] Combined gaze: x=0.483, y=0.589
[2025-12-24 10:45:28] [DEBUG] Frame processing START
[2025-12-24 10:45:28] [DEBUG] Raw gaze: x=0.479, y=0.525
[2025-12-24 10:45:28] [DEBUG] Combined gaze: x=0.469, y=0.596
[2025-12-24 10:45:28] [DEBUG] Frame processing START
[2025-12-24 10:45:28] [DEBUG] Raw gaze: x=0.458, y=0.464
[2025-12-24 10:45:28] [DEBUG] Combined gaze: x=0.444, y=0.492
[2025-12-24 10:45:28] [DEBUG] Frame processing START
[2025-12-24 10:45:28] [DEBUG] Raw gaze: x=0.488, y=0.472
[2025-12-24 10:45:28] [DEBUG] Combined gaze: x=0.466, y=0.442
[2025-12-24 10:45:28] [DEBUG] Frame processing START
[2025-12-24 10:45:28] [DEBUG] Raw gaze: x=0.531, y=0.461
[2025-12-24 10:45:28] [DEBUG] Combined gaze: x=0.500, y=0.399
[2025-12-24 10:45:28] [DEBUG] Frame processing START
[2025-12-24 10:45:28] [DEBUG] Raw gaze: x=0.538, y=0.472
[2025-12-24 10:45:28] [DEBUG] Combined gaze: x=0.504, y=0.401
[2025-12-24 10:45:28] [DEBUG] Frame processing START
[2025-12-24 10:45:28] [DEBUG] Raw gaze: x=0.522, y=0.605
[2025-12-24 10:45:28] [DEBUG] Combined gaze: x=0.489, y=0.514
[2025-12-24 10:45:28] [DEBUG] Frame processing START
[2025-12-24 10:45:28] [DEBUG] Raw gaze: x=0.499, y=0.653
[2025-12-24 10:45:28] [DEBUG] Combined gaze: x=0.470, y=0.617
[2025-12-24 10:45:28] [DEBUG] Frame processing START
[2025-12-24 10:45:28] [DEBUG] Raw gaze: x=0.552, y=0.620
[2025-12-24 10:45:28] [DEBUG] Combined gaze: x=0.513, y=0.642
[2025-12-24 10:45:28] [DEBUG] Frame processing START
[2025-12-24 10:45:28] [DEBUG] Raw gaze: x=0.542, y=0.628
[2025-12-24 10:45:28] [DEBUG] Combined gaze: x=0.512, y=0.678
[2025-12-24 10:45:28] [INFO] Calibration trigger at point 4
[2025-12-24 10:45:28] [DEBUG] Frame processing START
[2025-12-24 10:45:28] [DEBUG] Raw gaze: x=0.546, y=0.632
[2025-12-24 10:45:28] [DEBUG] Combined gaze: x=0.520, y=0.687
[2025-12-24 10:45:28] [DEBUG] Frame processing START
[2025-12-24 10:45:28] [DEBUG] Raw gaze: x=0.436, y=0.646
[2025-12-24 10:45:28] [DEBUG] Combined gaze: x=0.429, y=0.699
[2025-12-24 10:45:28] [DEBUG] Frame processing START
[2025-12-24 10:45:28] [DEBUG] Raw gaze: x=0.466, y=0.572
[2025-12-24 10:45:28] [DEBUG] Combined gaze: x=0.449, y=0.637
[2025-12-24 10:45:28] [DEBUG] Frame processing START
[2025-12-24 10:45:28] [DEBUG] Raw gaze: x=0.563, y=0.543
[2025-12-24 10:45:28] [DEBUG] Combined gaze: x=0.528, y=0.611
[2025-12-24 10:45:28] [DEBUG] Frame processing START
[2025-12-24 10:45:28] [DEBUG] Raw gaze: x=0.489, y=0.496
[2025-12-24 10:45:28] [DEBUG] Combined gaze: x=0.470, y=0.572
[2025-12-24 10:45:28] [DEBUG] Frame processing START
[2025-12-24 10:45:28] [DEBUG] Raw gaze: x=0.472, y=0.493
[2025-12-24 10:45:28] [DEBUG] Combined gaze: x=0.457, y=0.569
[2025-12-24 10:45:28] [DEBUG] Frame processing START
[2025-12-24 10:45:28] [DEBUG] Raw gaze: x=0.536, y=0.471
[2025-12-24 10:45:28] [DEBUG] Combined gaze: x=0.514, y=0.551
[2025-12-24 10:45:28] [DEBUG] Frame processing START
[2025-12-24 10:45:29] [DEBUG] Raw gaze: x=0.529, y=0.477
[2025-12-24 10:45:29] [DEBUG] Combined gaze: x=0.509, y=0.555
[2025-12-24 10:45:29] [DEBUG] Frame processing START
[2025-12-24 10:45:29] [DEBUG] Raw gaze: x=0.556, y=0.522
[2025-12-24 10:45:29] [DEBUG] Combined gaze: x=0.532, y=0.593
[2025-12-24 10:45:29] [DEBUG] Frame processing START
[2025-12-24 10:45:29] [DEBUG] Raw gaze: x=0.535, y=0.492
[2025-12-24 10:45:29] [DEBUG] Combined gaze: x=0.515, y=0.568
[2025-12-24 10:45:29] [DEBUG] Frame processing START
[2025-12-24 10:45:29] [DEBUG] Raw gaze: x=0.508, y=0.487
[2025-12-24 10:45:29] [DEBUG] Combined gaze: x=0.485, y=0.508
[2025-12-24 10:45:29] [DEBUG] Frame processing START
[2025-12-24 10:45:29] [DEBUG] Raw gaze: x=0.511, y=0.488
[2025-12-24 10:45:29] [DEBUG] Combined gaze: x=0.484, y=0.454
[2025-12-24 10:45:29] [DEBUG] Frame processing START
[2025-12-24 10:45:29] [DEBUG] Raw gaze: x=0.495, y=0.506
[2025-12-24 10:45:29] [DEBUG] Combined gaze: x=0.468, y=0.436
[2025-12-24 10:45:29] [DEBUG] Frame processing START
[2025-12-24 10:45:29] [DEBUG] Raw gaze: x=0.513, y=0.517
[2025-12-24 10:45:29] [DEBUG] Combined gaze: x=0.483, y=0.440
[2025-12-24 10:45:29] [DEBUG] Frame processing START
[2025-12-24 10:45:29] [DEBUG] Raw gaze: x=0.516, y=0.530
[2025-12-24 10:45:29] [DEBUG] Combined gaze: x=0.484, y=0.451
[2025-12-24 10:45:29] [DEBUG] Frame processing START
[2025-12-24 10:45:29] [DEBUG] Raw gaze: x=0.577, y=0.471
[2025-12-24 10:45:29] [DEBUG] Combined gaze: x=0.542, y=0.461
[2025-12-24 10:45:29] [DEBUG] Frame processing START
[2025-12-24 10:45:29] [DEBUG] Raw gaze: x=0.569, y=0.456
[2025-12-24 10:45:29] [DEBUG] Combined gaze: x=0.539, y=0.501
[2025-12-24 10:45:29] [DEBUG] Frame processing START
[2025-12-24 10:45:29] [DEBUG] Raw gaze: x=0.532, y=0.467
[2025-12-24 10:45:29] [DEBUG] Combined gaze: x=0.511, y=0.541
[2025-12-24 10:45:29] [DEBUG] Frame processing START
[2025-12-24 10:45:29] [DEBUG] Raw gaze: x=0.535, y=0.551
[2025-12-24 10:45:29] [DEBUG] Combined gaze: x=0.508, y=0.618
[2025-12-24 10:45:29] [DEBUG] Frame processing START
[2025-12-24 10:45:29] [DEBUG] Raw gaze: x=0.509, y=0.574
[2025-12-24 10:45:29] [DEBUG] Combined gaze: x=0.491, y=0.638
[2025-12-24 10:45:29] [DEBUG] Frame processing START
[2025-12-24 10:45:29] [DEBUG] Raw gaze: x=0.458, y=0.471
[2025-12-24 10:45:29] [DEBUG] Combined gaze: x=0.450, y=0.550
[2025-12-24 10:45:29] [DEBUG] Frame processing START
[2025-12-24 10:45:29] [DEBUG] Raw gaze: x=0.458, y=0.479
[2025-12-24 10:45:29] [DEBUG] Combined gaze: x=0.452, y=0.557
[2025-12-24 10:45:29] [DEBUG] Frame processing START
[2025-12-24 10:45:29] [DEBUG] Raw gaze: x=0.457, y=0.449
[2025-12-24 10:45:29] [DEBUG] Combined gaze: x=0.445, y=0.531
[2025-12-24 10:45:29] [DEBUG] Frame processing START
[2025-12-24 10:45:29] [DEBUG] Raw gaze: x=0.416, y=0.399
[2025-12-24 10:45:29] [DEBUG] Combined gaze: x=0.407, y=0.489
[2025-12-24 10:45:29] [DEBUG] Frame processing START
[2025-12-24 10:45:29] [DEBUG] Raw gaze: x=0.373, y=0.385
[2025-12-24 10:45:29] [DEBUG] Combined gaze: x=0.366, y=0.424
[2025-12-24 10:45:29] [DEBUG] Frame processing START
[2025-12-24 10:45:29] [DEBUG] Raw gaze: x=0.376, y=0.417
[2025-12-24 10:45:29] [DEBUG] Combined gaze: x=0.367, y=0.395
[2025-12-24 10:45:29] [DEBUG] Frame processing START
[2025-12-24 10:45:29] [DEBUG] Raw gaze: x=0.381, y=0.432
[2025-12-24 10:45:29] [DEBUG] Combined gaze: x=0.370, y=0.469
[2025-12-24 10:45:29] [DEBUG] Collected sample 20/20 for point 4
[2025-12-24 10:45:29] [INFO] Moving to calibration point 5
[2025-12-24 10:45:29] [DEBUG] Frame processing START
[2025-12-24 10:45:29] [DEBUG] Raw gaze: x=0.410, y=0.431
[2025-12-24 10:45:29] [DEBUG] Combined gaze: x=0.394, y=0.410
[2025-12-24 10:45:30] [DEBUG] Frame processing START
[2025-12-24 10:45:30] [DEBUG] Raw gaze: x=0.401, y=0.395
[2025-12-24 10:45:30] [DEBUG] Combined gaze: x=0.385, y=0.344
[2025-12-24 10:45:30] [DEBUG] Frame processing START
[2025-12-24 10:45:30] [DEBUG] Raw gaze: x=0.515, y=0.467
[2025-12-24 10:45:30] [DEBUG] Combined gaze: x=0.482, y=0.397
[2025-12-24 10:45:30] [DEBUG] Frame processing START
[2025-12-24 10:45:30] [DEBUG] Raw gaze: x=0.514, y=0.436
[2025-12-24 10:45:30] [DEBUG] Combined gaze: x=0.481, y=0.370
[2025-12-24 10:45:30] [DEBUG] Frame processing START
[2025-12-24 10:45:30] [DEBUG] Raw gaze: x=0.526, y=0.391
[2025-12-24 10:45:30] [DEBUG] Combined gaze: x=0.490, y=0.395
[2025-12-24 10:45:30] [DEBUG] Frame processing START
[2025-12-24 10:45:30] [DEBUG] Raw gaze: x=0.518, y=0.409
[2025-12-24 10:45:30] [DEBUG] Combined gaze: x=0.483, y=0.463
[2025-12-24 10:45:30] [DEBUG] Frame processing START
[2025-12-24 10:45:30] [DEBUG] Raw gaze: x=0.507, y=0.440
[2025-12-24 10:45:30] [DEBUG] Combined gaze: x=0.474, y=0.521
[2025-12-24 10:45:30] [DEBUG] Frame processing START
[2025-12-24 10:45:30] [DEBUG] Raw gaze: x=0.512, y=0.465
[2025-12-24 10:45:30] [DEBUG] Combined gaze: x=0.478, y=0.465
[2025-12-24 10:45:30] [DEBUG] Frame processing START
[2025-12-24 10:45:30] [DEBUG] Raw gaze: x=0.516, y=0.653
[2025-12-24 10:45:30] [DEBUG] Combined gaze: x=0.483, y=0.675
[2025-12-24 10:45:30] [DEBUG] Frame processing START
[2025-12-24 10:45:30] [DEBUG] Raw gaze: x=0.492, y=0.732
[2025-12-24 10:45:30] [DEBUG] Combined gaze: x=0.469, y=0.768
[2025-12-24 10:45:30] [DEBUG] Frame processing START
[2025-12-24 10:45:30] [DEBUG] Raw gaze: x=0.493, y=0.768
[2025-12-24 10:45:30] [DEBUG] Combined gaze: x=0.473, y=0.803
[2025-12-24 10:45:30] [DEBUG] Frame processing START
[2025-12-24 10:45:30] [DEBUG] Raw gaze: x=0.532, y=0.588
[2025-12-24 10:45:30] [DEBUG] Combined gaze: x=0.502, y=0.650
[2025-12-24 10:45:30] [DEBUG] Frame processing START
[2025-12-24 10:45:30] [DEBUG] Raw gaze: x=0.532, y=0.482
[2025-12-24 10:45:30] [DEBUG] Combined gaze: x=0.507, y=0.559
[2025-12-24 10:45:30] [DEBUG] Frame processing START
[2025-12-24 10:45:30] [DEBUG] Raw gaze: x=0.492, y=0.526
[2025-12-24 10:45:30] [DEBUG] Combined gaze: x=0.476, y=0.598
[2025-12-24 10:45:30] [DEBUG] Frame processing START
[2025-12-24 10:45:30] [DEBUG] Raw gaze: x=0.436, y=0.437
[2025-12-24 10:45:30] [DEBUG] Combined gaze: x=0.430, y=0.521
[2025-12-24 10:45:30] [DEBUG] Frame processing START
[2025-12-24 10:45:30] [DEBUG] Raw gaze: x=0.660, y=0.589
[2025-12-24 10:45:30] [DEBUG] Combined gaze: x=0.621, y=0.650
[2025-12-24 10:45:30] [DEBUG] Frame processing START
[2025-12-24 10:45:30] [DEBUG] Raw gaze: x=0.652, y=0.544
[2025-12-24 10:45:30] [DEBUG] Combined gaze: x=0.615, y=0.613
[2025-12-24 10:45:30] [DEBUG] Frame processing START
[2025-12-24 10:45:30] [DEBUG] Raw gaze: x=0.397, y=0.404
[2025-12-24 10:45:30] [DEBUG] Combined gaze: x=0.391, y=0.493
[2025-12-24 10:45:30] [DEBUG] Frame processing START
[2025-12-24 10:45:30] [DEBUG] Raw gaze: x=0.338, y=0.379
[2025-12-24 10:45:30] [DEBUG] Combined gaze: x=0.344, y=0.472
[2025-12-24 10:45:30] [DEBUG] Frame processing START
[2025-12-24 10:45:30] [DEBUG] Raw gaze: x=0.322, y=0.352
[2025-12-24 10:45:30] [DEBUG] Combined gaze: x=0.332, y=0.450
[2025-12-24 10:45:30] [DEBUG] Frame processing START
[2025-12-24 10:45:30] [DEBUG] Raw gaze: x=0.359, y=0.364
[2025-12-24 10:45:30] [DEBUG] Combined gaze: x=0.359, y=0.405
[2025-12-24 10:45:30] [DEBUG] Frame processing START
[2025-12-24 10:45:30] [DEBUG] Raw gaze: x=0.359, y=0.374
[2025-12-24 10:45:30] [DEBUG] Combined gaze: x=0.355, y=0.357
[2025-12-24 10:45:30] [DEBUG] Frame processing START
[2025-12-24 10:45:30] [DEBUG] Raw gaze: x=0.374, y=0.402
[2025-12-24 10:45:30] [DEBUG] Combined gaze: x=0.371, y=0.441
[2025-12-24 10:45:30] [DEBUG] Frame processing START
[2025-12-24 10:45:31] [DEBUG] Raw gaze: x=0.372, y=0.380
[2025-12-24 10:45:31] [DEBUG] Combined gaze: x=0.372, y=0.458
[2025-12-24 10:45:31] [DEBUG] Frame processing START
[2025-12-24 10:45:31] [DEBUG] Raw gaze: x=0.405, y=0.380
[2025-12-24 10:45:31] [DEBUG] Combined gaze: x=0.394, y=0.473
[2025-12-24 10:45:31] [DEBUG] Frame processing START
[2025-12-24 10:45:31] [DEBUG] Raw gaze: x=0.419, y=0.427
[2025-12-24 10:45:31] [DEBUG] Combined gaze: x=0.403, y=0.513
[2025-12-24 10:45:31] [DEBUG] Frame processing START
[2025-12-24 10:45:31] [DEBUG] Raw gaze: x=0.388, y=0.390
[2025-12-24 10:45:31] [DEBUG] Combined gaze: x=0.376, y=0.482
[2025-12-24 10:45:31] [DEBUG] Frame processing START
[2025-12-24 10:45:31] [DEBUG] Raw gaze: x=0.416, y=0.392
[2025-12-24 10:45:31] [DEBUG] Combined gaze: x=0.397, y=0.483
[2025-12-24 10:45:31] [DEBUG] Frame processing START
[2025-12-24 10:45:31] [DEBUG] Raw gaze: x=0.417, y=0.408
[2025-12-24 10:45:31] [DEBUG] Combined gaze: x=0.397, y=0.497
[2025-12-24 10:45:31] [DEBUG] Frame processing START
[2025-12-24 10:45:31] [DEBUG] Raw gaze: x=0.545, y=0.595
[2025-12-24 10:45:31] [DEBUG] Combined gaze: x=0.507, y=0.656
[2025-12-24 10:45:31] [DEBUG] Frame processing START
[2025-12-24 10:45:31] [DEBUG] Raw gaze: x=0.489, y=0.555
[2025-12-24 10:45:31] [DEBUG] Combined gaze: x=0.466, y=0.621
[2025-12-24 10:45:31] [DEBUG] Frame processing START
[2025-12-24 10:45:31] [DEBUG] Raw gaze: x=0.536, y=0.592
[2025-12-24 10:45:31] [DEBUG] Combined gaze: x=0.510, y=0.654
[2025-12-24 10:45:31] [DEBUG] Frame processing START
[2025-12-24 10:45:31] [DEBUG] Raw gaze: x=0.518, y=0.625
[2025-12-24 10:45:31] [DEBUG] Combined gaze: x=0.498, y=0.681
[2025-12-24 10:45:31] [DEBUG] Frame processing START
[2025-12-24 10:45:31] [DEBUG] Raw gaze: x=0.516, y=0.639
[2025-12-24 10:45:31] [DEBUG] Combined gaze: x=0.489, y=0.693
[2025-12-24 10:45:31] [DEBUG] Frame processing START
[2025-12-24 10:45:31] [DEBUG] Raw gaze: x=0.528, y=0.693
[2025-12-24 10:45:31] [DEBUG] Combined gaze: x=0.503, y=0.739
[2025-12-24 10:45:31] [DEBUG] Frame processing START
[2025-12-24 10:45:31] [DEBUG] Raw gaze: x=0.471, y=0.484
[2025-12-24 10:45:31] [DEBUG] Combined gaze: x=0.450, y=0.561
[2025-12-24 10:45:31] [DEBUG] Frame processing START
[2025-12-24 10:45:31] [DEBUG] Raw gaze: x=0.402, y=0.428
[2025-12-24 10:45:31] [DEBUG] Combined gaze: x=0.389, y=0.513
[2025-12-24 10:45:31] [DEBUG] Frame processing START
[2025-12-24 10:45:31] [DEBUG] Raw gaze: x=0.408, y=0.423
[2025-12-24 10:45:31] [DEBUG] Combined gaze: x=0.393, y=0.510
[2025-12-24 10:45:31] [DEBUG] Frame processing START
[2025-12-24 10:45:31] [DEBUG] Raw gaze: x=0.421, y=0.405
[2025-12-24 10:45:31] [DEBUG] Combined gaze: x=0.402, y=0.494
[2025-12-24 10:45:31] [DEBUG] Frame processing START
[2025-12-24 10:45:31] [DEBUG] Raw gaze: x=0.411, y=0.387
[2025-12-24 10:45:31] [DEBUG] Combined gaze: x=0.400, y=0.479
[2025-12-24 10:45:31] [DEBUG] Frame processing START
[2025-12-24 10:45:31] [DEBUG] Raw gaze: x=0.380, y=0.441
[2025-12-24 10:45:31] [DEBUG] Combined gaze: x=0.377, y=0.524
[2025-12-24 10:45:31] [DEBUG] Frame processing START
[2025-12-24 10:45:31] [DEBUG] Raw gaze: x=0.407, y=0.432
[2025-12-24 10:45:31] [DEBUG] Combined gaze: x=0.395, y=0.517
[2025-12-24 10:45:31] [DEBUG] Frame processing START
[2025-12-24 10:45:31] [DEBUG] Raw gaze: x=0.409, y=0.401
[2025-12-24 10:45:31] [DEBUG] Combined gaze: x=0.402, y=0.491
[2025-12-24 10:45:31] [DEBUG] Frame processing START
[2025-12-24 10:45:31] [DEBUG] Raw gaze: x=0.417, y=0.432
[2025-12-24 10:45:31] [DEBUG] Combined gaze: x=0.412, y=0.517
[2025-12-24 10:45:31] [DEBUG] Frame processing START
[2025-12-24 10:45:31] [DEBUG] Raw gaze: x=0.378, y=0.439
[2025-12-24 10:45:31] [DEBUG] Combined gaze: x=0.373, y=0.523
[2025-12-24 10:45:31] [DEBUG] Frame processing START
[2025-12-24 10:45:31] [DEBUG] Raw gaze: x=0.366, y=0.437
[2025-12-24 10:45:31] [DEBUG] Combined gaze: x=0.360, y=0.468
[2025-12-24 10:45:31] [DEBUG] Frame processing START
[2025-12-24 10:45:32] [DEBUG] Raw gaze: x=0.355, y=0.436
[2025-12-24 10:45:32] [DEBUG] Combined gaze: x=0.349, y=0.411
[2025-12-24 10:45:32] [DEBUG] Frame processing START
[2025-12-24 10:45:32] [DEBUG] Raw gaze: x=0.351, y=0.383
[2025-12-24 10:45:32] [DEBUG] Combined gaze: x=0.351, y=0.425
[2025-12-24 10:45:32] [DEBUG] Frame processing START
[2025-12-24 10:45:32] [DEBUG] Raw gaze: x=0.351, y=0.645
[2025-12-24 10:45:32] [DEBUG] Combined gaze: x=0.348, y=0.591
[2025-12-24 10:45:32] [DEBUG] Frame processing START
[2025-12-24 10:45:32] [DEBUG] Raw gaze: x=0.336, y=0.505
[2025-12-24 10:45:32] [DEBUG] Combined gaze: x=0.341, y=0.530
[2025-12-24 10:45:32] [DEBUG] Frame processing START
[2025-12-24 10:45:32] [DEBUG] Raw gaze: x=0.371, y=0.375
[2025-12-24 10:45:32] [DEBUG] Combined gaze: x=0.367, y=0.361
[2025-12-24 10:45:32] [DEBUG] Frame processing START
[2025-12-24 10:45:32] [DEBUG] Raw gaze: x=0.395, y=0.500
[2025-12-24 10:45:32] [DEBUG] Combined gaze: x=0.392, y=0.525
[2025-12-24 10:45:32] [DEBUG] Frame processing START
[2025-12-24 10:45:32] [DEBUG] Raw gaze: x=0.367, y=0.463
[2025-12-24 10:45:32] [DEBUG] Combined gaze: x=0.364, y=0.530
[2025-12-24 10:45:32] [DEBUG] Frame processing START
[2025-12-24 10:45:32] [DEBUG] Raw gaze: x=0.411, y=0.510
[2025-12-24 10:45:32] [DEBUG] Combined gaze: x=0.400, y=0.584
[2025-12-24 10:45:32] [DEBUG] Frame processing START
[2025-12-24 10:45:32] [DEBUG] Raw gaze: x=0.502, y=0.465
[2025-12-24 10:45:32] [DEBUG] Combined gaze: x=0.475, y=0.545
[2025-12-24 10:45:32] [DEBUG] Frame processing START
[2025-12-24 10:45:32] [DEBUG] Raw gaze: x=0.449, y=0.464
[2025-12-24 10:45:32] [DEBUG] Combined gaze: x=0.429, y=0.544
[2025-12-24 10:45:32] [DEBUG] Frame processing START
[2025-12-24 10:45:32] [DEBUG] Raw gaze: x=0.444, y=0.420
[2025-12-24 10:45:32] [DEBUG] Combined gaze: x=0.430, y=0.507
[2025-12-24 10:45:32] [DEBUG] Frame processing START
[2025-12-24 10:45:32] [DEBUG] Raw gaze: x=0.430, y=0.446
[2025-12-24 10:45:32] [DEBUG] Combined gaze: x=0.422, y=0.529
[2025-12-24 10:45:32] [DEBUG] Frame processing START
[2025-12-24 10:45:32] [DEBUG] Raw gaze: x=0.500, y=0.563
[2025-12-24 10:45:32] [DEBUG] Combined gaze: x=0.484, y=0.629
[2025-12-24 10:45:32] [DEBUG] Frame processing START
[2025-12-24 10:45:32] [DEBUG] Raw gaze: x=0.483, y=0.504
[2025-12-24 10:45:32] [DEBUG] Combined gaze: x=0.465, y=0.524
[2025-12-24 10:45:32] [DEBUG] Frame processing START
[2025-12-24 10:45:32] [DEBUG] Raw gaze: x=0.478, y=0.564
[2025-12-24 10:45:32] [DEBUG] Combined gaze: x=0.464, y=0.612
[2025-12-24 10:45:32] [DEBUG] Frame processing START
[2025-12-24 10:45:32] [DEBUG] Raw gaze: x=0.510, y=0.697
[2025-12-24 10:45:32] [DEBUG] Combined gaze: x=0.495, y=0.743
[2025-12-24 10:45:32] [DEBUG] Frame processing START
[2025-12-24 10:45:32] [DEBUG] Raw gaze: x=0.540, y=0.495
[2025-12-24 10:45:32] [DEBUG] Combined gaze: x=0.515, y=0.496
[2025-12-24 10:45:32] [DEBUG] Frame processing START
[2025-12-24 10:45:32] [DEBUG] Raw gaze: x=0.391, y=0.439
[2025-12-24 10:45:32] [DEBUG] Combined gaze: x=0.385, y=0.496
[2025-12-24 10:45:32] [DEBUG] Frame processing START
[2025-12-24 10:45:32] [DEBUG] Raw gaze: x=0.442, y=0.472
[2025-12-24 10:45:32] [DEBUG] Combined gaze: x=0.425, y=0.552
[2025-12-24 10:45:32] [DEBUG] Frame processing START
[2025-12-24 10:45:32] [DEBUG] Raw gaze: x=0.375, y=0.398
[2025-12-24 10:45:32] [DEBUG] Combined gaze: x=0.366, y=0.488
[2025-12-24 10:45:32] [DEBUG] Frame processing START
[2025-12-24 10:45:32] [DEBUG] Raw gaze: x=0.368, y=0.432
[2025-12-24 10:45:32] [DEBUG] Combined gaze: x=0.359, y=0.517
[2025-12-24 10:45:32] [DEBUG] Frame processing START
[2025-12-24 10:45:33] [DEBUG] Raw gaze: x=0.338, y=0.395
[2025-12-24 10:45:33] [DEBUG] Combined gaze: x=0.333, y=0.486
[2025-12-24 10:45:33] [DEBUG] Frame processing START
[2025-12-24 10:45:33] [DEBUG] Raw gaze: x=0.363, y=0.408
[2025-12-24 10:45:33] [DEBUG] Combined gaze: x=0.353, y=0.497
[2025-12-24 10:45:33] [DEBUG] Frame processing START
[2025-12-24 10:45:33] [DEBUG] Raw gaze: x=0.368, y=0.385
[2025-12-24 10:45:33] [DEBUG] Combined gaze: x=0.358, y=0.477
[2025-12-24 10:45:33] [DEBUG] Frame processing START
[2025-12-24 10:45:33] [DEBUG] Raw gaze: x=0.387, y=0.414
[2025-12-24 10:45:33] [DEBUG] Combined gaze: x=0.373, y=0.502
[2025-12-24 10:45:33] [DEBUG] Frame processing START
[2025-12-24 10:45:33] [DEBUG] Raw gaze: x=0.621, y=0.603
[2025-12-24 10:45:33] [DEBUG] Combined gaze: x=0.573, y=0.662
[2025-12-24 10:45:33] [DEBUG] Frame processing START
[2025-12-24 10:45:33] [DEBUG] Raw gaze: x=0.581, y=0.537
[2025-12-24 10:45:33] [DEBUG] Combined gaze: x=0.546, y=0.607
[2025-12-24 10:45:33] [DEBUG] Frame processing START
[2025-12-24 10:45:33] [DEBUG] Raw gaze: x=0.600, y=0.532
[2025-12-24 10:45:33] [DEBUG] Combined gaze: x=0.567, y=0.603
[2025-12-24 10:45:33] [DEBUG] Frame processing START
[2025-12-24 10:45:33] [DEBUG] Raw gaze: x=0.349, y=0.423
[2025-12-24 10:45:33] [DEBUG] Combined gaze: x=0.348, y=0.509
[2025-12-24 10:45:33] [DEBUG] Frame processing START
[2025-12-24 10:45:33] [DEBUG] Raw gaze: x=0.345, y=0.415
[2025-12-24 10:45:33] [DEBUG] Combined gaze: x=0.341, y=0.503
[2025-12-24 10:45:33] [DEBUG] Frame processing START
[2025-12-24 10:45:33] [DEBUG] Raw gaze: x=0.382, y=0.402
[2025-12-24 10:45:33] [DEBUG] Combined gaze: x=0.379, y=0.492
[2025-12-24 10:45:33] [DEBUG] Frame processing START
[2025-12-24 10:45:33] [DEBUG] Raw gaze: x=0.461, y=0.441
[2025-12-24 10:45:33] [DEBUG] Combined gaze: x=0.450, y=0.525
[2025-12-24 10:45:33] [DEBUG] Frame processing START
[2025-12-24 10:45:33] [DEBUG] Raw gaze: x=0.355, y=0.437
[2025-12-24 10:45:33] [DEBUG] Combined gaze: x=0.355, y=0.521
[2025-12-24 10:45:33] [DEBUG] Frame processing START
[2025-12-24 10:45:33] [DEBUG] Raw gaze: x=0.365, y=0.438
[2025-12-24 10:45:33] [DEBUG] Combined gaze: x=0.360, y=0.522
[2025-12-24 10:45:33] [DEBUG] Frame processing START
[2025-12-24 10:45:33] [DEBUG] Raw gaze: x=0.393, y=0.411
[2025-12-24 10:45:33] [DEBUG] Combined gaze: x=0.383, y=0.499
[2025-12-24 10:45:33] [DEBUG] Frame processing START
[2025-12-24 10:45:33] [DEBUG] Raw gaze: x=0.429, y=0.443
[2025-12-24 10:45:33] [DEBUG] Combined gaze: x=0.411, y=0.526
[2025-12-24 10:45:33] [DEBUG] Frame processing START
[2025-12-24 10:45:33] [DEBUG] Raw gaze: x=0.562, y=0.421
[2025-12-24 10:45:33] [DEBUG] Combined gaze: x=0.524, y=0.456
[2025-12-24 10:45:33] [DEBUG] Frame processing START
[2025-12-24 10:45:33] [DEBUG] Raw gaze: x=0.532, y=0.423
[2025-12-24 10:45:33] [DEBUG] Combined gaze: x=0.498, y=0.401
[2025-12-24 10:45:33] [DEBUG] Frame processing START
[2025-12-24 10:45:33] [DEBUG] Raw gaze: x=0.819, y=0.356
[2025-12-24 10:45:33] [DEBUG] Combined gaze: x=0.747, y=0.403
[2025-12-24 10:45:33] [DEBUG] Frame processing START
[2025-12-24 10:45:33] [DEBUG] Raw gaze: x=0.802, y=0.411
[2025-12-24 10:45:33] [DEBUG] Combined gaze: x=0.736, y=0.485
[2025-12-24 10:45:33] [DEBUG] Frame processing START
[2025-12-24 10:45:33] [DEBUG] Raw gaze: x=0.950, y=0.553
[2025-12-24 10:45:33] [DEBUG] Combined gaze: x=0.786, y=0.534
[2025-12-24 10:45:33] [DEBUG] Frame processing START
[2025-12-24 10:45:34] [DEBUG] Raw gaze: x=0.864, y=0.625
[2025-12-24 10:45:34] [DEBUG] Combined gaze: x=0.765, y=0.647
[2025-12-24 10:45:34] [DEBUG] Frame processing START
[2025-12-24 10:45:34] [DEBUG] Raw gaze: x=0.771, y=0.634
[2025-12-24 10:45:34] [DEBUG] Combined gaze: x=0.699, y=0.686
[2025-12-24 10:45:34] [DEBUG] Frame processing START
[2025-12-24 10:45:34] [DEBUG] Raw gaze: x=0.689, y=0.562
[2025-12-24 10:45:34] [DEBUG] Combined gaze: x=0.628, y=0.628
[2025-12-24 10:45:34] [DEBUG] Frame processing START
[2025-12-24 10:45:34] [DEBUG] Raw gaze: x=0.672, y=0.480
[2025-12-24 10:45:34] [DEBUG] Combined gaze: x=0.613, y=0.558
[2025-12-24 10:45:34] [DEBUG] Frame processing START
[2025-12-24 10:45:34] [DEBUG] Raw gaze: x=0.543, y=0.514
[2025-12-24 10:45:34] [DEBUG] Combined gaze: x=0.510, y=0.587
[2025-12-24 10:45:34] [DEBUG] Frame processing START
[2025-12-24 10:45:34] [DEBUG] Raw gaze: x=0.538, y=0.578
[2025-12-24 10:45:34] [DEBUG] Combined gaze: x=0.511, y=0.641
[2025-12-24 10:45:34] [DEBUG] Frame processing START
[2025-12-24 10:45:34] [DEBUG] Raw gaze: x=0.446, y=0.542
[2025-12-24 10:45:34] [DEBUG] Combined gaze: x=0.429, y=0.611
[2025-12-24 10:45:34] [DEBUG] Frame processing START
[2025-12-24 10:45:34] [DEBUG] Raw gaze: x=0.478, y=0.494
[2025-12-24 10:45:34] [DEBUG] Combined gaze: x=0.453, y=0.570
[2025-12-24 10:45:34] [DEBUG] Frame processing START
[2025-12-24 10:45:34] [DEBUG] Raw gaze: x=0.480, y=0.502
[2025-12-24 10:45:34] [DEBUG] Combined gaze: x=0.453, y=0.577
[2025-12-24 10:45:34] [DEBUG] Frame processing START
[2025-12-24 10:45:34] [DEBUG] Raw gaze: x=0.457, y=0.449
[2025-12-24 10:45:34] [DEBUG] Combined gaze: x=0.432, y=0.532
[2025-12-24 10:45:34] [DEBUG] Frame processing START
[2025-12-24 10:45:34] [DEBUG] Raw gaze: x=0.413, y=0.405
[2025-12-24 10:45:34] [DEBUG] Combined gaze: x=0.393, y=0.494
[2025-12-24 10:45:34] [DEBUG] Frame processing START
[2025-12-24 10:45:34] [DEBUG] Raw gaze: x=0.440, y=0.419
[2025-12-24 10:45:34] [DEBUG] Combined gaze: x=0.417, y=0.506
[2025-12-24 10:45:34] [DEBUG] Frame processing START
[2025-12-24 10:45:34] [DEBUG] Raw gaze: x=0.423, y=0.463
[2025-12-24 10:45:34] [DEBUG] Combined gaze: x=0.409, y=0.543
[2025-12-24 10:45:34] [DEBUG] Frame processing START
[2025-12-24 10:45:34] [DEBUG] Raw gaze: x=0.424, y=0.471
[2025-12-24 10:45:34] [DEBUG] Combined gaze: x=0.413, y=0.550
[2025-12-24 10:45:34] [DEBUG] Frame processing START
[2025-12-24 10:45:34] [DEBUG] Raw gaze: x=0.413, y=0.435
[2025-12-24 10:45:34] [DEBUG] Combined gaze: x=0.399, y=0.520
[2025-12-24 10:45:34] [DEBUG] Frame processing START
[2025-12-24 10:45:34] [DEBUG] Raw gaze: x=0.433, y=0.444
[2025-12-24 10:45:34] [DEBUG] Combined gaze: x=0.414, y=0.527
[2025-12-24 10:45:34] [DEBUG] Frame processing START
[2025-12-24 10:45:34] [DEBUG] Raw gaze: x=0.409, y=0.468
[2025-12-24 10:45:34] [DEBUG] Combined gaze: x=0.392, y=0.548
[2025-12-24 10:45:34] [DEBUG] Frame processing START
[2025-12-24 10:45:34] [DEBUG] Raw gaze: x=0.413, y=0.447
[2025-12-24 10:45:34] [DEBUG] Combined gaze: x=0.395, y=0.479
[2025-12-24 10:45:34] [DEBUG] Frame processing START
[2025-12-24 10:45:34] [DEBUG] Raw gaze: x=0.413, y=0.444
[2025-12-24 10:45:34] [DEBUG] Combined gaze: x=0.395, y=0.420
[2025-12-24 10:45:34] [DEBUG] Frame processing START
[2025-12-24 10:45:34] [DEBUG] Raw gaze: x=0.396, y=0.412
[2025-12-24 10:45:34] [DEBUG] Combined gaze: x=0.380, y=0.358
[2025-12-24 10:45:35] [DEBUG] Frame processing START
[2025-12-24 10:45:35] [DEBUG] Raw gaze: x=0.387, y=0.419
[2025-12-24 10:45:35] [DEBUG] Combined gaze: x=0.373, y=0.356
[2025-12-24 10:45:35] [DEBUG] Frame processing START
[2025-12-24 10:45:35] [DEBUG] Raw gaze: x=0.404, y=0.409
[2025-12-24 10:45:35] [DEBUG] Combined gaze: x=0.387, y=0.418
[2025-12-24 10:45:35] [DEBUG] Frame processing START
[2025-12-24 10:45:35] [DEBUG] Raw gaze: x=0.404, y=0.446
[2025-12-24 10:45:35] [DEBUG] Combined gaze: x=0.387, y=0.404
[2025-12-24 10:45:35] [DEBUG] Frame processing START
[2025-12-24 10:45:35] [DEBUG] Raw gaze: x=0.433, y=0.429
[2025-12-24 10:45:35] [DEBUG] Combined gaze: x=0.411, y=0.365
[2025-12-24 10:45:35] [DEBUG] Frame processing START
[2025-12-24 10:45:35] [DEBUG] Raw gaze: x=0.408, y=0.440
[2025-12-24 10:45:35] [DEBUG] Combined gaze: x=0.389, y=0.374
[2025-12-24 10:45:35] [DEBUG] Frame processing START
[2025-12-24 10:45:35] [DEBUG] Raw gaze: x=0.407, y=0.445
[2025-12-24 10:45:35] [DEBUG] Combined gaze: x=0.388, y=0.378
[2025-12-24 10:45:35] [DEBUG] Frame processing START
[2025-12-24 10:45:35] [DEBUG] Raw gaze: x=0.375, y=0.404
[2025-12-24 10:45:35] [DEBUG] Combined gaze: x=0.363, y=0.344
[2025-12-24 10:45:35] [DEBUG] Frame processing START
[2025-12-24 10:45:35] [DEBUG] Raw gaze: x=0.353, y=0.380
[2025-12-24 10:45:35] [DEBUG] Combined gaze: x=0.344, y=0.380
[2025-12-24 10:45:35] [DEBUG] Frame processing START
[2025-12-24 10:45:35] [DEBUG] Raw gaze: x=0.518, y=0.509
[2025-12-24 10:45:35] [DEBUG] Combined gaze: x=0.484, y=0.544
[2025-12-24 10:45:35] [DEBUG] Frame processing START
[2025-12-24 10:45:35] [DEBUG] Raw gaze: x=0.499, y=0.534
[2025-12-24 10:45:35] [DEBUG] Combined gaze: x=0.475, y=0.595
[2025-12-24 10:45:35] [DEBUG] Frame processing START
[2025-12-24 10:45:35] [DEBUG] Raw gaze: x=0.484, y=0.688
[2025-12-24 10:45:35] [DEBUG] Combined gaze: x=0.467, y=0.735
[2025-12-24 10:45:35] [DEBUG] Frame processing START
[2025-12-24 10:45:35] [DEBUG] Raw gaze: x=0.553, y=0.631
[2025-12-24 10:45:35] [DEBUG] Combined gaze: x=0.530, y=0.686
[2025-12-24 10:45:35] [DEBUG] Frame processing START
[2025-12-24 10:45:35] [DEBUG] Raw gaze: x=0.270, y=0.598
[2025-12-24 10:45:35] [DEBUG] Combined gaze: x=0.292, y=0.595
[2025-12-24 10:45:35] [DEBUG] Frame processing START
[2025-12-24 10:45:35] [DEBUG] Raw gaze: x=0.500, y=0.542
[2025-12-24 10:45:35] [DEBUG] Combined gaze: x=0.492, y=0.500
[2025-12-24 10:45:35] [INFO] Calibration trigger at point 5
[2025-12-24 10:45:35] [DEBUG] Frame processing START
[2025-12-24 10:45:35] [DEBUG] Raw gaze: x=0.464, y=0.494
[2025-12-24 10:45:35] [DEBUG] Combined gaze: x=0.464, y=0.430
[2025-12-24 10:45:35] [DEBUG] Frame processing START
[2025-12-24 10:45:35] [DEBUG] Raw gaze: x=0.387, y=0.397
[2025-12-24 10:45:35] [DEBUG] Combined gaze: x=0.410, y=0.419
[2025-12-24 10:45:35] [DEBUG] Frame processing START
[2025-12-24 10:45:35] [DEBUG] Raw gaze: x=0.405, y=0.368
[2025-12-24 10:45:35] [DEBUG] Combined gaze: x=0.432, y=0.439
[2025-12-24 10:45:35] [DEBUG] Frame processing START
[2025-12-24 10:45:35] [DEBUG] Raw gaze: x=0.510, y=0.585
[2025-12-24 10:45:35] [DEBUG] Combined gaze: x=0.527, y=0.647
[2025-12-24 10:45:35] [DEBUG] Frame processing START
[2025-12-24 10:45:35] [DEBUG] Raw gaze: x=0.241, y=0.486
[2025-12-24 10:45:35] [DEBUG] Combined gaze: x=0.303, y=0.563
[2025-12-24 10:45:35] [DEBUG] Frame processing START
[2025-12-24 10:45:35] [DEBUG] Raw gaze: x=0.387, y=0.521
[2025-12-24 10:45:35] [DEBUG] Combined gaze: x=0.430, y=0.593
[2025-12-24 10:45:35] [DEBUG] Frame processing START
[2025-12-24 10:45:35] [DEBUG] Raw gaze: x=0.592, y=0.465
[2025-12-24 10:45:35] [DEBUG] Combined gaze: x=0.605, y=0.545
[2025-12-24 10:45:35] [DEBUG] Frame processing START
[2025-12-24 10:45:35] [DEBUG] Raw gaze: x=0.622, y=0.637
[2025-12-24 10:45:36] [DEBUG] Combined gaze: x=0.631, y=0.692
[2025-12-24 10:45:36] [DEBUG] Frame processing START
[2025-12-24 10:45:36] [DEBUG] Raw gaze: x=0.571, y=0.466
[2025-12-24 10:45:36] [DEBUG] Combined gaze: x=0.587, y=0.546
[2025-12-24 10:45:36] [DEBUG] Frame processing START
[2025-12-24 10:45:36] [DEBUG] Raw gaze: x=0.621, y=0.492
[2025-12-24 10:45:36] [DEBUG] Combined gaze: x=0.629, y=0.569
[2025-12-24 10:45:36] [DEBUG] Frame processing START
[2025-12-24 10:45:36] [DEBUG] Raw gaze: x=0.601, y=0.525
[2025-12-24 10:45:36] [DEBUG] Combined gaze: x=0.612, y=0.596
[2025-12-24 10:45:36] [DEBUG] Frame processing START
[2025-12-24 10:45:36] [DEBUG] Raw gaze: x=0.590, y=0.620
[2025-12-24 10:45:36] [DEBUG] Combined gaze: x=0.602, y=0.677
[2025-12-24 10:45:36] [DEBUG] Frame processing START
[2025-12-24 10:45:36] [DEBUG] Raw gaze: x=0.594, y=0.484
[2025-12-24 10:45:36] [DEBUG] Combined gaze: x=0.604, y=0.561
[2025-12-24 10:45:36] [DEBUG] Frame processing START
[2025-12-24 10:45:36] [DEBUG] Raw gaze: x=0.444, y=0.516
[2025-12-24 10:45:36] [DEBUG] Combined gaze: x=0.476, y=0.589
[2025-12-24 10:45:36] [DEBUG] Frame processing START
[2025-12-24 10:45:36] [DEBUG] Raw gaze: x=0.429, y=0.337
[2025-12-24 10:45:36] [DEBUG] Combined gaze: x=0.465, y=0.436
[2025-12-24 10:45:36] [DEBUG] Frame processing START
[2025-12-24 10:45:36] [DEBUG] Raw gaze: x=0.579, y=0.516
[2025-12-24 10:45:36] [DEBUG] Combined gaze: x=0.593, y=0.589
[2025-12-24 10:45:36] [DEBUG] Frame processing START
[2025-12-24 10:45:36] [DEBUG] Raw gaze: x=0.560, y=0.504
[2025-12-24 10:45:36] [DEBUG] Combined gaze: x=0.573, y=0.579
[2025-12-24 10:45:36] [DEBUG] Frame processing START
[2025-12-24 10:45:36] [DEBUG] Raw gaze: x=0.481, y=0.455
[2025-12-24 10:45:36] [DEBUG] Combined gaze: x=0.504, y=0.485
[2025-12-24 10:45:36] [DEBUG] Frame processing START
[2025-12-24 10:45:36] [DEBUG] Raw gaze: x=0.488, y=0.455
[2025-12-24 10:45:36] [DEBUG] Combined gaze: x=0.509, y=0.428
[2025-12-24 10:45:36] [DEBUG] Frame processing START
[2025-12-24 10:45:36] [DEBUG] Raw gaze: x=0.465, y=0.583
[2025-12-24 10:45:36] [DEBUG] Combined gaze: x=0.487, y=0.504
[2025-12-24 10:45:36] [INFO] Calibration trigger at point 5
[2025-12-24 10:45:36] [DEBUG] Frame processing START
[2025-12-24 10:45:36] [DEBUG] Raw gaze: x=0.480, y=0.599
[2025-12-24 10:45:36] [DEBUG] Combined gaze: x=0.497, y=0.509
[2025-12-24 10:45:36] [DEBUG] Frame processing START
[2025-12-24 10:45:36] [DEBUG] Raw gaze: x=0.490, y=0.595
[2025-12-24 10:45:36] [DEBUG] Combined gaze: x=0.506, y=0.574
[2025-12-24 10:45:36] [DEBUG] Frame processing START
[2025-12-24 10:45:36] [DEBUG] Raw gaze: x=0.510, y=0.592
[2025-12-24 10:45:36] [DEBUG] Combined gaze: x=0.523, y=0.527
[2025-12-24 10:45:36] [DEBUG] Frame processing START
[2025-12-24 10:45:36] [DEBUG] Raw gaze: x=0.524, y=0.556
[2025-12-24 10:45:36] [DEBUG] Combined gaze: x=0.534, y=0.473
[2025-12-24 10:45:36] [DEBUG] Frame processing START
[2025-12-24 10:45:36] [DEBUG] Raw gaze: x=0.472, y=0.509
[2025-12-24 10:45:36] [DEBUG] Combined gaze: x=0.488, y=0.433
[2025-12-24 10:45:36] [DEBUG] Frame processing START
[2025-12-24 10:45:36] [DEBUG] Raw gaze: x=0.488, y=0.515
[2025-12-24 10:45:36] [DEBUG] Combined gaze: x=0.503, y=0.438
[2025-12-24 10:45:37] [DEBUG] Frame processing START
[2025-12-24 10:45:37] [DEBUG] Raw gaze: x=0.492, y=0.502
[2025-12-24 10:45:37] [DEBUG] Combined gaze: x=0.506, y=0.427
[2025-12-24 10:45:37] [DEBUG] Frame processing START
[2025-12-24 10:45:37] [DEBUG] Raw gaze: x=0.476, y=0.439
[2025-12-24 10:45:37] [DEBUG] Combined gaze: x=0.492, y=0.373
[2025-12-24 10:45:37] [DEBUG] Frame processing START
[2025-12-24 10:45:37] [DEBUG] Raw gaze: x=0.499, y=0.520
[2025-12-24 10:45:37] [DEBUG] Combined gaze: x=0.512, y=0.442
[2025-12-24 10:45:37] [DEBUG] Frame processing START
[2025-12-24 10:45:37] [DEBUG] Raw gaze: x=0.498, y=0.490
[2025-12-24 10:45:37] [DEBUG] Combined gaze: x=0.511, y=0.416
[2025-12-24 10:45:37] [DEBUG] Frame processing START
[2025-12-24 10:45:37] [DEBUG] Raw gaze: x=0.508, y=0.443
[2025-12-24 10:45:37] [DEBUG] Combined gaze: x=0.519, y=0.377
[2025-12-24 10:45:37] [DEBUG] Frame processing START
[2025-12-24 10:45:37] [DEBUG] Raw gaze: x=0.476, y=0.450
[2025-12-24 10:45:37] [DEBUG] Combined gaze: x=0.492, y=0.383
[2025-12-24 10:45:37] [DEBUG] Frame processing START
[2025-12-24 10:45:37] [DEBUG] Raw gaze: x=0.477, y=0.479
[2025-12-24 10:45:37] [DEBUG] Combined gaze: x=0.493, y=0.407
[2025-12-24 10:45:37] [DEBUG] Collected sample 20/20 for point 5
[2025-12-24 10:45:37] [INFO] Moving to calibration point 6
[2025-12-24 10:45:37] [DEBUG] Frame processing START
[2025-12-24 10:45:37] [DEBUG] Raw gaze: x=0.505, y=0.478
[2025-12-24 10:45:37] [DEBUG] Combined gaze: x=0.518, y=0.406
[2025-12-24 10:45:37] [DEBUG] Frame processing START
[2025-12-24 10:45:37] [DEBUG] Raw gaze: x=0.506, y=0.495
[2025-12-24 10:45:37] [DEBUG] Combined gaze: x=0.518, y=0.421
[2025-12-24 10:45:37] [DEBUG] Frame processing START
[2025-12-24 10:45:37] [DEBUG] Raw gaze: x=0.519, y=0.464
[2025-12-24 10:45:37] [DEBUG] Combined gaze: x=0.530, y=0.394
[2025-12-24 10:45:37] [DEBUG] Frame processing START
[2025-12-24 10:45:37] [DEBUG] Raw gaze: x=0.526, y=0.462
[2025-12-24 10:45:37] [DEBUG] Combined gaze: x=0.536, y=0.393
[2025-12-24 10:45:37] [DEBUG] Frame processing START
[2025-12-24 10:45:37] [DEBUG] Raw gaze: x=0.529, y=0.480
[2025-12-24 10:45:37] [DEBUG] Combined gaze: x=0.538, y=0.408
[2025-12-24 10:45:37] [DEBUG] Frame processing START
[2025-12-24 10:45:37] [DEBUG] Raw gaze: x=0.506, y=0.504
[2025-12-24 10:45:37] [DEBUG] Combined gaze: x=0.521, y=0.429
[2025-12-24 10:45:37] [DEBUG] Frame processing START
[2025-12-24 10:45:37] [DEBUG] Raw gaze: x=0.492, y=0.499
[2025-12-24 10:45:37] [DEBUG] Combined gaze: x=0.507, y=0.424
[2025-12-24 10:45:37] [DEBUG] Frame processing START
[2025-12-24 10:45:37] [DEBUG] Raw gaze: x=0.508, y=0.506
[2025-12-24 10:45:37] [DEBUG] Combined gaze: x=0.518, y=0.430
[2025-12-24 10:45:37] [DEBUG] Frame processing START
[2025-12-24 10:45:37] [DEBUG] Raw gaze: x=0.504, y=0.485
[2025-12-24 10:45:37] [DEBUG] Combined gaze: x=0.515, y=0.412
[2025-12-24 10:45:37] [DEBUG] Frame processing START
[2025-12-24 10:45:37] [DEBUG] Raw gaze: x=0.451, y=0.492
[2025-12-24 10:45:37] [DEBUG] Combined gaze: x=0.469, y=0.418
[2025-12-24 10:45:37] [DEBUG] Frame processing START
[2025-12-24 10:45:37] [DEBUG] Raw gaze: x=0.423, y=0.479
[2025-12-24 10:45:37] [DEBUG] Combined gaze: x=0.444, y=0.407
[2025-12-24 10:45:37] [DEBUG] Frame processing START
[2025-12-24 10:45:37] [DEBUG] Raw gaze: x=0.411, y=0.406
[2025-12-24 10:45:37] [DEBUG] Combined gaze: x=0.434, y=0.345
[2025-12-24 10:45:37] [DEBUG] Frame processing START
[2025-12-24 10:45:37] [DEBUG] Raw gaze: x=0.485, y=0.548
[2025-12-24 10:45:37] [DEBUG] Combined gaze: x=0.496, y=0.466
[2025-12-24 10:45:37] [INFO] Calibration trigger at point 6
[2025-12-24 10:45:38] [DEBUG] Frame processing START
[2025-12-24 10:45:38] [DEBUG] Raw gaze: x=0.459, y=0.545
[2025-12-24 10:45:38] [DEBUG] Combined gaze: x=0.474, y=0.463
[2025-12-24 10:45:38] [DEBUG] Frame processing START
[2025-12-24 10:45:38] [DEBUG] Raw gaze: x=0.535, y=0.570
[2025-12-24 10:45:38] [DEBUG] Combined gaze: x=0.538, y=0.485
[2025-12-24 10:45:38] [DEBUG] Frame processing START
[2025-12-24 10:45:38] [DEBUG] Raw gaze: x=0.404, y=0.453
[2025-12-24 10:45:38] [DEBUG] Combined gaze: x=0.431, y=0.437
[2025-12-24 10:45:38] [DEBUG] Frame processing START
[2025-12-24 10:45:38] [DEBUG] Raw gaze: x=0.390, y=0.432
[2025-12-24 10:45:38] [DEBUG] Combined gaze: x=0.418, y=0.382
[2025-12-24 10:45:38] [DEBUG] Frame processing START
[2025-12-24 10:45:38] [DEBUG] Raw gaze: x=0.375, y=0.424
[2025-12-24 10:45:38] [DEBUG] Combined gaze: x=0.408, y=0.447
[2025-12-24 10:45:38] [DEBUG] Frame processing START
[2025-12-24 10:45:38] [DEBUG] Raw gaze: x=0.395, y=0.397
[2025-12-24 10:45:38] [DEBUG] Combined gaze: x=0.423, y=0.374
[2025-12-24 10:45:38] [DEBUG] Frame processing START
[2025-12-24 10:45:38] [DEBUG] Raw gaze: x=0.407, y=0.465
[2025-12-24 10:45:38] [DEBUG] Combined gaze: x=0.432, y=0.400
[2025-12-24 10:45:38] [DEBUG] Frame processing START
[2025-12-24 10:45:38] [DEBUG] Raw gaze: x=0.438, y=0.463
[2025-12-24 10:45:38] [DEBUG] Combined gaze: x=0.459, y=0.394
[2025-12-24 10:45:38] [DEBUG] Frame processing START
[2025-12-24 10:45:38] [DEBUG] Raw gaze: x=0.429, y=0.398
[2025-12-24 10:45:38] [DEBUG] Combined gaze: x=0.449, y=0.338
[2025-12-24 10:45:38] [DEBUG] Frame processing START
[2025-12-24 10:45:38] [DEBUG] Raw gaze: x=0.402, y=0.408
[2025-12-24 10:45:38] [DEBUG] Combined gaze: x=0.427, y=0.347
[2025-12-24 10:45:38] [DEBUG] Frame processing START
[2025-12-24 10:45:38] [DEBUG] Raw gaze: x=0.409, y=0.398
[2025-12-24 10:45:38] [DEBUG] Combined gaze: x=0.435, y=0.338
[2025-12-24 10:45:38] [DEBUG] Frame processing START
[2025-12-24 10:45:38] [DEBUG] Raw gaze: x=0.417, y=0.407
[2025-12-24 10:45:38] [DEBUG] Combined gaze: x=0.443, y=0.346
[2025-12-24 10:45:38] [DEBUG] Frame processing START
[2025-12-24 10:45:38] [DEBUG] Raw gaze: x=0.425, y=0.406
[2025-12-24 10:45:38] [DEBUG] Combined gaze: x=0.452, y=0.400
[2025-12-24 10:45:38] [DEBUG] Frame processing START
[2025-12-24 10:45:38] [DEBUG] Raw gaze: x=0.426, y=0.409
[2025-12-24 10:45:38] [DEBUG] Combined gaze: x=0.451, y=0.365
[2025-12-24 10:45:38] [DEBUG] Frame processing START
[2025-12-24 10:45:38] [DEBUG] Raw gaze: x=0.432, y=0.416
[2025-12-24 10:45:38] [DEBUG] Combined gaze: x=0.455, y=0.353
[2025-12-24 10:45:38] [DEBUG] Frame processing START
[2025-12-24 10:45:38] [DEBUG] Raw gaze: x=0.442, y=0.432
[2025-12-24 10:45:38] [DEBUG] Combined gaze: x=0.465, y=0.367
[2025-12-24 10:45:38] [DEBUG] Frame processing START
[2025-12-24 10:45:38] [DEBUG] Raw gaze: x=0.449, y=0.458
[2025-12-24 10:45:38] [DEBUG] Combined gaze: x=0.471, y=0.390
[2025-12-24 10:45:38] [DEBUG] Frame processing START
[2025-12-24 10:45:38] [DEBUG] Raw gaze: x=0.442, y=0.444
[2025-12-24 10:45:38] [DEBUG] Combined gaze: x=0.464, y=0.378
[2025-12-24 10:45:38] [DEBUG] Frame processing START
[2025-12-24 10:45:38] [DEBUG] Raw gaze: x=0.471, y=0.479
[2025-12-24 10:45:38] [DEBUG] Combined gaze: x=0.487, y=0.407
[2025-12-24 10:45:38] [DEBUG] Frame processing START
[2025-12-24 10:45:38] [DEBUG] Raw gaze: x=0.448, y=0.447
[2025-12-24 10:45:38] [DEBUG] Combined gaze: x=0.467, y=0.380
[2025-12-24 10:45:38] [DEBUG] Frame processing START
[2025-12-24 10:45:39] [DEBUG] Raw gaze: x=0.449, y=0.486
[2025-12-24 10:45:39] [DEBUG] Combined gaze: x=0.468, y=0.413
[2025-12-24 10:45:39] [DEBUG] Frame processing START
[2025-12-24 10:45:39] [DEBUG] Raw gaze: x=0.436, y=0.485
[2025-12-24 10:45:39] [DEBUG] Combined gaze: x=0.459, y=0.465
[2025-12-24 10:45:39] [DEBUG] Frame processing START
[2025-12-24 10:45:39] [DEBUG] Raw gaze: x=0.427, y=0.462
[2025-12-24 10:45:39] [DEBUG] Combined gaze: x=0.450, y=0.408
[2025-12-24 10:45:39] [DEBUG] Frame processing START
[2025-12-24 10:45:39] [DEBUG] Raw gaze: x=0.429, y=0.416
[2025-12-24 10:45:39] [DEBUG] Combined gaze: x=0.450, y=0.354
[2025-12-24 10:45:39] [DEBUG] Frame processing START
[2025-12-24 10:45:39] [DEBUG] Raw gaze: x=0.415, y=0.436
[2025-12-24 10:45:39] [DEBUG] Combined gaze: x=0.440, y=0.370
[2025-12-24 10:45:39] [DEBUG] Frame processing START
[2025-12-24 10:45:39] [DEBUG] Raw gaze: x=0.438, y=0.457
[2025-12-24 10:45:39] [DEBUG] Combined gaze: x=0.459, y=0.388
[2025-12-24 10:45:39] [DEBUG] Frame processing START
[2025-12-24 10:45:39] [DEBUG] Raw gaze: x=0.372, y=0.459
[2025-12-24 10:45:39] [DEBUG] Combined gaze: x=0.406, y=0.450
[2025-12-24 10:45:39] [DEBUG] Frame processing START
[2025-12-24 10:45:39] [DEBUG] Raw gaze: x=0.447, y=0.444
[2025-12-24 10:45:39] [DEBUG] Combined gaze: x=0.468, y=0.397
[2025-12-24 10:45:39] [DEBUG] Frame processing START
[2025-12-24 10:45:39] [DEBUG] Raw gaze: x=0.464, y=0.437
[2025-12-24 10:45:39] [DEBUG] Combined gaze: x=0.482, y=0.372
[2025-12-24 10:45:39] [DEBUG] Frame processing START
[2025-12-24 10:45:39] [DEBUG] Raw gaze: x=0.394, y=0.420
[2025-12-24 10:45:39] [DEBUG] Combined gaze: x=0.421, y=0.357
[2025-12-24 10:45:39] [DEBUG] Frame processing START
[2025-12-24 10:45:39] [DEBUG] Raw gaze: x=0.365, y=0.414
[2025-12-24 10:45:39] [DEBUG] Combined gaze: x=0.398, y=0.352
[2025-12-24 10:45:39] [DEBUG] Frame processing START
[2025-12-24 10:45:39] [DEBUG] Raw gaze: x=0.394, y=0.457
[2025-12-24 10:45:39] [DEBUG] Combined gaze: x=0.421, y=0.389
[2025-12-24 10:45:39] [DEBUG] Frame processing START
[2025-12-24 10:45:39] [DEBUG] Raw gaze: x=0.405, y=0.454
[2025-12-24 10:45:39] [DEBUG] Combined gaze: x=0.430, y=0.386
[2025-12-24 10:45:39] [DEBUG] Frame processing START
[2025-12-24 10:45:39] [DEBUG] Raw gaze: x=0.466, y=0.479
[2025-12-24 10:45:39] [DEBUG] Combined gaze: x=0.482, y=0.407
[2025-12-24 10:45:39] [DEBUG] Frame processing START
[2025-12-24 10:45:39] [DEBUG] Raw gaze: x=0.451, y=0.473
[2025-12-24 10:45:39] [DEBUG] Combined gaze: x=0.470, y=0.402
[2025-12-24 10:45:39] [DEBUG] Collected sample 20/20 for point 6
[2025-12-24 10:45:39] [INFO] Moving to calibration point 7
[2025-12-24 10:45:39] [DEBUG] Frame processing START
[2025-12-24 10:45:39] [DEBUG] Raw gaze: x=0.397, y=0.437
[2025-12-24 10:45:39] [DEBUG] Combined gaze: x=0.422, y=0.372
[2025-12-24 10:45:39] [DEBUG] Frame processing START
[2025-12-24 10:45:39] [DEBUG] Raw gaze: x=0.359, y=0.438
[2025-12-24 10:45:39] [DEBUG] Combined gaze: x=0.389, y=0.373
[2025-12-24 10:45:39] [DEBUG] Frame processing START
[2025-12-24 10:45:39] [DEBUG] Raw gaze: x=0.401, y=0.431
[2025-12-24 10:45:39] [DEBUG] Combined gaze: x=0.425, y=0.366
[2025-12-24 10:45:39] [DEBUG] Frame processing START
[2025-12-24 10:45:39] [DEBUG] Raw gaze: x=0.418, y=0.401
[2025-12-24 10:45:39] [DEBUG] Combined gaze: x=0.439, y=0.341
[2025-12-24 10:45:39] [DEBUG] Frame processing START
[2025-12-24 10:45:39] [DEBUG] Raw gaze: x=0.405, y=0.422
[2025-12-24 10:45:39] [DEBUG] Combined gaze: x=0.429, y=0.358
[2025-12-24 10:45:39] [DEBUG] Frame processing START
[2025-12-24 10:45:39] [DEBUG] Raw gaze: x=0.423, y=0.391
[2025-12-24 10:45:39] [DEBUG] Combined gaze: x=0.444, y=0.332
[2025-12-24 10:45:39] [DEBUG] Frame processing START
[2025-12-24 10:45:39] [DEBUG] Raw gaze: x=0.417, y=0.380
[2025-12-24 10:45:39] [DEBUG] Combined gaze: x=0.439, y=0.323
[2025-12-24 10:45:39] [DEBUG] Frame processing START
[2025-12-24 10:45:39] [DEBUG] Raw gaze: x=0.535, y=0.557
[2025-12-24 10:45:39] [DEBUG] Combined gaze: x=0.541, y=0.473
[2025-12-24 10:45:40] [DEBUG] Frame processing START
[2025-12-24 10:45:40] [DEBUG] Raw gaze: x=0.453, y=0.564
[2025-12-24 10:45:40] [DEBUG] Combined gaze: x=0.473, y=0.531
[2025-12-24 10:45:40] [INFO] Calibration trigger at point 7
[2025-12-24 10:45:40] [DEBUG] Frame processing START
[2025-12-24 10:45:40] [DEBUG] Raw gaze: x=0.454, y=0.591
[2025-12-24 10:45:40] [DEBUG] Combined gaze: x=0.475, y=0.516
[2025-12-24 10:45:40] [DEBUG] Frame processing START
[2025-12-24 10:45:40] [DEBUG] Raw gaze: x=0.435, y=0.513
[2025-12-24 10:45:40] [DEBUG] Combined gaze: x=0.458, y=0.436
[2025-12-24 10:45:40] [DEBUG] Frame processing START
[2025-12-24 10:45:40] [DEBUG] Raw gaze: x=0.435, y=0.495
[2025-12-24 10:45:40] [DEBUG] Combined gaze: x=0.459, y=0.420
[2025-12-24 10:45:40] [DEBUG] Frame processing START
[2025-12-24 10:45:40] [DEBUG] Raw gaze: x=0.580, y=0.560
[2025-12-24 10:45:40] [DEBUG] Combined gaze: x=0.580, y=0.540
[2025-12-24 10:45:40] [DEBUG] Frame processing START
[2025-12-24 10:45:40] [DEBUG] Raw gaze: x=0.583, y=0.540
[2025-12-24 10:45:40] [DEBUG] Combined gaze: x=0.582, y=0.575
[2025-12-24 10:45:40] [DEBUG] Frame processing START
[2025-12-24 10:45:40] [DEBUG] Raw gaze: x=0.598, y=0.610
[2025-12-24 10:45:40] [DEBUG] Combined gaze: x=0.597, y=0.665
[2025-12-24 10:45:40] [DEBUG] Frame processing START
[2025-12-24 10:45:40] [DEBUG] Raw gaze: x=0.592, y=0.511
[2025-12-24 10:45:40] [DEBUG] Combined gaze: x=0.591, y=0.505
[2025-12-24 10:45:40] [DEBUG] Frame processing START
[2025-12-24 10:45:40] [DEBUG] Raw gaze: x=0.591, y=0.544
[2025-12-24 10:45:40] [DEBUG] Combined gaze: x=0.589, y=0.488
[2025-12-24 10:45:40] [DEBUG] Frame processing START
[2025-12-24 10:45:40] [DEBUG] Raw gaze: x=0.548, y=0.551
[2025-12-24 10:45:40] [DEBUG] Combined gaze: x=0.552, y=0.468
[2025-12-24 10:45:40] [DEBUG] Frame processing START
[2025-12-24 10:45:40] [DEBUG] Raw gaze: x=0.546, y=0.560
[2025-12-24 10:45:40] [DEBUG] Combined gaze: x=0.551, y=0.476
[2025-12-24 10:45:40] [DEBUG] Frame processing START
[2025-12-24 10:45:40] [DEBUG] Raw gaze: x=0.559, y=0.542
[2025-12-24 10:45:40] [DEBUG] Combined gaze: x=0.561, y=0.461
[2025-12-24 10:45:40] [DEBUG] Frame processing START
[2025-12-24 10:45:40] [DEBUG] Raw gaze: x=0.516, y=0.576
[2025-12-24 10:45:40] [DEBUG] Combined gaze: x=0.524, y=0.490
[2025-12-24 10:45:40] [DEBUG] Frame processing START
[2025-12-24 10:45:40] [DEBUG] Raw gaze: x=0.612, y=0.581
[2025-12-24 10:45:40] [DEBUG] Combined gaze: x=0.606, y=0.494
[2025-12-24 10:45:40] [DEBUG] Frame processing START
[2025-12-24 10:45:40] [DEBUG] Raw gaze: x=0.581, y=0.454
[2025-12-24 10:45:40] [DEBUG] Combined gaze: x=0.579, y=0.386
[2025-12-24 10:45:40] [DEBUG] Frame processing START
[2025-12-24 10:45:40] [DEBUG] Raw gaze: x=0.577, y=0.462
[2025-12-24 10:45:40] [DEBUG] Combined gaze: x=0.575, y=0.393
[2025-12-24 10:45:40] [DEBUG] Frame processing START
[2025-12-24 10:45:40] [DEBUG] Raw gaze: x=0.679, y=0.647
[2025-12-24 10:45:40] [DEBUG] Combined gaze: x=0.663, y=0.550
[2025-12-24 10:45:40] [DEBUG] Frame processing START
[2025-12-24 10:45:40] [DEBUG] Raw gaze: x=0.619, y=0.575
[2025-12-24 10:45:40] [DEBUG] Combined gaze: x=0.612, y=0.489
[2025-12-24 10:45:40] [DEBUG] Frame processing START
[2025-12-24 10:45:40] [DEBUG] Raw gaze: x=0.588, y=0.511
[2025-12-24 10:45:40] [DEBUG] Combined gaze: x=0.589, y=0.487
[2025-12-24 10:45:40] [DEBUG] Frame processing START
[2025-12-24 10:45:40] [DEBUG] Raw gaze: x=0.591, y=0.469
[2025-12-24 10:45:40] [DEBUG] Combined gaze: x=0.593, y=0.507
[2025-12-24 10:45:40] [DEBUG] Frame processing START
[2025-12-24 10:45:40] [DEBUG] Raw gaze: x=0.605, y=0.549
[2025-12-24 10:45:40] [DEBUG] Combined gaze: x=0.606, y=0.609
[2025-12-24 10:45:40] [DEBUG] Frame processing START
[2025-12-24 10:45:40] [DEBUG] Raw gaze: x=0.607, y=0.534
[2025-12-24 10:45:40] [DEBUG] Combined gaze: x=0.607, y=0.604
[2025-12-24 10:45:40] [DEBUG] Frame processing START
[2025-12-24 10:45:41] [DEBUG] Raw gaze: x=0.557, y=0.523
[2025-12-24 10:45:41] [DEBUG] Combined gaze: x=0.562, y=0.527
[2025-12-24 10:45:41] [DEBUG] Frame processing START
[2025-12-24 10:45:41] [DEBUG] Raw gaze: x=0.489, y=0.495
[2025-12-24 10:45:41] [DEBUG] Combined gaze: x=0.502, y=0.454
[2025-12-24 10:45:41] [DEBUG] Frame processing START
[2025-12-24 10:45:41] [DEBUG] Raw gaze: x=0.578, y=0.614
[2025-12-24 10:45:41] [DEBUG] Combined gaze: x=0.578, y=0.619
[2025-12-24 10:45:41] [DEBUG] Frame processing START
[2025-12-24 10:45:41] [DEBUG] Raw gaze: x=0.613, y=0.601
[2025-12-24 10:45:41] [DEBUG] Combined gaze: x=0.607, y=0.552
[2025-12-24 10:45:41] [DEBUG] Frame processing START
[2025-12-24 10:45:41] [DEBUG] Raw gaze: x=0.618, y=0.596
[2025-12-24 10:45:41] [DEBUG] Combined gaze: x=0.615, y=0.608
[2025-12-24 10:45:41] [DEBUG] Frame processing START
[2025-12-24 10:45:41] [DEBUG] Raw gaze: x=0.587, y=0.513
[2025-12-24 10:45:41] [DEBUG] Combined gaze: x=0.590, y=0.575
[2025-12-24 10:45:41] [DEBUG] Frame processing START
[2025-12-24 10:45:41] [DEBUG] Raw gaze: x=0.582, y=0.508
[2025-12-24 10:45:41] [DEBUG] Combined gaze: x=0.586, y=0.581
[2025-12-24 10:45:41] [DEBUG] Frame processing START
[2025-12-24 10:45:41] [DEBUG] Raw gaze: x=0.549, y=0.518
[2025-12-24 10:45:41] [DEBUG] Combined gaze: x=0.557, y=0.520
[2025-12-24 10:45:41] [DEBUG] Frame processing START
[2025-12-24 10:45:41] [DEBUG] Raw gaze: x=0.557, y=0.547
[2025-12-24 10:45:41] [DEBUG] Combined gaze: x=0.563, y=0.496
[2025-12-24 10:45:41] [DEBUG] Frame processing START
[2025-12-24 10:45:41] [DEBUG] Raw gaze: x=0.560, y=0.514
[2025-12-24 10:45:41] [DEBUG] Combined gaze: x=0.567, y=0.533
[2025-12-24 10:45:41] [DEBUG] Collected sample 20/20 for point 7
[2025-12-24 10:45:41] [INFO] Moving to calibration point 8
[2025-12-24 10:45:41] [DEBUG] Frame processing START
[2025-12-24 10:45:41] [DEBUG] Raw gaze: x=0.584, y=0.533
[2025-12-24 10:45:41] [DEBUG] Combined gaze: x=0.585, y=0.494
[2025-12-24 10:45:41] [DEBUG] Frame processing START
[2025-12-24 10:45:41] [DEBUG] Raw gaze: x=0.580, y=0.516
[2025-12-24 10:45:41] [DEBUG] Combined gaze: x=0.580, y=0.447
[2025-12-24 10:45:41] [DEBUG] Frame processing START
[2025-12-24 10:45:41] [DEBUG] Raw gaze: x=0.590, y=0.535
[2025-12-24 10:45:41] [DEBUG] Combined gaze: x=0.589, y=0.454
[2025-12-24 10:45:41] [DEBUG] Frame processing START
[2025-12-24 10:45:41] [DEBUG] Raw gaze: x=0.588, y=0.543
[2025-12-24 10:45:41] [DEBUG] Combined gaze: x=0.587, y=0.461
[2025-12-24 10:45:41] [DEBUG] Frame processing START
[2025-12-24 10:45:41] [DEBUG] Raw gaze: x=0.599, y=0.551
[2025-12-24 10:45:41] [DEBUG] Combined gaze: x=0.599, y=0.531
[2025-12-24 10:45:41] [DEBUG] Frame processing START
[2025-12-24 10:45:41] [DEBUG] Raw gaze: x=0.608, y=0.582
[2025-12-24 10:45:41] [DEBUG] Combined gaze: x=0.609, y=0.609
[2025-12-24 10:45:41] [DEBUG] Frame processing START
[2025-12-24 10:45:41] [DEBUG] Raw gaze: x=0.585, y=0.615
[2025-12-24 10:45:41] [DEBUG] Combined gaze: x=0.589, y=0.574
[2025-12-24 10:45:41] [DEBUG] Frame processing START
[2025-12-24 10:45:41] [DEBUG] Raw gaze: x=0.577, y=0.620
[2025-12-24 10:45:41] [DEBUG] Combined gaze: x=0.581, y=0.540
[2025-12-24 10:45:41] [DEBUG] Frame processing START
[2025-12-24 10:45:41] [DEBUG] Raw gaze: x=0.512, y=0.495
[2025-12-24 10:45:41] [DEBUG] Combined gaze: x=0.526, y=0.506
[2025-12-24 10:45:41] [DEBUG] Frame processing START
[2025-12-24 10:45:41] [DEBUG] Raw gaze: x=0.526, y=0.474
[2025-12-24 10:45:41] [DEBUG] Combined gaze: x=0.538, y=0.531
[2025-12-24 10:45:41] [DEBUG] Frame processing START
[2025-12-24 10:45:41] [DEBUG] Raw gaze: x=0.496, y=0.627
[2025-12-24 10:45:41] [DEBUG] Combined gaze: x=0.514, y=0.683
[2025-12-24 10:45:41] [INFO] Calibration trigger at point 8
[2025-12-24 10:45:41] [DEBUG] Frame processing START
[2025-12-24 10:45:41] [DEBUG] Raw gaze: x=0.510, y=0.619
[2025-12-24 10:45:41] [DEBUG] Combined gaze: x=0.525, y=0.676
[2025-12-24 10:45:41] [DEBUG] Frame processing START
[2025-12-24 10:45:42] [DEBUG] Raw gaze: x=0.564, y=0.549
[2025-12-24 10:45:42] [DEBUG] Combined gaze: x=0.570, y=0.617
[2025-12-24 10:45:42] [DEBUG] Frame processing START
[2025-12-24 10:45:42] [DEBUG] Raw gaze: x=0.529, y=0.517
[2025-12-24 10:45:42] [DEBUG] Combined gaze: x=0.542, y=0.589
[2025-12-24 10:45:42] [DEBUG] Frame processing START
[2025-12-24 10:45:42] [DEBUG] Raw gaze: x=0.508, y=0.503
[2025-12-24 10:45:42] [DEBUG] Combined gaze: x=0.524, y=0.577
[2025-12-24 10:45:42] [DEBUG] Frame processing START
[2025-12-24 10:45:42] [DEBUG] Raw gaze: x=0.520, y=0.466
[2025-12-24 10:45:42] [DEBUG] Combined gaze: x=0.532, y=0.493
[2025-12-24 10:45:42] [DEBUG] Frame processing START
[2025-12-24 10:45:42] [DEBUG] Raw gaze: x=0.529, y=0.528
[2025-12-24 10:45:42] [DEBUG] Combined gaze: x=0.537, y=0.490
[2025-12-24 10:45:42] [DEBUG] Frame processing START
[2025-12-24 10:45:42] [DEBUG] Raw gaze: x=0.539, y=0.543
[2025-12-24 10:45:42] [DEBUG] Combined gaze: x=0.545, y=0.470
[2025-12-24 10:45:42] [DEBUG] Frame processing START
[2025-12-24 10:45:42] [DEBUG] Raw gaze: x=0.460, y=0.498
[2025-12-24 10:45:42] [DEBUG] Combined gaze: x=0.475, y=0.423
[2025-12-24 10:45:42] [DEBUG] Frame processing START
[2025-12-24 10:45:42] [DEBUG] Raw gaze: x=0.513, y=0.536
[2025-12-24 10:45:42] [DEBUG] Combined gaze: x=0.519, y=0.456
[2025-12-24 10:45:42] [DEBUG] Frame processing START
[2025-12-24 10:45:42] [DEBUG] Raw gaze: x=0.525, y=0.556
[2025-12-24 10:45:42] [DEBUG] Combined gaze: x=0.530, y=0.472
[2025-12-24 10:45:42] [DEBUG] Frame processing START
[2025-12-24 10:45:42] [DEBUG] Raw gaze: x=0.484, y=0.531
[2025-12-24 10:45:42] [DEBUG] Combined gaze: x=0.496, y=0.452
[2025-12-24 10:45:42] [DEBUG] Frame processing START
[2025-12-24 10:45:42] [DEBUG] Raw gaze: x=0.503, y=0.457
[2025-12-24 10:45:42] [DEBUG] Combined gaze: x=0.513, y=0.389
[2025-12-24 10:45:42] [DEBUG] Frame processing START
[2025-12-24 10:45:42] [DEBUG] Raw gaze: x=0.516, y=0.484
[2025-12-24 10:45:42] [DEBUG] Combined gaze: x=0.521, y=0.411
[2025-12-24 10:45:42] [DEBUG] Frame processing START
[2025-12-24 10:45:42] [DEBUG] Raw gaze: x=0.485, y=0.523
[2025-12-24 10:45:42] [DEBUG] Combined gaze: x=0.494, y=0.444
[2025-12-24 10:45:42] [DEBUG] Frame processing START
[2025-12-24 10:45:42] [DEBUG] Raw gaze: x=0.536, y=0.575
[2025-12-24 10:45:42] [DEBUG] Combined gaze: x=0.538, y=0.488
[2025-12-24 10:45:42] [DEBUG] Frame processing START
[2025-12-24 10:45:42] [DEBUG] Raw gaze: x=0.551, y=0.613
[2025-12-24 10:45:42] [DEBUG] Combined gaze: x=0.552, y=0.521
[2025-12-24 10:45:42] [DEBUG] Frame processing START
[2025-12-24 10:45:42] [DEBUG] Raw gaze: x=0.516, y=0.500
[2025-12-24 10:45:42] [DEBUG] Combined gaze: x=0.523, y=0.425
[2025-12-24 10:45:42] [INFO] Calibration trigger at point 8
[2025-12-24 10:45:42] [DEBUG] Frame processing START
[2025-12-24 10:45:42] [DEBUG] Raw gaze: x=0.519, y=0.505
[2025-12-24 10:45:42] [DEBUG] Combined gaze: x=0.526, y=0.429
[2025-12-24 10:45:42] [DEBUG] Frame processing START
[2025-12-24 10:45:42] [DEBUG] Raw gaze: x=0.517, y=0.527
[2025-12-24 10:45:42] [DEBUG] Combined gaze: x=0.523, y=0.448
[2025-12-24 10:45:42] [DEBUG] Frame processing START
[2025-12-24 10:45:42] [DEBUG] Raw gaze: x=0.518, y=0.510
[2025-12-24 10:45:42] [DEBUG] Combined gaze: x=0.524, y=0.433
[2025-12-24 10:45:42] [DEBUG] Frame processing START
[2025-12-24 10:45:42] [DEBUG] Raw gaze: x=0.471, y=0.478
[2025-12-24 10:45:42] [DEBUG] Combined gaze: x=0.488, y=0.458
[2025-12-24 10:45:43] [DEBUG] Frame processing START
[2025-12-24 10:45:43] [DEBUG] Raw gaze: x=0.498, y=0.503
[2025-12-24 10:45:43] [DEBUG] Combined gaze: x=0.507, y=0.443
[2025-12-24 10:45:43] [DEBUG] Frame processing START
[2025-12-24 10:45:43] [DEBUG] Raw gaze: x=0.498, y=0.509
[2025-12-24 10:45:43] [DEBUG] Combined gaze: x=0.506, y=0.433
[2025-12-24 10:45:43] [DEBUG] Frame processing START
[2025-12-24 10:45:43] [DEBUG] Raw gaze: x=0.481, y=0.488
[2025-12-24 10:45:43] [DEBUG] Combined gaze: x=0.495, y=0.415
[2025-12-24 10:45:43] [DEBUG] Frame processing START
[2025-12-24 10:45:43] [DEBUG] Raw gaze: x=0.514, y=0.497
[2025-12-24 10:45:43] [DEBUG] Combined gaze: x=0.521, y=0.422
[2025-12-24 10:45:43] [DEBUG] Frame processing START
[2025-12-24 10:45:43] [DEBUG] Raw gaze: x=0.509, y=0.507
[2025-12-24 10:45:43] [DEBUG] Combined gaze: x=0.517, y=0.431
[2025-12-24 10:45:43] [DEBUG] Frame processing START
[2025-12-24 10:45:43] [DEBUG] Raw gaze: x=0.546, y=0.563
[2025-12-24 10:45:43] [DEBUG] Combined gaze: x=0.551, y=0.535
[2025-12-24 10:45:43] [INFO] Calibration trigger at point 8
[2025-12-24 10:45:43] [DEBUG] Frame processing START
[2025-12-24 10:45:43] [DEBUG] Raw gaze: x=0.538, y=0.549
[2025-12-24 10:45:43] [DEBUG] Combined gaze: x=0.547, y=0.579
[2025-12-24 10:45:43] [DEBUG] Frame processing START
[2025-12-24 10:45:43] [DEBUG] Raw gaze: x=0.502, y=0.471
[2025-12-24 10:45:43] [DEBUG] Combined gaze: x=0.513, y=0.451
[2025-12-24 10:45:43] [DEBUG] Frame processing START
[2025-12-24 10:45:43] [DEBUG] Raw gaze: x=0.470, y=0.463
[2025-12-24 10:45:43] [DEBUG] Combined gaze: x=0.484, y=0.409
[2025-12-24 10:45:43] [DEBUG] Frame processing START
[2025-12-24 10:45:43] [DEBUG] Raw gaze: x=0.532, y=0.529
[2025-12-24 10:45:43] [DEBUG] Combined gaze: x=0.537, y=0.450
[2025-12-24 10:45:43] [DEBUG] Frame processing START
[2025-12-24 10:45:43] [DEBUG] Raw gaze: x=0.471, y=0.495
[2025-12-24 10:45:43] [DEBUG] Combined gaze: x=0.486, y=0.421
[2025-12-24 10:45:43] [DEBUG] Collected sample 20/20 for point 8
[2025-12-24 10:45:43] [INFO] Moving to calibration point 9
[2025-12-24 10:45:43] [DEBUG] Frame processing START
[2025-12-24 10:45:43] [DEBUG] Raw gaze: x=0.479, y=0.556
[2025-12-24 10:45:43] [DEBUG] Combined gaze: x=0.492, y=0.472
[2025-12-24 10:45:43] [DEBUG] Frame processing START
[2025-12-24 10:45:43] [DEBUG] Raw gaze: x=0.473, y=0.474
[2025-12-24 10:45:43] [DEBUG] Combined gaze: x=0.485, y=0.403
[2025-12-24 10:45:43] [DEBUG] Frame processing START
[2025-12-24 10:45:43] [DEBUG] Raw gaze: x=0.481, y=0.506
[2025-12-24 10:45:43] [DEBUG] Combined gaze: x=0.495, y=0.487
[2025-12-24 10:45:43] [DEBUG] Frame processing START
[2025-12-24 10:45:43] [DEBUG] Raw gaze: x=0.510, y=0.540
[2025-12-24 10:45:43] [DEBUG] Combined gaze: x=0.518, y=0.477
[2025-12-24 10:45:43] [DEBUG] Frame processing START
[2025-12-24 10:45:43] [DEBUG] Raw gaze: x=0.529, y=0.541
[2025-12-24 10:45:43] [DEBUG] Combined gaze: x=0.534, y=0.460
[2025-12-24 10:45:43] [DEBUG] Frame processing START
[2025-12-24 10:45:43] [DEBUG] Raw gaze: x=0.529, y=0.524
[2025-12-24 10:45:43] [DEBUG] Combined gaze: x=0.538, y=0.519
[2025-12-24 10:45:43] [DEBUG] Frame processing START
[2025-12-24 10:45:43] [DEBUG] Raw gaze: x=0.506, y=0.471
[2025-12-24 10:45:43] [DEBUG] Combined gaze: x=0.520, y=0.522
[2025-12-24 10:45:43] [DEBUG] Frame processing START
[2025-12-24 10:45:43] [DEBUG] Raw gaze: x=0.436, y=0.518
[2025-12-24 10:45:43] [DEBUG] Combined gaze: x=0.461, y=0.590
[2025-12-24 10:45:43] [INFO] Calibration trigger at point 9
[2025-12-24 10:45:43] [DEBUG] Frame processing START
[2025-12-24 10:45:43] [DEBUG] Raw gaze: x=0.496, y=0.473
[2025-12-24 10:45:43] [DEBUG] Combined gaze: x=0.512, y=0.552
[2025-12-24 10:45:43] [DEBUG] Frame processing START
[2025-12-24 10:45:43] [DEBUG] Raw gaze: x=0.502, y=0.515
[2025-12-24 10:45:43] [DEBUG] Combined gaze: x=0.516, y=0.521
[2025-12-24 10:45:43] [DEBUG] Frame processing START
[2025-12-24 10:45:44] [DEBUG] Raw gaze: x=0.406, y=0.665
[2025-12-24 10:45:44] [DEBUG] Combined gaze: x=0.435, y=0.597
[2025-12-24 10:45:44] [DEBUG] Frame processing START
[2025-12-24 10:45:44] [DEBUG] Raw gaze: x=0.410, y=0.579
[2025-12-24 10:45:44] [DEBUG] Combined gaze: x=0.438, y=0.589
[2025-12-24 10:45:44] [DEBUG] Frame processing START
[2025-12-24 10:45:44] [DEBUG] Raw gaze: x=0.392, y=0.567
[2025-12-24 10:45:44] [DEBUG] Combined gaze: x=0.424, y=0.616
[2025-12-24 10:45:44] [DEBUG] Frame processing START
[2025-12-24 10:45:44] [DEBUG] Raw gaze: x=0.443, y=0.584
[2025-12-24 10:45:44] [DEBUG] Combined gaze: x=0.465, y=0.559
[2025-12-24 10:45:44] [DEBUG] Frame processing START
[2025-12-24 10:45:44] [DEBUG] Raw gaze: x=0.398, y=0.578
[2025-12-24 10:45:44] [DEBUG] Combined gaze: x=0.425, y=0.607
[2025-12-24 10:45:44] [DEBUG] Frame processing START
[2025-12-24 10:45:44] [DEBUG] Raw gaze: x=0.411, y=0.538
[2025-12-24 10:45:44] [DEBUG] Combined gaze: x=0.434, y=0.605
[2025-12-24 10:45:44] [DEBUG] Frame processing START
[2025-12-24 10:45:44] [DEBUG] Raw gaze: x=0.419, y=0.395
[2025-12-24 10:45:44] [DEBUG] Combined gaze: x=0.444, y=0.485
[2025-12-24 10:45:44] [DEBUG] Frame processing START
[2025-12-24 10:45:44] [DEBUG] Raw gaze: x=0.443, y=0.508
[2025-12-24 10:45:44] [DEBUG] Combined gaze: x=0.466, y=0.582
[2025-12-24 10:45:44] [INFO] Calibration trigger at point 9
[2025-12-24 10:45:44] [DEBUG] Frame processing START
[2025-12-24 10:45:44] [DEBUG] Raw gaze: x=0.446, y=0.461
[2025-12-24 10:45:44] [DEBUG] Combined gaze: x=0.470, y=0.542
[2025-12-24 10:45:44] [DEBUG] Frame processing START
[2025-12-24 10:45:44] [DEBUG] Raw gaze: x=0.597, y=0.575
[2025-12-24 10:45:44] [DEBUG] Combined gaze: x=0.598, y=0.639
[2025-12-24 10:45:44] [DEBUG] Frame processing START
[2025-12-24 10:45:44] [DEBUG] Raw gaze: x=0.536, y=0.538
[2025-12-24 10:45:44] [DEBUG] Combined gaze: x=0.547, y=0.607
[2025-12-24 10:45:44] [DEBUG] Frame processing START
[2025-12-24 10:45:44] [DEBUG] Raw gaze: x=0.537, y=0.560
[2025-12-24 10:45:44] [DEBUG] Combined gaze: x=0.548, y=0.626
[2025-12-24 10:45:44] [DEBUG] Frame processing START
[2025-12-24 10:45:44] [DEBUG] Raw gaze: x=0.554, y=0.533
[2025-12-24 10:45:44] [DEBUG] Combined gaze: x=0.564, y=0.603
[2025-12-24 10:45:44] [DEBUG] Frame processing START
[2025-12-24 10:45:44] [DEBUG] Raw gaze: x=0.438, y=0.560
[2025-12-24 10:45:44] [DEBUG] Combined gaze: x=0.462, y=0.572
[2025-12-24 10:45:44] [DEBUG] Frame processing START
[2025-12-24 10:45:44] [DEBUG] Raw gaze: x=0.439, y=0.501
[2025-12-24 10:45:44] [DEBUG] Combined gaze: x=0.461, y=0.466
[2025-12-24 10:45:44] [DEBUG] Frame processing START
[2025-12-24 10:45:44] [DEBUG] Raw gaze: x=0.474, y=0.548
[2025-12-24 10:45:44] [DEBUG] Combined gaze: x=0.492, y=0.567
[2025-12-24 10:45:44] [DEBUG] Frame processing START
[2025-12-24 10:45:44] [DEBUG] Raw gaze: x=0.458, y=0.475
[2025-12-24 10:45:44] [DEBUG] Combined gaze: x=0.480, y=0.542
[2025-12-24 10:45:44] [DEBUG] Frame processing START
[2025-12-24 10:45:44] [DEBUG] Raw gaze: x=0.450, y=0.475
[2025-12-24 10:45:44] [DEBUG] Combined gaze: x=0.474, y=0.553
[2025-12-24 10:45:44] [DEBUG] Frame processing START
[2025-12-24 10:45:44] [DEBUG] Raw gaze: x=0.466, y=0.498
[2025-12-24 10:45:44] [DEBUG] Combined gaze: x=0.488, y=0.573
[2025-12-24 10:45:44] [INFO] Calibration trigger at point 9
[2025-12-24 10:45:44] [DEBUG] Frame processing START
[2025-12-24 10:45:44] [DEBUG] Raw gaze: x=0.467, y=0.521
[2025-12-24 10:45:44] [DEBUG] Combined gaze: x=0.488, y=0.592
[2025-12-24 10:45:44] [DEBUG] Frame processing START
[2025-12-24 10:45:44] [DEBUG] Raw gaze: x=0.425, y=0.457
[2025-12-24 10:45:44] [DEBUG] Combined gaze: x=0.453, y=0.538
[2025-12-24 10:45:45] [DEBUG] Frame processing START
[2025-12-24 10:45:45] [DEBUG] Raw gaze: x=0.433, y=0.445
[2025-12-24 10:45:45] [DEBUG] Combined gaze: x=0.456, y=0.472
[2025-12-24 10:45:45] [DEBUG] Frame processing START
[2025-12-24 10:45:45] [DEBUG] Raw gaze: x=0.585, y=0.483
[2025-12-24 10:45:45] [DEBUG] Combined gaze: x=0.583, y=0.449
[2025-12-24 10:45:45] [DEBUG] Frame processing START
[2025-12-24 10:45:45] [DEBUG] Raw gaze: x=0.519, y=0.475
[2025-12-24 10:45:45] [DEBUG] Combined gaze: x=0.526, y=0.411
[2025-12-24 10:45:45] [DEBUG] Frame processing START
[2025-12-24 10:45:45] [DEBUG] Raw gaze: x=0.474, y=0.545
[2025-12-24 10:45:45] [DEBUG] Combined gaze: x=0.491, y=0.544
[2025-12-24 10:45:45] [DEBUG] Frame processing START
[2025-12-24 10:45:45] [DEBUG] Raw gaze: x=0.413, y=0.533
[2025-12-24 10:45:45] [DEBUG] Combined gaze: x=0.438, y=0.578
[2025-12-24 10:45:45] [DEBUG] Frame processing START
[2025-12-24 10:45:45] [DEBUG] Raw gaze: x=0.582, y=0.446
[2025-12-24 10:45:45] [DEBUG] Combined gaze: x=0.580, y=0.529
[2025-12-24 10:45:45] [DEBUG] Frame processing START
[2025-12-24 10:45:45] [DEBUG] Raw gaze: x=0.544, y=0.454
[2025-12-24 10:45:45] [DEBUG] Combined gaze: x=0.547, y=0.536
[2025-12-24 10:45:45] [DEBUG] Frame processing START
[2025-12-24 10:45:45] [DEBUG] Raw gaze: x=0.451, y=0.579
[2025-12-24 10:45:45] [DEBUG] Combined gaze: x=0.468, y=0.575
[2025-12-24 10:45:45] [DEBUG] Frame processing START
[2025-12-24 10:45:45] [DEBUG] Raw gaze: x=0.442, y=0.559
[2025-12-24 10:45:45] [DEBUG] Combined gaze: x=0.461, y=0.507
[2025-12-24 10:45:45] [INFO] Calibration trigger at point 9
[2025-12-24 10:45:45] [DEBUG] Frame processing START
[2025-12-24 10:45:45] [DEBUG] Raw gaze: x=0.485, y=0.555
[2025-12-24 10:45:45] [DEBUG] Combined gaze: x=0.499, y=0.567
[2025-12-24 10:45:45] [DEBUG] Collected sample 20/20 for point 9
[2025-12-24 10:45:45] [INFO] Moving to calibration point 10
[2025-12-24 10:45:45] [INFO] Calibration completed successfully
[2025-12-24 10:45:45] [DEBUG] Frame processing START
[2025-12-24 10:45:45] [DEBUG] Raw gaze: x=0.460, y=0.497
[2025-12-24 10:45:45] [DEBUG] Combined gaze: x=0.480, y=0.556
[2025-12-24 10:45:45] [DEBUG] Calibrated gaze: x=0.553, y=0.752
[2025-12-24 10:45:45] [DEBUG] Frame processing START
[2025-12-24 10:45:45] [DEBUG] Raw gaze: x=0.430, y=0.474
[2025-12-24 10:45:45] [DEBUG] Combined gaze: x=0.453, y=0.465
[2025-12-24 10:45:45] [DEBUG] Calibrated gaze: x=0.618, y=0.621
[2025-12-24 10:45:45] [DEBUG] Frame processing START
[2025-12-24 10:45:45] [DEBUG] Raw gaze: x=0.453, y=0.491
[2025-12-24 10:45:45] [DEBUG] Combined gaze: x=0.475, y=0.532
[2025-12-24 10:45:45] [DEBUG] Calibrated gaze: x=0.567, y=0.740
[2025-12-24 10:45:45] [DEBUG] Frame processing START
[2025-12-24 10:45:45] [DEBUG] Raw gaze: x=0.455, y=0.498
[2025-12-24 10:45:45] [DEBUG] Combined gaze: x=0.478, y=0.568
[2025-12-24 10:45:45] [DEBUG] Calibrated gaze: x=0.551, y=0.746
[2025-12-24 10:45:45] [DEBUG] Frame processing START
[2025-12-24 10:45:45] [DEBUG] Raw gaze: x=0.537, y=0.530
[2025-12-24 10:45:45] [DEBUG] Combined gaze: x=0.545, y=0.520
[2025-12-24 10:45:45] [DEBUG] Calibrated gaze: x=0.402, y=0.793
[2025-12-24 10:45:45] [DEBUG] Frame processing START
[2025-12-24 10:45:45] [DEBUG] Raw gaze: x=0.411, y=0.402
[2025-12-24 10:45:45] [DEBUG] Combined gaze: x=0.439, y=0.461
[2025-12-24 10:45:45] [DEBUG] Calibrated gaze: x=0.651, y=0.592
[2025-12-24 10:45:45] [DEBUG] Frame processing START
[2025-12-24 10:45:45] [DEBUG] Raw gaze: x=0.479, y=0.513
[2025-12-24 10:45:45] [DEBUG] Combined gaze: x=0.497, y=0.584
[2025-12-24 10:45:45] [DEBUG] Calibrated gaze: x=0.522, y=0.768
[2025-12-24 10:45:45] [DEBUG] Frame processing START
[2025-12-24 10:45:45] [DEBUG] Raw gaze: x=0.498, y=0.560
[2025-12-24 10:45:45] [DEBUG] Combined gaze: x=0.511, y=0.548
[2025-12-24 10:45:45] [DEBUG] Calibrated gaze: x=0.500, y=0.793
[2025-12-24 10:45:46] [DEBUG] Frame processing START
[2025-12-24 10:45:46] [DEBUG] Raw gaze: x=0.489, y=0.505
[2025-12-24 10:45:46] [DEBUG] Combined gaze: x=0.501, y=0.454
[2025-12-24 10:45:46] [DEBUG] Calibrated gaze: x=0.484, y=0.641
[2025-12-24 10:45:46] [DEBUG] Frame processing START
[2025-12-24 10:45:46] [DEBUG] Raw gaze: x=0.499, y=0.489
[2025-12-24 10:45:46] [DEBUG] Combined gaze: x=0.507, y=0.416
[2025-12-24 10:45:46] [DEBUG] Calibrated gaze: x=0.426, y=0.514
[2025-12-24 10:45:46] [DEBUG] Frame processing START
[2025-12-24 10:45:46] [DEBUG] Raw gaze: x=0.582, y=0.486
[2025-12-24 10:45:46] [DEBUG] Combined gaze: x=0.578, y=0.413
[2025-12-24 10:45:46] [DEBUG] Calibrated gaze: x=0.109, y=0.471
[2025-12-24 10:45:46] [DEBUG] Frame processing START
[2025-12-24 10:45:46] [DEBUG] Raw gaze: x=0.592, y=0.535
[2025-12-24 10:45:46] [DEBUG] Combined gaze: x=0.590, y=0.521
[2025-12-24 10:45:46] [DEBUG] Calibrated gaze: x=0.255, y=0.792
[2025-12-24 10:45:46] [DEBUG] Frame processing START
[2025-12-24 10:45:46] [DEBUG] Raw gaze: x=0.587, y=0.507
[2025-12-24 10:45:46] [DEBUG] Combined gaze: x=0.584, y=0.454
[2025-12-24 10:45:46] [DEBUG] Calibrated gaze: x=0.163, y=0.627
[2025-12-24 10:45:46] [DEBUG] Frame processing START
[2025-12-24 10:45:46] [DEBUG] Raw gaze: x=0.571, y=0.464
[2025-12-24 10:45:46] [DEBUG] Combined gaze: x=0.569, y=0.395
[2025-12-24 10:45:46] [DEBUG] Calibrated gaze: x=0.115, y=0.396
[2025-12-24 10:45:46] [DEBUG] Frame processing START
[2025-12-24 10:45:46] [DEBUG] Raw gaze: x=0.555, y=0.467
[2025-12-24 10:45:46] [DEBUG] Combined gaze: x=0.554, y=0.397
[2025-12-24 10:45:46] [DEBUG] Calibrated gaze: x=0.195, y=0.420
[2025-12-24 10:45:46] [DEBUG] Frame processing START
[2025-12-24 10:45:46] [DEBUG] Raw gaze: x=0.642, y=0.520
[2025-12-24 10:45:46] [DEBUG] Combined gaze: x=0.632, y=0.509
[2025-12-24 10:45:46] [DEBUG] Calibrated gaze: x=0.063, y=0.735
[2025-12-24 10:45:46] [DEBUG] Frame processing START
[2025-12-24 10:45:46] [DEBUG] Raw gaze: x=0.663, y=0.586
[2025-12-24 10:45:46] [DEBUG] Combined gaze: x=0.648, y=0.521
[2025-12-24 10:45:46] [DEBUG] Calibrated gaze: x=0.019, y=0.741
[2025-12-24 10:45:46] [DEBUG] Frame processing START
[2025-12-24 10:45:46] [DEBUG] Raw gaze: x=0.673, y=0.521
[2025-12-24 10:45:46] [DEBUG] Combined gaze: x=0.656, y=0.443
[2025-12-24 10:45:46] [DEBUG] Calibrated gaze: x=0.000, y=0.482
[2025-12-24 10:45:46] [DEBUG] Frame processing START
[2025-12-24 10:45:46] [DEBUG] Raw gaze: x=0.684, y=0.546
[2025-12-24 10:45:46] [DEBUG] Combined gaze: x=0.666, y=0.539
[2025-12-24 10:45:46] [DEBUG] Calibrated gaze: x=0.000, y=0.749
[2025-12-24 10:45:46] [DEBUG] Frame processing START
[2025-12-24 10:45:46] [DEBUG] Raw gaze: x=0.707, y=0.544
[2025-12-24 10:45:46] [DEBUG] Combined gaze: x=0.685, y=0.490
[2025-12-24 10:45:46] [DEBUG] Calibrated gaze: x=0.000, y=0.594
[2025-12-24 10:45:46] [DEBUG] Frame processing START
[2025-12-24 10:45:46] [DEBUG] Raw gaze: x=0.686, y=0.505
[2025-12-24 10:45:46] [DEBUG] Combined gaze: x=0.668, y=0.429
[2025-12-24 10:45:46] [DEBUG] Calibrated gaze: x=0.000, y=0.394
[2025-12-24 10:45:46] [DEBUG] Frame processing START
[2025-12-24 10:45:46] [DEBUG] Raw gaze: x=0.533, y=0.468
[2025-12-24 10:45:46] [DEBUG] Combined gaze: x=0.538, y=0.398
[2025-12-24 10:45:46] [DEBUG] Calibrated gaze: x=0.274, y=0.435
[2025-12-24 10:45:46] [DEBUG] Frame processing START
[2025-12-24 10:45:46] [DEBUG] Raw gaze: x=0.535, y=0.482
[2025-12-24 10:45:46] [DEBUG] Combined gaze: x=0.539, y=0.410
[2025-12-24 10:45:46] [DEBUG] Calibrated gaze: x=0.288, y=0.487
[2025-12-24 10:45:46] [DEBUG] Frame processing START
[2025-12-24 10:45:46] [DEBUG] Raw gaze: x=0.458, y=0.448
[2025-12-24 10:45:46] [DEBUG] Combined gaze: x=0.477, y=0.381
[2025-12-24 10:45:46] [DEBUG] Calibrated gaze: x=0.510, y=0.362
[2025-12-24 10:45:46] [DEBUG] Frame processing START
[2025-12-24 10:45:46] [DEBUG] Raw gaze: x=0.473, y=0.491
[2025-12-24 10:45:46] [DEBUG] Combined gaze: x=0.487, y=0.417
[2025-12-24 10:45:46] [DEBUG] Calibrated gaze: x=0.501, y=0.514
[2025-12-24 10:45:46] [DEBUG] Frame processing START
[2025-12-24 10:45:46] [DEBUG] Raw gaze: x=0.467, y=0.475
[2025-12-24 10:45:46] [DEBUG] Combined gaze: x=0.482, y=0.404
[2025-12-24 10:45:46] [DEBUG] Calibrated gaze: x=0.511, y=0.461
[2025-12-24 10:45:46] [DEBUG] Frame processing START
[2025-12-24 10:45:46] [DEBUG] Raw gaze: x=0.423, y=0.496
[2025-12-24 10:45:46] [DEBUG] Combined gaze: x=0.445, y=0.476
[2025-12-24 10:45:46] [DEBUG] Calibrated gaze: x=0.635, y=0.631
[2025-12-24 10:45:46] [DEBUG] Frame processing START
[2025-12-24 10:45:46] [DEBUG] Raw gaze: x=0.481, y=0.447
[2025-12-24 10:45:46] [DEBUG] Combined gaze: x=0.493, y=0.397
[2025-12-24 10:45:46] [DEBUG] Calibrated gaze: x=0.461, y=0.437
[2025-12-24 10:45:46] [DEBUG] Frame processing START
[2025-12-24 10:45:46] [DEBUG] Raw gaze: x=0.526, y=0.498
[2025-12-24 10:45:46] [DEBUG] Combined gaze: x=0.531, y=0.424
[2025-12-24 10:45:46] [DEBUG] Calibrated gaze: x=0.342, y=0.545
[2025-12-24 10:45:46] [DEBUG] Frame processing START
[2025-12-24 10:45:46] [DEBUG] Raw gaze: x=0.530, y=0.496
[2025-12-24 10:45:46] [DEBUG] Combined gaze: x=0.534, y=0.422
[2025-12-24 10:45:46] [DEBUG] Calibrated gaze: x=0.328, y=0.537
[2025-12-24 10:45:46] [DEBUG] Frame processing START
[2025-12-24 10:45:47] [DEBUG] Raw gaze: x=0.528, y=0.514
[2025-12-24 10:45:47] [DEBUG] Combined gaze: x=0.535, y=0.502
[2025-12-24 10:45:47] [DEBUG] Calibrated gaze: x=0.415, y=0.763
[2025-12-24 10:45:47] [DEBUG] Frame processing START
[2025-12-24 10:45:47] [DEBUG] Raw gaze: x=0.532, y=0.490
[2025-12-24 10:45:47] [DEBUG] Combined gaze: x=0.539, y=0.438
[2025-12-24 10:45:47] [DEBUG] Calibrated gaze: x=0.329, y=0.596
[2025-12-24 10:45:47] [DEBUG] Frame processing START
[2025-12-24 10:45:47] [DEBUG] Raw gaze: x=0.565, y=0.590
[2025-12-24 10:45:47] [DEBUG] Combined gaze: x=0.566, y=0.501
[2025-12-24 10:45:47] [DEBUG] Calibrated gaze: x=0.313, y=0.764
[2025-12-24 10:45:47] [DEBUG] Frame processing START
[2025-12-24 10:45:47] [DEBUG] Raw gaze: x=0.444, y=0.412
[2025-12-24 10:45:47] [DEBUG] Combined gaze: x=0.461, y=0.350
[2025-12-24 10:45:47] [DEBUG] Calibrated gaze: x=0.543, y=0.207
[2025-12-24 10:45:47] [DEBUG] Frame processing START
[2025-12-24 10:45:47] [DEBUG] Raw gaze: x=0.440, y=0.443
[2025-12-24 10:45:47] [DEBUG] Combined gaze: x=0.457, y=0.376
[2025-12-24 10:45:47] [DEBUG] Calibrated gaze: x=0.582, y=0.330
[2025-12-24 10:45:47] [DEBUG] Frame processing START
[2025-12-24 10:45:47] [DEBUG] Raw gaze: x=0.379, y=0.314
[2025-12-24 10:45:47] [DEBUG] Combined gaze: x=0.408, y=0.267
[2025-12-24 10:45:47] [DEBUG] Calibrated gaze: x=0.701, y=0.000
[2025-12-24 10:45:47] [DEBUG] Frame processing START
[2025-12-24 10:45:47] [DEBUG] Raw gaze: x=0.368, y=0.332
[2025-12-24 10:45:47] [DEBUG] Combined gaze: x=0.398, y=0.282
[2025-12-24 10:45:47] [DEBUG] Calibrated gaze: x=0.753, y=0.000
[2025-12-24 10:45:47] [DEBUG] Frame processing START
[2025-12-24 10:45:47] [DEBUG] Raw gaze: x=0.395, y=0.400
[2025-12-24 10:45:47] [DEBUG] Combined gaze: x=0.421, y=0.340
[2025-12-24 10:45:47] [DEBUG] Calibrated gaze: x=0.689, y=0.124
[2025-12-24 10:45:47] [DEBUG] Frame processing START
[2025-12-24 10:45:47] [DEBUG] Raw gaze: x=0.506, y=0.517
[2025-12-24 10:45:47] [DEBUG] Combined gaze: x=0.515, y=0.440
[2025-12-24 10:45:47] [DEBUG] Calibrated gaze: x=0.424, y=0.601
[2025-12-24 10:45:47] [DEBUG] Frame processing START
[2025-12-24 10:45:47] [DEBUG] Raw gaze: x=0.484, y=0.468
[2025-12-24 10:45:47] [DEBUG] Combined gaze: x=0.496, y=0.398
[2025-12-24 10:45:47] [DEBUG] Calibrated gaze: x=0.450, y=0.442
[2025-12-24 10:45:47] [DEBUG] Frame processing START
[2025-12-24 10:45:47] [DEBUG] Raw gaze: x=0.494, y=0.448
[2025-12-24 10:45:47] [DEBUG] Combined gaze: x=0.505, y=0.381
[2025-12-24 10:45:47] [DEBUG] Calibrated gaze: x=0.396, y=0.366
[2025-12-24 10:45:47] [DEBUG] Frame processing START
[2025-12-24 10:45:47] [DEBUG] Raw gaze: x=0.498, y=0.469
[2025-12-24 10:45:47] [DEBUG] Combined gaze: x=0.508, y=0.399
[2025-12-24 10:45:47] [DEBUG] Calibrated gaze: x=0.403, y=0.445
[2025-12-24 10:45:47] [DEBUG] Frame processing START
[2025-12-24 10:45:47] [DEBUG] Raw gaze: x=0.460, y=0.493
[2025-12-24 10:45:47] [DEBUG] Combined gaze: x=0.475, y=0.419
[2025-12-24 10:45:47] [DEBUG] Calibrated gaze: x=0.543, y=0.515
[2025-12-24 10:45:47] [DEBUG] Frame processing START
[2025-12-24 10:45:47] [DEBUG] Raw gaze: x=0.458, y=0.454
[2025-12-24 10:45:47] [DEBUG] Combined gaze: x=0.473, y=0.386
[2025-12-24 10:45:47] [DEBUG] Calibrated gaze: x=0.530, y=0.383
[2025-12-24 10:45:47] [DEBUG] Frame processing START
[2025-12-24 10:45:47] [DEBUG] Raw gaze: x=0.486, y=0.455
[2025-12-24 10:45:47] [DEBUG] Combined gaze: x=0.495, y=0.387
[2025-12-24 10:45:47] [DEBUG] Calibrated gaze: x=0.443, y=0.392
[2025-12-24 10:45:47] [DEBUG] Frame processing START
[2025-12-24 10:45:47] [DEBUG] Raw gaze: x=0.489, y=0.479
[2025-12-24 10:45:47] [DEBUG] Combined gaze: x=0.498, y=0.407
[2025-12-24 10:45:47] [DEBUG] Calibrated gaze: x=0.453, y=0.481
[2025-12-24 10:45:47] [DEBUG] Frame processing START
[2025-12-24 10:45:47] [DEBUG] Raw gaze: x=0.608, y=0.556
[2025-12-24 10:45:47] [DEBUG] Combined gaze: x=0.600, y=0.473
[2025-12-24 10:45:47] [DEBUG] Calibrated gaze: x=0.128, y=0.673
[2025-12-24 10:45:47] [DEBUG] Frame processing START
[2025-12-24 10:45:47] [DEBUG] Raw gaze: x=0.597, y=0.565
[2025-12-24 10:45:47] [DEBUG] Combined gaze: x=0.592, y=0.481
[2025-12-24 10:45:47] [DEBUG] Calibrated gaze: x=0.179, y=0.702
[2025-12-24 10:45:47] [DEBUG] Frame processing START
[2025-12-24 10:45:47] [DEBUG] Raw gaze: x=0.599, y=0.519
[2025-12-24 10:45:47] [DEBUG] Combined gaze: x=0.592, y=0.441
[2025-12-24 10:45:47] [DEBUG] Calibrated gaze: x=0.100, y=0.573
[2025-12-24 10:45:47] [DEBUG] Frame processing START
[2025-12-24 10:45:47] [DEBUG] Raw gaze: x=0.567, y=0.511
[2025-12-24 10:45:47] [DEBUG] Combined gaze: x=0.565, y=0.434
[2025-12-24 10:45:47] [DEBUG] Calibrated gaze: x=0.214, y=0.570
[2025-12-24 10:45:47] [DEBUG] Frame processing START
[2025-12-24 10:45:47] [DEBUG] Raw gaze: x=0.576, y=0.513
[2025-12-24 10:45:47] [DEBUG] Combined gaze: x=0.572, y=0.436
[2025-12-24 10:45:47] [DEBUG] Calibrated gaze: x=0.185, y=0.573
[2025-12-24 10:45:47] [DEBUG] Frame processing START
[2025-12-24 10:45:48] [DEBUG] Raw gaze: x=0.590, y=0.555
[2025-12-24 10:45:48] [DEBUG] Combined gaze: x=0.583, y=0.472
[2025-12-24 10:45:48] [DEBUG] Calibrated gaze: x=0.200, y=0.684
[2025-12-24 10:45:48] [DEBUG] Frame processing START
[2025-12-24 10:45:48] [DEBUG] Raw gaze: x=0.572, y=0.554
[2025-12-24 10:45:48] [DEBUG] Combined gaze: x=0.568, y=0.471
[2025-12-24 10:45:48] [DEBUG] Calibrated gaze: x=0.261, y=0.690
[2025-12-24 10:45:48] [DEBUG] Frame processing START
[2025-12-24 10:45:48] [DEBUG] Raw gaze: x=0.607, y=0.529
[2025-12-24 10:45:48] [DEBUG] Combined gaze: x=0.600, y=0.450
[2025-12-24 10:45:48] [DEBUG] Calibrated gaze: x=0.083, y=0.596
[2025-12-24 10:45:48] [DEBUG] Frame processing START
[2025-12-24 10:45:48] [DEBUG] Raw gaze: x=0.579, y=0.489
[2025-12-24 10:45:48] [DEBUG] Combined gaze: x=0.576, y=0.416
[2025-12-24 10:45:48] [DEBUG] Calibrated gaze: x=0.128, y=0.486
[2025-12-24 10:45:48] [DEBUG] Frame processing START
[2025-12-24 10:45:48] [DEBUG] Raw gaze: x=0.577, y=0.482
[2025-12-24 10:45:48] [DEBUG] Combined gaze: x=0.575, y=0.410
[2025-12-24 10:45:48] [DEBUG] Calibrated gaze: x=0.121, y=0.462
[2025-12-24 10:45:48] [DEBUG] Frame processing START
[2025-12-24 10:45:48] [DEBUG] Raw gaze: x=0.592, y=0.507
[2025-12-24 10:45:48] [DEBUG] Combined gaze: x=0.586, y=0.431
[2025-12-24 10:45:48] [DEBUG] Calibrated gaze: x=0.108, y=0.540
[2025-12-24 10:45:48] [DEBUG] Frame processing START
[2025-12-24 10:45:48] [DEBUG] Raw gaze: x=0.593, y=0.510
[2025-12-24 10:45:48] [DEBUG] Combined gaze: x=0.587, y=0.433
[2025-12-24 10:45:48] [DEBUG] Calibrated gaze: x=0.109, y=0.547
[2025-12-24 10:45:48] [DEBUG] Frame processing START
[2025-12-24 10:45:48] [DEBUG] Raw gaze: x=0.524, y=0.555
[2025-12-24 10:45:48] [DEBUG] Combined gaze: x=0.529, y=0.472
[2025-12-24 10:45:48] [DEBUG] Calibrated gaze: x=0.409, y=0.697
[2025-12-24 10:45:48] [DEBUG] Frame processing START
[2025-12-24 10:45:48] [DEBUG] Raw gaze: x=0.558, y=0.550
[2025-12-24 10:45:48] [DEBUG] Combined gaze: x=0.557, y=0.467
[2025-12-24 10:45:48] [DEBUG] Calibrated gaze: x=0.301, y=0.683
[2025-12-24 10:45:48] [DEBUG] Frame processing START
[2025-12-24 10:45:48] [DEBUG] Raw gaze: x=0.491, y=0.547
[2025-12-24 10:45:48] [DEBUG] Combined gaze: x=0.499, y=0.465
[2025-12-24 10:45:48] [DEBUG] Calibrated gaze: x=0.496, y=0.667
[2025-12-24 10:45:48] [DEBUG] Frame processing START
[2025-12-24 10:45:48] [DEBUG] Raw gaze: x=0.485, y=0.543
[2025-12-24 10:45:48] [DEBUG] Combined gaze: x=0.493, y=0.462
[2025-12-24 10:45:48] [DEBUG] Calibrated gaze: x=0.512, y=0.655
[2025-12-24 10:45:48] [DEBUG] Frame processing START
[2025-12-24 10:45:48] [DEBUG] Raw gaze: x=0.486, y=0.470
[2025-12-24 10:45:48] [DEBUG] Combined gaze: x=0.489, y=0.400
[2025-12-24 10:45:48] [DEBUG] Calibrated gaze: x=0.479, y=0.448
[2025-12-24 10:45:48] [DEBUG] Frame processing START
[2025-12-24 10:45:48] [DEBUG] Raw gaze: x=0.452, y=0.433
[2025-12-24 10:45:48] [DEBUG] Combined gaze: x=0.462, y=0.368
[2025-12-24 10:45:48] [DEBUG] Calibrated gaze: x=0.555, y=0.295
[2025-12-24 10:45:48] [DEBUG] Frame processing START
[2025-12-24 10:45:48] [DEBUG] Raw gaze: x=0.466, y=0.882
[2025-12-24 10:45:48] [DEBUG] Combined gaze: x=0.464, y=0.670
[2025-12-24 10:45:48] [DEBUG] Calibrated gaze: x=0.465, y=0.524
[2025-12-24 10:45:48] [DEBUG] Frame processing START
[2025-12-24 10:45:48] [WARNING] Face not detected in frame
[2025-12-24 10:45:48] [WARNING] Warning displayed: Face/Eyes not detected
[2025-12-24 10:45:48] [DEBUG] Frame processing START
[2025-12-24 10:45:48] [DEBUG] Raw gaze: x=0.492, y=0.421
[2025-12-24 10:45:48] [DEBUG] Combined gaze: x=0.477, y=0.358
[2025-12-24 10:45:48] [DEBUG] Calibrated gaze: x=0.487, y=0.250
[2025-12-24 10:45:48] [DEBUG] Frame processing START
[2025-12-24 10:45:48] [DEBUG] Raw gaze: x=0.573, y=0.682
[2025-12-24 10:45:48] [DEBUG] Combined gaze: x=0.540, y=0.580
[2025-12-24 10:45:48] [DEBUG] Calibrated gaze: x=0.451, y=0.821
[2025-12-24 10:45:48] [DEBUG] Frame processing START
[2025-12-24 10:45:48] [DEBUG] Raw gaze: x=0.613, y=0.711
[2025-12-24 10:45:48] [DEBUG] Combined gaze: x=0.580, y=0.604
[2025-12-24 10:45:48] [DEBUG] Calibrated gaze: x=0.380, y=0.833
[2025-12-24 10:45:48] [DEBUG] Frame processing START
[2025-12-24 10:45:49] [DEBUG] Raw gaze: x=0.475, y=0.483
[2025-12-24 10:45:49] [DEBUG] Combined gaze: x=0.465, y=0.411
[2025-12-24 10:45:49] [DEBUG] Calibrated gaze: x=0.572, y=0.478
[2025-12-24 10:45:49] [DEBUG] Frame processing START
[2025-12-24 10:45:49] [DEBUG] Raw gaze: x=0.366, y=0.393
[2025-12-24 10:45:49] [DEBUG] Combined gaze: x=0.375, y=0.334
[2025-12-24 10:45:49] [DEBUG] Calibrated gaze: x=0.841, y=0.034
[2025-12-24 10:45:49] [DEBUG] Frame processing START
[2025-12-24 10:45:49] [DEBUG] Raw gaze: x=0.658, y=0.455
[2025-12-24 10:45:49] [DEBUG] Combined gaze: x=0.614, y=0.387
[2025-12-24 10:45:49] [DEBUG] Calibrated gaze: x=0.000, y=0.291
[2025-12-24 10:45:49] [DEBUG] Frame processing START
[2025-12-24 10:45:49] [DEBUG] Raw gaze: x=0.707, y=0.403
[2025-12-24 10:45:49] [DEBUG] Combined gaze: x=0.651, y=0.342
[2025-12-24 10:45:49] [DEBUG] Calibrated gaze: x=0.000, y=0.000
[2025-12-24 10:45:49] [DEBUG] Frame processing START
[2025-12-24 10:45:49] [DEBUG] Raw gaze: x=0.478, y=0.500
[2025-12-24 10:45:49] [DEBUG] Combined gaze: x=0.454, y=0.425
[2025-12-24 10:45:49] [DEBUG] Calibrated gaze: x=0.612, y=0.516
[2025-12-24 10:45:49] [DEBUG] Frame processing START
[2025-12-24 10:45:49] [WARNING] Face not detected in frame
[2025-12-24 10:45:49] [WARNING] Warning displayed: Face/Eyes not detected
[2025-12-24 10:45:49] [DEBUG] Frame processing START
[2025-12-24 10:45:49] [WARNING] Face not detected in frame
[2025-12-24 10:45:49] [WARNING] Warning displayed: Face/Eyes not detected
[2025-12-24 10:45:49] [DEBUG] Frame processing START
[2025-12-24 10:45:49] [WARNING] Face not detected in frame
[2025-12-24 10:45:49] [WARNING] Warning displayed: Face/Eyes not detected
[2025-12-24 10:45:49] [DEBUG] Frame processing START
[2025-12-24 10:45:49] [WARNING] Face not detected in frame
[2025-12-24 10:45:49] [WARNING] Warning displayed: Face/Eyes not detected
[2025-12-24 10:45:49] [DEBUG] Frame processing START
[2025-12-24 10:45:49] [WARNING] Face not detected in frame
[2025-12-24 10:45:49] [WARNING] Warning displayed: Face/Eyes not detected
[2025-12-24 10:45:49] [DEBUG] Frame processing START
[2025-12-24 10:45:49] [WARNING] Face not detected in frame
[2025-12-24 10:45:49] [WARNING] Warning displayed: Face/Eyes not detected
[2025-12-24 10:45:49] [DEBUG] Frame processing START
[2025-12-24 10:45:49] [DEBUG] Raw gaze: x=0.595, y=0.714
[2025-12-24 10:45:49] [DEBUG] Combined gaze: x=0.551, y=0.663
[2025-12-24 10:45:49] [DEBUG] Calibrated gaze: x=0.447, y=0.719
[2025-12-24 10:45:49] [DEBUG] Frame processing START
[2025-12-24 10:45:49] [DEBUG] Raw gaze: x=0.495, y=0.427
[2025-12-24 10:45:49] [DEBUG] Combined gaze: x=0.465, y=0.379
[2025-12-24 10:45:49] [DEBUG] Calibrated gaze: x=0.554, y=0.349
[2025-12-24 10:45:49] [DEBUG] Frame processing START
[2025-12-24 10:45:49] [DEBUG] Raw gaze: x=0.471, y=0.449
[2025-12-24 10:45:49] [DEBUG] Combined gaze: x=0.445, y=0.382
[2025-12-24 10:45:49] [DEBUG] Calibrated gaze: x=0.624, y=0.346
[2025-12-24 10:45:49] [DEBUG] Frame processing START
[2025-12-24 10:45:49] [DEBUG] Raw gaze: x=0.410, y=0.417
[2025-12-24 10:45:49] [DEBUG] Combined gaze: x=0.393, y=0.354
[2025-12-24 10:45:49] [DEBUG] Calibrated gaze: x=0.784, y=0.160
[2025-12-24 10:45:49] [DEBUG] Frame processing START
[2025-12-24 10:45:49] [DEBUG] Raw gaze: x=0.378, y=0.405
[2025-12-24 10:45:49] [DEBUG] Combined gaze: x=0.367, y=0.344
[2025-12-24 10:45:49] [DEBUG] Calibrated gaze: x=0.860, y=0.069
[2025-12-24 10:45:49] [DEBUG] Frame processing START
[2025-12-24 10:45:49] [DEBUG] Raw gaze: x=0.308, y=0.294
[2025-12-24 10:45:49] [DEBUG] Combined gaze: x=0.308, y=0.250
[2025-12-24 10:45:49] [DEBUG] Calibrated gaze: x=1.000, y=0.000
[2025-12-24 10:45:49] [DEBUG] Frame processing START
[2025-12-24 10:45:49] [DEBUG] Raw gaze: x=0.401, y=0.407
[2025-12-24 10:45:49] [DEBUG] Combined gaze: x=0.397, y=0.346
[2025-12-24 10:45:49] [DEBUG] Calibrated gaze: x=0.773, y=0.125
[2025-12-24 10:45:49] [DEBUG] Frame processing START
[2025-12-24 10:45:49] [DEBUG] Raw gaze: x=0.394, y=0.341
[2025-12-24 10:45:49] [DEBUG] Combined gaze: x=0.398, y=0.290
[2025-12-24 10:45:49] [DEBUG] Calibrated gaze: x=0.758, y=0.000
[2025-12-24 10:45:49] [DEBUG] Frame processing START
[2025-12-24 10:45:49] [DEBUG] Raw gaze: x=0.451, y=0.539
[2025-12-24 10:45:49] [DEBUG] Combined gaze: x=0.441, y=0.458
[2025-12-24 10:45:49] [DEBUG] Calibrated gaze: x=0.648, y=0.588
[2025-12-24 10:45:49] [DEBUG] Frame processing START
[2025-12-24 10:45:49] [DEBUG] Raw gaze: x=0.484, y=0.568
[2025-12-24 10:45:49] [DEBUG] Combined gaze: x=0.476, y=0.483
[2025-12-24 10:45:49] [DEBUG] Calibrated gaze: x=0.566, y=0.685
[2025-12-24 10:45:49] [DEBUG] Frame processing START
[2025-12-24 10:45:49] [DEBUG] Raw gaze: x=0.429, y=0.469
[2025-12-24 10:45:49] [DEBUG] Combined gaze: x=0.422, y=0.399
[2025-12-24 10:45:49] [DEBUG] Calibrated gaze: x=0.700, y=0.386
[2025-12-24 10:45:49] [DEBUG] Frame processing START
[2025-12-24 10:45:49] [DEBUG] Raw gaze: x=0.445, y=0.506
[2025-12-24 10:45:49] [DEBUG] Combined gaze: x=0.442, y=0.430
[2025-12-24 10:45:49] [DEBUG] Calibrated gaze: x=0.646, y=0.517
[2025-12-24 10:45:49] [DEBUG] Frame processing START
[2025-12-24 10:45:49] [DEBUG] Raw gaze: x=0.440, y=0.459
[2025-12-24 10:45:49] [DEBUG] Combined gaze: x=0.432, y=0.390
[2025-12-24 10:45:49] [DEBUG] Calibrated gaze: x=0.669, y=0.367
[2025-12-24 10:45:50] [DEBUG] Frame processing START
[2025-12-24 10:45:50] [DEBUG] Raw gaze: x=0.399, y=0.464
[2025-12-24 10:45:50] [DEBUG] Combined gaze: x=0.393, y=0.394
[2025-12-24 10:45:50] [DEBUG] Calibrated gaze: x=0.775, y=0.324
[2025-12-24 10:45:50] [DEBUG] Frame processing START
[2025-12-24 10:45:50] [DEBUG] Raw gaze: x=0.408, y=0.549
[2025-12-24 10:45:50] [DEBUG] Combined gaze: x=0.408, y=0.466
[2025-12-24 10:45:50] [DEBUG] Calibrated gaze: x=0.705, y=0.546
[2025-12-24 10:45:50] [DEBUG] Frame processing START
[2025-12-24 10:45:50] [DEBUG] Raw gaze: x=0.543, y=0.551
[2025-12-24 10:45:50] [DEBUG] Combined gaze: x=0.528, y=0.469
[2025-12-24 10:45:50] [DEBUG] Calibrated gaze: x=0.407, y=0.688
[2025-12-24 10:45:50] [DEBUG] Frame processing START
[2025-12-24 10:45:50] [DEBUG] Raw gaze: x=0.360, y=0.458
[2025-12-24 10:45:50] [DEBUG] Combined gaze: x=0.376, y=0.389
[2025-12-24 10:45:50] [DEBUG] Calibrated gaze: x=0.815, y=0.275
[2025-12-24 10:45:50] [DEBUG] Frame processing START
[2025-12-24 10:45:50] [DEBUG] Raw gaze: x=0.497, y=0.498
[2025-12-24 10:45:50] [DEBUG] Combined gaze: x=0.486, y=0.479
[2025-12-24 10:45:50] [DEBUG] Calibrated gaze: x=0.539, y=0.689
[2025-12-24 10:45:50] [DEBUG] Frame processing START
[2025-12-24 10:45:50] [DEBUG] Raw gaze: x=0.452, y=0.469
[2025-12-24 10:45:50] [DEBUG] Combined gaze: x=0.443, y=0.508
[2025-12-24 10:45:50] [DEBUG] Calibrated gaze: x=0.626, y=0.670
[2025-12-24 10:45:50] [DEBUG] Frame processing START
[2025-12-24 10:45:50] [DEBUG] Raw gaze: x=0.668, y=0.567
[2025-12-24 10:45:50] [DEBUG] Combined gaze: x=0.636, y=0.532
[2025-12-24 10:45:50] [DEBUG] Calibrated gaze: x=0.096, y=0.776
[2025-12-24 10:45:50] [DEBUG] Frame processing START
[2025-12-24 10:45:50] [DEBUG] Raw gaze: x=0.510, y=0.409
[2025-12-24 10:45:50] [DEBUG] Combined gaze: x=0.497, y=0.361
[2025-12-24 10:45:50] [DEBUG] Calibrated gaze: x=0.401, y=0.267
[2025-12-24 10:45:50] [DEBUG] Frame processing START
[2025-12-24 10:45:50] [DEBUG] Raw gaze: x=0.443, y=0.306
[2025-12-24 10:45:50] [DEBUG] Combined gaze: x=0.438, y=0.260
[2025-12-24 10:45:50] [DEBUG] Calibrated gaze: x=0.554, y=0.000
[2025-12-24 10:45:50] [DEBUG] Frame processing START
[2025-12-24 10:45:50] [WARNING] Face not detected in frame
[2025-12-24 10:45:50] [WARNING] Warning displayed: Face/Eyes not detected
[2025-12-24 10:45:50] [DEBUG] Frame processing START
[2025-12-24 10:45:50] [WARNING] Face not detected in frame
[2025-12-24 10:45:50] [WARNING] Warning displayed: Face/Eyes not detected
[2025-12-24 10:45:50] [DEBUG] Frame processing START
[2025-12-24 10:45:50] [WARNING] Face not detected in frame
[2025-12-24 10:45:50] [WARNING] Warning displayed: Face/Eyes not detected
[2025-12-24 10:45:50] [DEBUG] Frame processing START
[2025-12-24 10:45:50] [WARNING] Face not detected in frame
[2025-12-24 10:45:50] [WARNING] Warning displayed: Face/Eyes not detected
[2025-12-24 10:45:50] [DEBUG] Frame processing START
[2025-12-24 10:45:50] [WARNING] Face not detected in frame
[2025-12-24 10:45:50] [WARNING] Warning displayed: Face/Eyes not detected
[2025-12-24 10:45:50] [DEBUG] Frame processing START
[2025-12-24 10:45:50] [WARNING] Face not detected in frame
[2025-12-24 10:45:50] [WARNING] Warning displayed: Face/Eyes not detected
[2025-12-24 10:45:50] [DEBUG] Frame processing START
[2025-12-24 10:45:50] [WARNING] Face not detected in frame
[2025-12-24 10:45:50] [WARNING] Warning displayed: Face/Eyes not detected
[2025-12-24 10:45:50] [DEBUG] Frame processing START
[2025-12-24 10:45:50] [WARNING] Face not detected in frame
[2025-12-24 10:45:50] [WARNING] Warning displayed: Face/Eyes not detected
[2025-12-24 10:45:50] [DEBUG] Frame processing START
[2025-12-24 10:45:50] [WARNING] Face not detected in frame
[2025-12-24 10:45:50] [WARNING] Warning displayed: Face/Eyes not detected
[2025-12-24 10:45:50] [DEBUG] Frame processing START
[2025-12-24 10:45:50] [WARNING] Face not detected in frame
[2025-12-24 10:45:50] [WARNING] Warning displayed: Face/Eyes not detected
[2025-12-24 10:45:50] [DEBUG] Frame processing START
[2025-12-24 10:45:50] [WARNING] Face not detected in frame
[2025-12-24 10:45:50] [WARNING] Warning displayed: Face/Eyes not detected
[2025-12-24 10:45:50] [DEBUG] Frame processing START
[2025-12-24 10:45:50] [WARNING] Face not detected in frame
[2025-12-24 10:45:50] [WARNING] Warning displayed: Face/Eyes not detected
[2025-12-24 10:45:50] [DEBUG] Frame processing START
[2025-12-24 10:45:50] [WARNING] Face not detected in frame
[2025-12-24 10:45:50] [WARNING] Warning displayed: Face/Eyes not detected
[2025-12-24 10:45:50] [DEBUG] Frame processing START
[2025-12-24 10:45:50] [WARNING] Face not detected in frame
[2025-12-24 10:45:50] [WARNING] Warning displayed: Face/Eyes not detected
[2025-12-24 10:45:50] [DEBUG] Frame processing START
[2025-12-24 10:45:50] [WARNING] Face not detected in frame
[2025-12-24 10:45:50] [WARNING] Warning displayed: Face/Eyes not detected
[2025-12-24 10:45:50] [DEBUG] Frame processing START
[2025-12-24 10:45:50] [DEBUG] Raw gaze: x=0.572, y=0.484
[2025-12-24 10:45:50] [DEBUG] Combined gaze: x=0.551, y=0.411
[2025-12-24 10:45:51] [DEBUG] Calibrated gaze: x=0.238, y=0.487
[2025-12-24 10:45:51] [DEBUG] Frame processing START
[2025-12-24 10:45:51] [DEBUG] Raw gaze: x=0.604, y=0.326
[2025-12-24 10:45:51] [DEBUG] Combined gaze: x=0.569, y=0.278
[2025-12-24 10:45:51] [DEBUG] Calibrated gaze: x=0.000, y=0.000
[2025-12-24 10:45:51] [DEBUG] Frame processing START
[2025-12-24 10:45:51] [DEBUG] Raw gaze: x=0.382, y=0.394
[2025-12-24 10:45:51] [DEBUG] Combined gaze: x=0.386, y=0.335
[2025-12-24 10:45:51] [DEBUG] Calibrated gaze: x=0.807, y=0.058
[2025-12-24 10:45:51] [DEBUG] Frame processing START
[2025-12-24 10:45:51] [DEBUG] Raw gaze: x=0.435, y=0.458
[2025-12-24 10:45:51] [DEBUG] Combined gaze: x=0.436, y=0.390
[2025-12-24 10:45:51] [DEBUG] Calibrated gaze: x=0.657, y=0.369
[2025-12-24 10:45:51] [DEBUG] Frame processing START
[2025-12-24 10:45:51] [DEBUG] Raw gaze: x=0.565, y=0.427
[2025-12-24 10:45:51] [DEBUG] Combined gaze: x=0.548, y=0.363
[2025-12-24 10:45:51] [DEBUG] Calibrated gaze: x=0.162, y=0.253
[2025-12-24 10:45:51] [DEBUG] Frame processing START
[2025-12-24 10:45:51] [DEBUG] Raw gaze: x=0.419, y=0.410
[2025-12-24 10:45:51] [DEBUG] Combined gaze: x=0.427, y=0.349
[2025-12-24 10:45:51] [DEBUG] Calibrated gaze: x=0.673, y=0.176
[2025-12-24 10:45:51] [DEBUG] Frame processing START
[2025-12-24 10:45:51] [DEBUG] Raw gaze: x=0.455, y=0.435
[2025-12-24 10:45:51] [DEBUG] Combined gaze: x=0.460, y=0.370
[2025-12-24 10:45:51] [DEBUG] Calibrated gaze: x=0.565, y=0.302
[2025-12-24 10:45:51] [DEBUG] Frame processing START
[2025-12-24 10:45:51] [WARNING] Face not detected in frame
[2025-12-24 10:45:51] [WARNING] Warning displayed: Face/Eyes not detected
[2025-12-24 10:45:51] [DEBUG] Frame processing START
[2025-12-24 10:45:51] [WARNING] Face not detected in frame
[2025-12-24 10:45:51] [WARNING] Warning displayed: Face/Eyes not detected
[2025-12-24 10:45:51] [DEBUG] Frame processing START
[2025-12-24 10:45:51] [WARNING] Face not detected in frame
[2025-12-24 10:45:51] [WARNING] Warning displayed: Face/Eyes not detected
[2025-12-24 10:45:51] [DEBUG] Frame processing START
[2025-12-24 10:45:51] [WARNING] Face not detected in frame
[2025-12-24 10:45:51] [WARNING] Warning displayed: Face/Eyes not detected
[2025-12-24 10:45:51] [DEBUG] Frame processing START
[2025-12-24 10:45:51] [WARNING] Face not detected in frame
[2025-12-24 10:45:51] [WARNING] Warning displayed: Face/Eyes not detected
[2025-12-24 10:45:51] [DEBUG] Frame processing START
[2025-12-24 10:45:51] [WARNING] Face not detected in frame
[2025-12-24 10:45:51] [WARNING] Warning displayed: Face/Eyes not detected
[2025-12-24 10:45:51] [DEBUG] Frame processing START
[2025-12-24 10:45:51] [WARNING] Face not detected in frame
[2025-12-24 10:45:51] [WARNING] Warning displayed: Face/Eyes not detected
[2025-12-24 10:45:51] [DEBUG] Frame processing START
[2025-12-24 10:45:51] [WARNING] Face not detected in frame
[2025-12-24 10:45:51] [WARNING] Warning displayed: Face/Eyes not detected
[2025-12-24 10:45:51] [DEBUG] Frame processing START
[2025-12-24 10:45:51] [WARNING] Face not detected in frame
[2025-12-24 10:45:51] [WARNING] Warning displayed: Face/Eyes not detected
[2025-12-24 10:45:51] [DEBUG] Frame processing START
[2025-12-24 10:45:51] [WARNING] Face not detected in frame
[2025-12-24 10:45:51] [WARNING] Warning displayed: Face/Eyes not detected
[2025-12-24 10:45:51] [DEBUG] Frame processing START
[2025-12-24 10:45:51] [WARNING] Face not detected in frame
[2025-12-24 10:45:51] [WARNING] Warning displayed: Face/Eyes not detected
[2025-12-24 10:45:51] [DEBUG] Frame processing START
[2025-12-24 10:45:51] [WARNING] Face not detected in frame
[2025-12-24 10:45:51] [WARNING] Warning displayed: Face/Eyes not detected
[2025-12-24 10:45:51] [DEBUG] Frame processing START
[2025-12-24 10:45:51] [WARNING] Face not detected in frame
[2025-12-24 10:45:51] [WARNING] Warning displayed: Face/Eyes not detected
[2025-12-24 10:45:51] [DEBUG] Frame processing START
[2025-12-24 10:45:51] [WARNING] Face not detected in frame
[2025-12-24 10:45:51] [WARNING] Warning displayed: Face/Eyes not detected
[2025-12-24 10:45:51] [DEBUG] Frame processing START
[2025-12-24 10:45:51] [WARNING] Face not detected in frame
[2025-12-24 10:45:51] [WARNING] Warning displayed: Face/Eyes not detected
[2025-12-24 10:45:51] [DEBUG] Frame processing START
[2025-12-24 10:45:51] [WARNING] Face not detected in frame
[2025-12-24 10:45:51] [WARNING] Warning displayed: Face/Eyes not detected
[2025-12-24 10:45:51] [DEBUG] Frame processing START
[2025-12-24 10:45:51] [WARNING] Face not detected in frame
[2025-12-24 10:45:51] [WARNING] Warning displayed: Face/Eyes not detected
[2025-12-24 10:45:51] [DEBUG] Frame processing START
[2025-12-24 10:45:51] [WARNING] Face not detected in frame
[2025-12-24 10:45:51] [WARNING] Warning displayed: Face/Eyes not detected
[2025-12-24 10:45:51] [DEBUG] Frame processing START
[2025-12-24 10:45:51] [WARNING] Face not detected in frame
[2025-12-24 10:45:51] [WARNING] Warning displayed: Face/Eyes not detected
[2025-12-24 10:45:51] [DEBUG] Frame processing START
[2025-12-24 10:45:51] [WARNING] Face not detected in frame
[2025-12-24 10:45:51] [WARNING] Warning displayed: Face/Eyes not detected
[2025-12-24 10:45:51] [DEBUG] Frame processing START
[2025-12-24 10:45:51] [WARNING] Face not detected in frame
[2025-12-24 10:45:51] [WARNING] Warning displayed: Face/Eyes not detected
[2025-12-24 10:45:51] [DEBUG] Frame processing START
[2025-12-24 10:45:52] [WARNING] Face not detected in frame
[2025-12-24 10:45:52] [WARNING] Warning displayed: Face/Eyes not detected
[2025-12-24 10:45:52] [DEBUG] Frame processing START
[2025-12-24 10:45:52] [WARNING] Face not detected in frame
[2025-12-24 10:45:52] [WARNING] Warning displayed: Face/Eyes not detected
[2025-12-24 10:45:52] [DEBUG] Frame processing START
[2025-12-24 10:45:52] [WARNING] Face not detected in frame
[2025-12-24 10:45:52] [WARNING] Warning displayed: Face/Eyes not detected
[2025-12-24 10:45:52] [DEBUG] Frame processing START
[2025-12-24 10:45:52] [WARNING] Face not detected in frame
[2025-12-24 10:45:52] [WARNING] Warning displayed: Face/Eyes not detected
[2025-12-24 10:45:52] [DEBUG] Frame processing START
[2025-12-24 10:45:52] [WARNING] Face not detected in frame
[2025-12-24 10:45:52] [WARNING] Warning displayed: Face/Eyes not detected
[2025-12-24 10:45:52] [DEBUG] Frame processing START
[2025-12-24 10:45:52] [WARNING] Face not detected in frame
[2025-12-24 10:45:52] [WARNING] Warning displayed: Face/Eyes not detected
[2025-12-24 10:45:52] [DEBUG] Frame processing START
[2025-12-24 10:45:52] [WARNING] Face not detected in frame
[2025-12-24 10:45:52] [WARNING] Warning displayed: Face/Eyes not detected
[2025-12-24 10:45:52] [DEBUG] Frame processing START
[2025-12-24 10:45:52] [WARNING] Face not detected in frame
[2025-12-24 10:45:52] [WARNING] Warning displayed: Face/Eyes not detected
[2025-12-24 10:45:52] [DEBUG] Frame processing START
[2025-12-24 10:45:52] [WARNING] Face not detected in frame
[2025-12-24 10:45:52] [WARNING] Warning displayed: Face/Eyes not detected
[2025-12-24 10:45:52] [DEBUG] Frame processing START
[2025-12-24 10:45:52] [WARNING] Face not detected in frame
[2025-12-24 10:45:52] [WARNING] Warning displayed: Face/Eyes not detected
[2025-12-24 10:45:52] [DEBUG] Frame processing START
[2025-12-24 10:45:52] [WARNING] Face not detected in frame
[2025-12-24 10:45:52] [WARNING] Warning displayed: Face/Eyes not detected
[2025-12-24 10:45:52] [DEBUG] Frame processing START
[2025-12-24 10:45:52] [WARNING] Face not detected in frame
[2025-12-24 10:45:52] [WARNING] Warning displayed: Face/Eyes not detected
[2025-12-24 10:45:52] [DEBUG] Frame processing START
[2025-12-24 10:45:52] [WARNING] Face not detected in frame
[2025-12-24 10:45:52] [WARNING] Warning displayed: Face/Eyes not detected
[2025-12-24 10:45:52] [DEBUG] Frame processing START
[2025-12-24 10:45:52] [WARNING] Face not detected in frame
[2025-12-24 10:45:52] [WARNING] Warning displayed: Face/Eyes not detected
[2025-12-24 10:45:52] [DEBUG] Frame processing START
[2025-12-24 10:45:52] [WARNING] Face not detected in frame
[2025-12-24 10:45:52] [WARNING] Warning displayed: Face/Eyes not detected
[2025-12-24 10:45:52] [DEBUG] Frame processing START
[2025-12-24 10:45:52] [WARNING] Face not detected in frame
[2025-12-24 10:45:52] [WARNING] Warning displayed: Face/Eyes not detected
[2025-12-24 10:45:52] [DEBUG] Frame processing START
[2025-12-24 10:45:52] [WARNING] Face not detected in frame
[2025-12-24 10:45:52] [WARNING] Warning displayed: Face/Eyes not detected
[2025-12-24 10:45:52] [DEBUG] Frame processing START
[2025-12-24 10:45:52] [WARNING] Face not detected in frame
[2025-12-24 10:45:52] [WARNING] Warning displayed: Face/Eyes not detected
[2025-12-24 10:45:52] [DEBUG] Frame processing START
[2025-12-24 10:45:52] [WARNING] Face not detected in frame
[2025-12-24 10:45:52] [WARNING] Warning displayed: Face/Eyes not detected
[2025-12-24 10:45:52] [DEBUG] Frame processing START
[2025-12-24 10:45:52] [WARNING] Face not detected in frame
[2025-12-24 10:45:52] [WARNING] Warning displayed: Face/Eyes not detected
[2025-12-24 10:45:52] [DEBUG] Frame processing START
[2025-12-24 10:45:52] [WARNING] Face not detected in frame
[2025-12-24 10:45:52] [WARNING] Warning displayed: Face/Eyes not detected
[2025-12-24 10:45:52] [DEBUG] Frame processing START
[2025-12-24 10:45:52] [WARNING] Face not detected in frame
[2025-12-24 10:45:52] [WARNING] Warning displayed: Face/Eyes not detected
[2025-12-24 10:45:52] [DEBUG] Frame processing START
[2025-12-24 10:45:52] [WARNING] Face not detected in frame
[2025-12-24 10:45:52] [WARNING] Warning displayed: Face/Eyes not detected
[2025-12-24 10:45:52] [DEBUG] Frame processing START
[2025-12-24 10:45:52] [WARNING] Face not detected in frame
[2025-12-24 10:45:52] [WARNING] Warning displayed: Face/Eyes not detected
[2025-12-24 10:45:52] [DEBUG] Frame processing START
[2025-12-24 10:45:52] [WARNING] Face not detected in frame
[2025-12-24 10:45:52] [WARNING] Warning displayed: Face/Eyes not detected
[2025-12-24 10:45:52] [DEBUG] Frame processing START
[2025-12-24 10:45:52] [WARNING] Face not detected in frame
[2025-12-24 10:45:52] [WARNING] Warning displayed: Face/Eyes not detected
[2025-12-24 10:45:52] [DEBUG] Frame processing START
[2025-12-24 10:45:52] [WARNING] Face not detected in frame
[2025-12-24 10:45:52] [WARNING] Warning displayed: Face/Eyes not detected
[2025-12-24 10:45:52] [DEBUG] Frame processing START
[2025-12-24 10:45:52] [WARNING] Face not detected in frame
[2025-12-24 10:45:52] [WARNING] Warning displayed: Face/Eyes not detected
[2025-12-24 10:45:52] [DEBUG] Frame processing START
[2025-12-24 10:45:52] [WARNING] Face not detected in frame
[2025-12-24 10:45:52] [WARNING] Warning displayed: Face/Eyes not detected
[2025-12-24 10:45:52] [DEBUG] Frame processing START
[2025-12-24 10:45:52] [WARNING] Face not detected in frame
[2025-12-24 10:45:52] [WARNING] Warning displayed: Face/Eyes not detected
[2025-12-24 10:45:52] [DEBUG] Frame processing START
[2025-12-24 10:45:52] [WARNING] Face not detected in frame
[2025-12-24 10:45:53] [WARNING] Warning displayed: Face/Eyes not detected
[2025-12-24 10:45:53] [DEBUG] Frame processing START
[2025-12-24 10:45:53] [WARNING] Face not detected in frame
[2025-12-24 10:45:53] [WARNING] Warning displayed: Face/Eyes not detected
[2025-12-24 10:45:53] [DEBUG] Frame processing START
[2025-12-24 10:45:53] [WARNING] Face not detected in frame
[2025-12-24 10:45:53] [WARNING] Warning displayed: Face/Eyes not detected
[2025-12-24 10:45:53] [DEBUG] Frame processing START
[2025-12-24 10:45:53] [WARNING] Face not detected in frame
[2025-12-24 10:45:53] [WARNING] Warning displayed: Face/Eyes not detected
[2025-12-24 10:45:53] [DEBUG] Frame processing START
[2025-12-24 10:45:53] [WARNING] Face not detected in frame
[2025-12-24 10:45:53] [WARNING] Warning displayed: Face/Eyes not detected
[2025-12-24 10:45:53] [DEBUG] Frame processing START
[2025-12-24 10:45:53] [WARNING] Face not detected in frame
[2025-12-24 10:45:53] [WARNING] Warning displayed: Face/Eyes not detected
[2025-12-24 10:45:53] [DEBUG] Frame processing START
[2025-12-24 10:45:53] [WARNING] Face not detected in frame
[2025-12-24 10:45:53] [WARNING] Warning displayed: Face/Eyes not detected
[2025-12-24 10:45:53] [DEBUG] Frame processing START
[2025-12-24 10:45:53] [WARNING] Face not detected in frame
[2025-12-24 10:45:53] [WARNING] Warning displayed: Face/Eyes not detected
[2025-12-24 10:45:53] [DEBUG] Frame processing START
[2025-12-24 10:45:53] [WARNING] Face not detected in frame
[2025-12-24 10:45:53] [WARNING] Warning displayed: Face/Eyes not detected
[2025-12-24 10:45:53] [DEBUG] Frame processing START
[2025-12-24 10:45:53] [WARNING] Face not detected in frame
[2025-12-24 10:45:53] [WARNING] Warning displayed: Face/Eyes not detected
[2025-12-24 10:45:53] [DEBUG] Frame processing START
[2025-12-24 10:45:53] [WARNING] Face not detected in frame
[2025-12-24 10:45:53] [WARNING] Warning displayed: Face/Eyes not detected
[2025-12-24 10:45:53] [DEBUG] Frame processing START
[2025-12-24 10:45:53] [WARNING] Face not detected in frame
[2025-12-24 10:45:53] [WARNING] Warning displayed: Face/Eyes not detected
[2025-12-24 10:45:53] [DEBUG] Frame processing START
[2025-12-24 10:45:53] [WARNING] Face not detected in frame
[2025-12-24 10:45:53] [WARNING] Warning displayed: Face/Eyes not detected
[2025-12-24 10:45:53] [DEBUG] Frame processing START
[2025-12-24 10:45:53] [WARNING] Face not detected in frame
[2025-12-24 10:45:53] [WARNING] Warning displayed: Face/Eyes not detected
[2025-12-24 10:45:53] [DEBUG] Frame processing START
[2025-12-24 10:45:53] [WARNING] Face not detected in frame
[2025-12-24 10:45:53] [WARNING] Warning displayed: Face/Eyes not detected
[2025-12-24 10:45:53] [DEBUG] Frame processing START
[2025-12-24 10:45:53] [WARNING] Face not detected in frame
[2025-12-24 10:45:53] [WARNING] Warning displayed: Face/Eyes not detected
[2025-12-24 10:45:53] [DEBUG] Frame processing START
[2025-12-24 10:45:53] [WARNING] Face not detected in frame
[2025-12-24 10:45:53] [WARNING] Warning displayed: Face/Eyes not detected
[2025-12-24 10:45:53] [DEBUG] Frame processing START
[2025-12-24 10:45:53] [WARNING] Face not detected in frame
[2025-12-24 10:45:53] [WARNING] Warning displayed: Face/Eyes not detected
[2025-12-24 10:45:53] [DEBUG] Frame processing START
[2025-12-24 10:45:53] [WARNING] Face not detected in frame
[2025-12-24 10:45:53] [WARNING] Warning displayed: Face/Eyes not detected
[2025-12-24 10:45:53] [DEBUG] Frame processing START
[2025-12-24 10:45:53] [WARNING] Face not detected in frame
[2025-12-24 10:45:53] [WARNING] Warning displayed: Face/Eyes not detected
[2025-12-24 10:45:53] [DEBUG] Frame processing START
[2025-12-24 10:45:53] [WARNING] Face not detected in frame
[2025-12-24 10:45:53] [WARNING] Warning displayed: Face/Eyes not detected
[2025-12-24 10:45:53] [DEBUG] Frame processing START
[2025-12-24 10:45:53] [DEBUG] Raw gaze: x=0.530, y=0.583
[2025-12-24 10:45:53] [DEBUG] Combined gaze: x=0.520, y=0.496
[2025-12-24 10:45:53] [DEBUG] Calibrated gaze: x=0.454, y=0.745
[2025-12-24 10:45:53] [DEBUG] Frame processing START
[2025-12-24 10:45:53] [DEBUG] Raw gaze: x=0.568, y=0.560
[2025-12-24 10:45:53] [DEBUG] Combined gaze: x=0.554, y=0.476
[2025-12-24 10:45:53] [DEBUG] Calibrated gaze: x=0.324, y=0.708
[2025-12-24 10:45:53] [DEBUG] Frame processing START
[2025-12-24 10:45:53] [WARNING] Face not detected in frame
[2025-12-24 10:45:53] [WARNING] Warning displayed: Face/Eyes not detected
[2025-12-24 10:45:53] [DEBUG] Frame processing START
[2025-12-24 10:45:53] [DEBUG] Raw gaze: x=0.800, y=0.573
[2025-12-24 10:45:53] [DEBUG] Combined gaze: x=0.755, y=0.487
[2025-12-24 10:45:53] [DEBUG] Calibrated gaze: x=0.000, y=0.392
[2025-12-24 10:45:53] [DEBUG] Frame processing START
[2025-12-24 10:45:53] [WARNING] Face not detected in frame
[2025-12-24 10:45:53] [WARNING] Warning displayed: Face/Eyes not detected
[2025-12-24 10:45:53] [DEBUG] Frame processing START
[2025-12-24 10:45:53] [WARNING] Face not detected in frame
[2025-12-24 10:45:53] [WARNING] Warning displayed: Face/Eyes not detected
[2025-12-24 10:45:53] [DEBUG] Frame processing START
[2025-12-24 10:45:53] [DEBUG] Raw gaze: x=0.423, y=0.485
[2025-12-24 10:45:53] [DEBUG] Combined gaze: x=0.424, y=0.466
[2025-12-24 10:45:53] [DEBUG] Calibrated gaze: x=0.679, y=0.576
[2025-12-24 10:45:53] [DEBUG] Frame processing START
[2025-12-24 10:45:54] [DEBUG] Raw gaze: x=0.443, y=0.411
[2025-12-24 10:45:54] [DEBUG] Combined gaze: x=0.435, y=0.458
[2025-12-24 10:45:54] [DEBUG] Calibrated gaze: x=0.659, y=0.580
[2025-12-24 10:45:54] [DEBUG] Frame processing START
[2025-12-24 10:45:54] [WARNING] Face not detected in frame
[2025-12-24 10:45:54] [WARNING] Warning displayed: Face/Eyes not detected
[2025-12-24 10:45:54] [DEBUG] Frame processing START
[2025-12-24 10:45:54] [DEBUG] Raw gaze: x=0.482, y=0.410
[2025-12-24 10:45:54] [DEBUG] Combined gaze: x=0.469, y=0.399
[2025-12-24 10:45:54] [DEBUG] Calibrated gaze: x=0.553, y=0.434
[2025-12-24 10:45:54] [DEBUG] Frame processing START
[2025-12-24 10:45:54] [DEBUG] Raw gaze: x=0.477, y=0.441
[2025-12-24 10:45:54] [DEBUG] Combined gaze: x=0.465, y=0.389
[2025-12-24 10:45:54] [DEBUG] Calibrated gaze: x=0.561, y=0.390
[2025-12-24 10:45:54] [DEBUG] Frame processing START
[2025-12-24 10:45:54] [DEBUG] Raw gaze: x=0.548, y=0.583
[2025-12-24 10:45:54] [DEBUG] Combined gaze: x=0.530, y=0.496
[2025-12-24 10:45:54] [DEBUG] Calibrated gaze: x=0.426, y=0.749
[2025-12-24 10:45:54] [DEBUG] Frame processing START
[2025-12-24 10:45:54] [DEBUG] Raw gaze: x=0.496, y=0.440
[2025-12-24 10:45:54] [DEBUG] Combined gaze: x=0.490, y=0.374
[2025-12-24 10:45:54] [DEBUG] Calibrated gaze: x=0.450, y=0.332
[2025-12-24 10:45:54] [DEBUG] Frame processing START
[2025-12-24 10:45:54] [DEBUG] Raw gaze: x=0.489, y=0.517
[2025-12-24 10:45:54] [DEBUG] Combined gaze: x=0.488, y=0.439
[2025-12-24 10:45:54] [DEBUG] Calibrated gaze: x=0.517, y=0.589
[2025-12-24 10:45:54] [DEBUG] Frame processing START
[2025-12-24 10:45:54] [DEBUG] Raw gaze: x=0.500, y=0.471
[2025-12-24 10:45:54] [DEBUG] Combined gaze: x=0.501, y=0.401
[2025-12-24 10:45:54] [DEBUG] Calibrated gaze: x=0.435, y=0.453
[2025-12-24 10:45:54] [DEBUG] Frame processing START
[2025-12-24 10:45:54] [DEBUG] Raw gaze: x=0.421, y=0.526
[2025-12-24 10:45:54] [DEBUG] Combined gaze: x=0.430, y=0.447
[2025-12-24 10:45:54] [DEBUG] Calibrated gaze: x=0.674, y=0.546
[2025-12-24 10:45:54] [DEBUG] Frame processing START
[2025-12-24 10:45:54] [DEBUG] Raw gaze: x=0.443, y=0.521
[2025-12-24 10:45:54] [DEBUG] Combined gaze: x=0.447, y=0.442
[2025-12-24 10:45:54] [DEBUG] Calibrated gaze: x=0.633, y=0.559
[2025-12-24 10:45:54] [DEBUG] Frame processing START
[2025-12-24 10:45:54] [DEBUG] Raw gaze: x=0.457, y=0.473
[2025-12-24 10:45:54] [DEBUG] Combined gaze: x=0.457, y=0.402
[2025-12-24 10:45:54] [DEBUG] Calibrated gaze: x=0.595, y=0.437
[2025-12-24 10:45:54] [DEBUG] Frame processing START
[2025-12-24 10:45:54] [DEBUG] Raw gaze: x=0.437, y=0.446
[2025-12-24 10:45:54] [DEBUG] Combined gaze: x=0.438, y=0.379
[2025-12-24 10:45:54] [DEBUG] Calibrated gaze: x=0.647, y=0.328
[2025-12-24 10:45:54] [DEBUG] Frame processing START
[2025-12-24 10:45:54] [DEBUG] Raw gaze: x=0.523, y=0.505
[2025-12-24 10:45:54] [DEBUG] Combined gaze: x=0.514, y=0.429
[2025-12-24 10:45:54] [DEBUG] Calibrated gaze: x=0.416, y=0.566
[2025-12-24 10:45:54] [DEBUG] Frame processing START
[2025-12-24 10:45:54] [DEBUG] Raw gaze: x=0.445, y=0.468
[2025-12-24 10:45:54] [DEBUG] Combined gaze: x=0.444, y=0.398
[2025-12-24 10:45:54] [DEBUG] Calibrated gaze: x=0.634, y=0.411
[2025-12-24 10:45:54] [DEBUG] Frame processing START
[2025-12-24 10:45:54] [DEBUG] Raw gaze: x=0.430, y=0.503
[2025-12-24 10:45:54] [DEBUG] Combined gaze: x=0.432, y=0.428
[2025-12-24 10:45:54] [DEBUG] Calibrated gaze: x=0.672, y=0.497
[2025-12-24 10:45:54] [DEBUG] Frame processing START
[2025-12-24 10:45:54] [DEBUG] Raw gaze: x=0.483, y=0.490
[2025-12-24 10:45:54] [DEBUG] Combined gaze: x=0.476, y=0.417
[2025-12-24 10:45:54] [DEBUG] Calibrated gaze: x=0.538, y=0.507
[2025-12-24 10:45:54] [DEBUG] Frame processing START
[2025-12-24 10:45:54] [DEBUG] Raw gaze: x=0.430, y=0.480
[2025-12-24 10:45:54] [DEBUG] Combined gaze: x=0.435, y=0.408
[2025-12-24 10:45:54] [DEBUG] Calibrated gaze: x=0.663, y=0.437
[2025-12-24 10:45:54] [DEBUG] Frame processing START
[2025-12-24 10:45:54] [DEBUG] Raw gaze: x=0.489, y=0.525
[2025-12-24 10:45:54] [DEBUG] Combined gaze: x=0.486, y=0.446
[2025-12-24 10:45:54] [DEBUG] Calibrated gaze: x=0.524, y=0.608
[2025-12-24 10:45:54] [DEBUG] Frame processing START
[2025-12-24 10:45:54] [DEBUG] Raw gaze: x=0.489, y=0.503
[2025-12-24 10:45:54] [DEBUG] Combined gaze: x=0.487, y=0.428
[2025-12-24 10:45:54] [DEBUG] Calibrated gaze: x=0.510, y=0.551
[2025-12-24 10:45:54] [DEBUG] Frame processing START
[2025-12-24 10:45:54] [DEBUG] Raw gaze: x=0.492, y=0.422
[2025-12-24 10:45:54] [DEBUG] Combined gaze: x=0.482, y=0.359
[2025-12-24 10:45:54] [DEBUG] Calibrated gaze: x=0.467, y=0.256
[2025-12-24 10:45:54] [DEBUG] Frame processing START
[2025-12-24 10:45:54] [DEBUG] Raw gaze: x=0.522, y=0.481
[2025-12-24 10:45:54] [DEBUG] Combined gaze: x=0.504, y=0.408
[2025-12-24 10:45:54] [DEBUG] Calibrated gaze: x=0.430, y=0.486
[2025-12-24 10:45:54] [DEBUG] Frame processing START
[2025-12-24 10:45:54] [DEBUG] Raw gaze: x=0.545, y=0.569
[2025-12-24 10:45:54] [DEBUG] Combined gaze: x=0.524, y=0.484
[2025-12-24 10:45:54] [DEBUG] Calibrated gaze: x=0.433, y=0.723
[2025-12-24 10:45:54] [DEBUG] Frame processing START
[2025-12-24 10:45:55] [DEBUG] Raw gaze: x=0.427, y=0.469
[2025-12-24 10:45:55] [DEBUG] Combined gaze: x=0.423, y=0.399
[2025-12-24 10:45:55] [DEBUG] Calibrated gaze: x=0.696, y=0.388
[2025-12-24 10:45:55] [DEBUG] Frame processing START
[2025-12-24 10:45:55] [DEBUG] Raw gaze: x=0.476, y=0.500
[2025-12-24 10:45:55] [DEBUG] Combined gaze: x=0.465, y=0.425
[2025-12-24 10:45:55] [DEBUG] Calibrated gaze: x=0.578, y=0.528
[2025-12-24 10:45:55] [DEBUG] Frame processing START
[2025-12-24 10:45:55] [DEBUG] Raw gaze: x=0.499, y=0.569
[2025-12-24 10:45:55] [DEBUG] Combined gaze: x=0.491, y=0.483
[2025-12-24 10:45:55] [DEBUG] Calibrated gaze: x=0.529, y=0.701
[2025-12-24 10:45:55] [DEBUG] Frame processing START
[2025-12-24 10:45:55] [DEBUG] Raw gaze: x=0.506, y=0.539
[2025-12-24 10:45:55] [DEBUG] Combined gaze: x=0.500, y=0.458
[2025-12-24 10:45:55] [DEBUG] Calibrated gaze: x=0.490, y=0.651
[2025-12-24 10:45:55] [DEBUG] Frame processing START
[2025-12-24 10:45:55] [DEBUG] Raw gaze: x=0.456, y=0.532
[2025-12-24 10:45:55] [DEBUG] Combined gaze: x=0.452, y=0.452
[2025-12-24 10:45:55] [DEBUG] Calibrated gaze: x=0.622, y=0.590
[2025-12-24 10:45:55] [DEBUG] Frame processing START
[2025-12-24 10:45:55] [DEBUG] Raw gaze: x=0.513, y=0.564
[2025-12-24 10:45:55] [DEBUG] Combined gaze: x=0.497, y=0.479
[2025-12-24 10:45:55] [DEBUG] Calibrated gaze: x=0.511, y=0.698
[2025-12-24 10:45:55] [DEBUG] Frame processing START
[2025-12-24 10:45:55] [DEBUG] Raw gaze: x=0.476, y=0.535
[2025-12-24 10:45:55] [DEBUG] Combined gaze: x=0.462, y=0.455
[2025-12-24 10:45:55] [DEBUG] Calibrated gaze: x=0.595, y=0.609
[2025-12-24 10:45:55] [DEBUG] Frame processing START
[2025-12-24 10:45:55] [DEBUG] Raw gaze: x=0.506, y=0.551
[2025-12-24 10:45:55] [DEBUG] Combined gaze: x=0.486, y=0.468
[2025-12-24 10:45:55] [DEBUG] Calibrated gaze: x=0.536, y=0.665
[2025-12-24 10:45:55] [DEBUG] Frame processing START
[2025-12-24 10:45:55] [DEBUG] Raw gaze: x=0.570, y=0.674
[2025-12-24 10:45:55] [DEBUG] Combined gaze: x=0.538, y=0.573
[2025-12-24 10:45:55] [DEBUG] Calibrated gaze: x=0.453, y=0.821
[2025-12-24 10:45:55] [DEBUG] Frame processing START
[2025-12-24 10:45:55] [DEBUG] Raw gaze: x=0.556, y=0.570
[2025-12-24 10:45:55] [DEBUG] Combined gaze: x=0.530, y=0.485
[2025-12-24 10:45:55] [DEBUG] Calibrated gaze: x=0.415, y=0.727
[2025-12-24 10:45:55] [DEBUG] Frame processing START
[2025-12-24 10:45:55] [DEBUG] Raw gaze: x=0.553, y=0.565
[2025-12-24 10:45:55] [DEBUG] Combined gaze: x=0.530, y=0.481
[2025-12-24 10:45:55] [DEBUG] Calibrated gaze: x=0.411, y=0.718
[2025-12-24 10:45:55] [DEBUG] Frame processing START
[2025-12-24 10:45:55] [DEBUG] Raw gaze: x=0.543, y=0.573
[2025-12-24 10:45:55] [DEBUG] Combined gaze: x=0.523, y=0.487
[2025-12-24 10:45:55] [DEBUG] Calibrated gaze: x=0.439, y=0.730
[2025-12-24 10:45:55] [DEBUG] Frame processing START
[2025-12-24 10:45:55] [DEBUG] Raw gaze: x=0.459, y=0.473
[2025-12-24 10:45:55] [DEBUG] Combined gaze: x=0.447, y=0.402
[2025-12-24 10:45:55] [DEBUG] Calibrated gaze: x=0.625, y=0.430
[2025-12-24 10:45:55] [DEBUG] Frame processing START
[2025-12-24 10:45:55] [DEBUG] Raw gaze: x=0.388, y=0.378
[2025-12-24 10:45:55] [DEBUG] Combined gaze: x=0.383, y=0.321
[2025-12-24 10:45:55] [DEBUG] Calibrated gaze: x=0.817, y=0.000
[2025-12-24 10:45:55] [DEBUG] Frame processing START
[2025-12-24 10:45:55] [DEBUG] Raw gaze: x=0.413, y=0.364
[2025-12-24 10:45:55] [DEBUG] Combined gaze: x=0.402, y=0.309
[2025-12-24 10:45:55] [DEBUG] Calibrated gaze: x=0.748, y=0.000
[2025-12-24 10:45:55] [DEBUG] Frame processing START
[2025-12-24 10:45:55] [DEBUG] Raw gaze: x=0.442, y=0.438
[2025-12-24 10:45:55] [DEBUG] Combined gaze: x=0.433, y=0.372
[2025-12-24 10:45:55] [DEBUG] Calibrated gaze: x=0.661, y=0.293
[2025-12-24 10:45:55] [DEBUG] Frame processing START
[2025-12-24 10:45:55] [DEBUG] Raw gaze: x=0.469, y=0.451
[2025-12-24 10:45:55] [DEBUG] Combined gaze: x=0.460, y=0.384
[2025-12-24 10:45:55] [DEBUG] Calibrated gaze: x=0.574, y=0.365
[2025-12-24 10:45:55] [DEBUG] Frame processing START
[2025-12-24 10:45:55] [DEBUG] Raw gaze: x=0.480, y=0.425
[2025-12-24 10:45:55] [DEBUG] Combined gaze: x=0.465, y=0.361
[2025-12-24 10:45:55] [DEBUG] Calibrated gaze: x=0.540, y=0.262
[2025-12-24 10:45:55] [DEBUG] Frame processing START
[2025-12-24 10:45:55] [DEBUG] Raw gaze: x=0.488, y=0.436
[2025-12-24 10:45:55] [DEBUG] Combined gaze: x=0.469, y=0.371
[2025-12-24 10:45:55] [DEBUG] Calibrated gaze: x=0.533, y=0.312
[2025-12-24 10:45:55] [DEBUG] Frame processing START
[2025-12-24 10:45:55] [DEBUG] Raw gaze: x=0.421, y=0.420
[2025-12-24 10:45:55] [DEBUG] Combined gaze: x=0.408, y=0.357
[2025-12-24 10:45:55] [DEBUG] Calibrated gaze: x=0.738, y=0.195
[2025-12-24 10:45:55] [DEBUG] Frame processing START
[2025-12-24 10:45:55] [DEBUG] Raw gaze: x=0.413, y=0.410
[2025-12-24 10:45:55] [DEBUG] Combined gaze: x=0.400, y=0.348
[2025-12-24 10:45:55] [DEBUG] Calibrated gaze: x=0.765, y=0.142
[2025-12-24 10:45:55] [DEBUG] Frame processing START
[2025-12-24 10:45:55] [DEBUG] Raw gaze: x=0.381, y=0.365
[2025-12-24 10:45:55] [DEBUG] Combined gaze: x=0.371, y=0.311
[2025-12-24 10:45:55] [DEBUG] Calibrated gaze: x=0.855, y=0.000
[2025-12-24 10:45:55] [DEBUG] Frame processing START
[2025-12-24 10:45:55] [DEBUG] Raw gaze: x=0.336, y=0.338
[2025-12-24 10:45:55] [DEBUG] Combined gaze: x=0.333, y=0.287
[2025-12-24 10:45:55] [DEBUG] Calibrated gaze: x=0.980, y=0.000
[2025-12-24 10:45:55] [DEBUG] Frame processing START
[2025-12-24 10:45:55] [DEBUG] Raw gaze: x=0.293, y=0.303
[2025-12-24 10:45:55] [DEBUG] Combined gaze: x=0.298, y=0.257
[2025-12-24 10:45:55] [DEBUG] Calibrated gaze: x=1.000, y=0.000
[2025-12-24 10:45:55] [DEBUG] Frame processing START
[2025-12-24 10:45:56] [DEBUG] Raw gaze: x=0.385, y=0.417
[2025-12-24 10:45:56] [DEBUG] Combined gaze: x=0.376, y=0.354
[2025-12-24 10:45:56] [DEBUG] Calibrated gaze: x=0.833, y=0.132
[2025-12-24 10:45:56] [DEBUG] Frame processing START
[2025-12-24 10:45:56] [DEBUG] Raw gaze: x=0.387, y=0.400
[2025-12-24 10:45:56] [DEBUG] Combined gaze: x=0.377, y=0.340
[2025-12-24 10:45:56] [DEBUG] Calibrated gaze: x=0.833, y=0.066
[2025-12-24 10:45:56] [DEBUG] Frame processing START
[2025-12-24 10:45:56] [DEBUG] Raw gaze: x=0.289, y=0.293
[2025-12-24 10:45:56] [DEBUG] Combined gaze: x=0.295, y=0.249
[2025-12-24 10:45:56] [DEBUG] Calibrated gaze: x=1.000, y=0.000
[2025-12-24 10:45:56] [DEBUG] Frame processing START
[2025-12-24 10:45:56] [DEBUG] Raw gaze: x=0.533, y=0.462
[2025-12-24 10:45:56] [DEBUG] Combined gaze: x=0.503, y=0.393
[2025-12-24 10:45:56] [DEBUG] Calibrated gaze: x=0.418, y=0.419
[2025-12-24 10:45:56] [DEBUG] Frame processing START
[2025-12-24 10:45:56] [DEBUG] Raw gaze: x=0.469, y=0.580
[2025-12-24 10:45:56] [DEBUG] Combined gaze: x=0.454, y=0.493
[2025-12-24 10:45:56] [DEBUG] Calibrated gaze: x=0.613, y=0.671
[2025-12-24 10:45:56] [DEBUG] Frame processing START
[2025-12-24 10:45:56] [DEBUG] Raw gaze: x=0.404, y=0.487
[2025-12-24 10:45:56] [DEBUG] Combined gaze: x=0.402, y=0.467
[2025-12-24 10:45:56] [DEBUG] Calibrated gaze: x=0.715, y=0.532
[2025-12-24 10:45:56] [DEBUG] Frame processing START
[2025-12-24 10:45:56] [DEBUG] Raw gaze: x=0.469, y=0.581
[2025-12-24 10:45:56] [DEBUG] Combined gaze: x=0.453, y=0.507
[2025-12-24 10:45:56] [DEBUG] Calibrated gaze: x=0.612, y=0.686
[2025-12-24 10:45:56] [DEBUG] Frame processing START
[2025-12-24 10:45:56] [DEBUG] Raw gaze: x=0.519, y=0.576
[2025-12-24 10:45:56] [DEBUG] Combined gaze: x=0.493, y=0.489
[2025-12-24 10:45:56] [DEBUG] Calibrated gaze: x=0.527, y=0.714
[2025-12-24 10:45:56] [DEBUG] Frame processing START
[2025-12-24 10:45:56] [DEBUG] Raw gaze: x=0.515, y=0.553
[2025-12-24 10:45:56] [DEBUG] Combined gaze: x=0.487, y=0.470
[2025-12-24 10:45:56] [DEBUG] Calibrated gaze: x=0.534, y=0.670
[2025-12-24 10:45:56] [DEBUG] Frame processing START
[2025-12-24 10:45:56] [DEBUG] Raw gaze: x=0.472, y=0.513
[2025-12-24 10:45:56] [DEBUG] Combined gaze: x=0.450, y=0.436
[2025-12-24 10:45:56] [DEBUG] Calibrated gaze: x=0.626, y=0.543
[2025-12-24 10:45:56] [DEBUG] Frame processing START
[2025-12-24 10:45:56] [DEBUG] Raw gaze: x=0.453, y=0.552
[2025-12-24 10:45:56] [DEBUG] Combined gaze: x=0.433, y=0.469
[2025-12-24 10:45:56] [DEBUG] Calibrated gaze: x=0.660, y=0.599
[2025-12-24 10:45:56] [DEBUG] Frame processing START
[2025-12-24 10:45:56] [DEBUG] Raw gaze: x=0.478, y=0.583
[2025-12-24 10:45:56] [DEBUG] Combined gaze: x=0.455, y=0.496
[2025-12-24 10:45:56] [DEBUG] Calibrated gaze: x=0.610, y=0.677
[2025-12-24 10:45:56] [DEBUG] Frame processing START
[2025-12-24 10:45:56] [DEBUG] Raw gaze: x=0.464, y=0.545
[2025-12-24 10:45:56] [DEBUG] Combined gaze: x=0.451, y=0.463
[2025-12-24 10:45:56] [DEBUG] Calibrated gaze: x=0.623, y=0.615
[2025-12-24 10:45:56] [DEBUG] Frame processing START
[2025-12-24 10:45:56] [DEBUG] Raw gaze: x=0.511, y=0.624
[2025-12-24 10:45:56] [DEBUG] Combined gaze: x=0.488, y=0.531
[2025-12-24 10:45:56] [DEBUG] Calibrated gaze: x=0.543, y=0.758
[2025-12-24 10:45:56] [DEBUG] Frame processing START
[2025-12-24 10:45:56] [DEBUG] Raw gaze: x=0.509, y=0.585
[2025-12-24 10:45:56] [DEBUG] Combined gaze: x=0.492, y=0.497
[2025-12-24 10:45:56] [DEBUG] Calibrated gaze: x=0.530, y=0.726
[2025-12-24 10:45:56] [DEBUG] Frame processing START
[2025-12-24 10:45:56] [DEBUG] Raw gaze: x=0.480, y=0.584
[2025-12-24 10:45:56] [DEBUG] Combined gaze: x=0.464, y=0.497
[2025-12-24 10:45:56] [DEBUG] Calibrated gaze: x=0.593, y=0.691
[2025-12-24 10:45:56] [DEBUG] Frame processing START
[2025-12-24 10:45:56] [DEBUG] Raw gaze: x=0.522, y=0.467
[2025-12-24 10:45:56] [DEBUG] Combined gaze: x=0.496, y=0.397
[2025-12-24 10:45:56] [DEBUG] Calibrated gaze: x=0.450, y=0.436
[2025-12-24 10:45:56] [DEBUG] Frame processing START
[2025-12-24 10:45:56] [DEBUG] Raw gaze: x=0.541, y=0.513
[2025-12-24 10:45:56] [DEBUG] Combined gaze: x=0.510, y=0.436
[2025-12-24 10:45:56] [DEBUG] Calibrated gaze: x=0.438, y=0.589
[2025-12-24 10:45:56] [DEBUG] Frame processing START
[2025-12-24 10:45:56] [DEBUG] Raw gaze: x=0.616, y=0.521
[2025-12-24 10:45:56] [DEBUG] Combined gaze: x=0.574, y=0.443
[2025-12-24 10:45:56] [DEBUG] Calibrated gaze: x=0.189, y=0.596
[2025-12-24 10:45:56] [DEBUG] Frame processing START
[2025-12-24 10:45:56] [DEBUG] Raw gaze: x=0.569, y=0.492
[2025-12-24 10:45:56] [DEBUG] Combined gaze: x=0.533, y=0.418
[2025-12-24 10:45:56] [DEBUG] Calibrated gaze: x=0.325, y=0.523
[2025-12-24 10:45:56] [DEBUG] Frame processing START
[2025-12-24 10:45:56] [DEBUG] Raw gaze: x=0.468, y=0.449
[2025-12-24 10:45:56] [DEBUG] Combined gaze: x=0.448, y=0.382
[2025-12-24 10:45:56] [DEBUG] Calibrated gaze: x=0.616, y=0.347
[2025-12-24 10:45:56] [DEBUG] Frame processing START
[2025-12-24 10:45:56] [DEBUG] Raw gaze: x=0.513, y=0.334
[2025-12-24 10:45:56] [DEBUG] Combined gaze: x=0.486, y=0.284
[2025-12-24 10:45:56] [DEBUG] Calibrated gaze: x=0.342, y=0.000
[2025-12-24 10:45:56] [DEBUG] Frame processing START
[2025-12-24 10:45:57] [DEBUG] Raw gaze: x=0.506, y=0.411
[2025-12-24 10:45:57] [DEBUG] Combined gaze: x=0.479, y=0.350
[2025-12-24 10:45:57] [DEBUG] Calibrated gaze: x=0.469, y=0.207
[2025-12-24 10:45:57] [DEBUG] Frame processing START
[2025-12-24 10:45:57] [DEBUG] Raw gaze: x=0.496, y=0.426
[2025-12-24 10:45:57] [DEBUG] Combined gaze: x=0.478, y=0.362
[2025-12-24 10:45:57] [DEBUG] Calibrated gaze: x=0.485, y=0.272
[2025-12-24 10:45:57] [DEBUG] Frame processing START
[2025-12-24 10:45:57] [DEBUG] Raw gaze: x=0.573, y=0.473
[2025-12-24 10:45:57] [DEBUG] Combined gaze: x=0.548, y=0.402
[2025-12-24 10:45:57] [DEBUG] Calibrated gaze: x=0.232, y=0.446
[2025-12-24 10:45:57] [DEBUG] Frame processing START
[2025-12-24 10:45:57] [DEBUG] Raw gaze: x=0.556, y=0.373
[2025-12-24 10:45:57] [DEBUG] Combined gaze: x=0.536, y=0.317
[2025-12-24 10:45:57] [DEBUG] Calibrated gaze: x=0.128, y=0.000
[2025-12-24 10:45:57] [DEBUG] Frame processing START
[2025-12-24 10:45:57] [DEBUG] Raw gaze: x=0.557, y=0.317
[2025-12-24 10:45:57] [DEBUG] Combined gaze: x=0.538, y=0.269
[2025-12-24 10:45:57] [DEBUG] Calibrated gaze: x=0.001, y=0.000
[2025-12-24 10:45:57] [DEBUG] Frame processing START
[2025-12-24 10:45:57] [DEBUG] Raw gaze: x=0.480, y=0.356
[2025-12-24 10:45:57] [DEBUG] Combined gaze: x=0.473, y=0.303
[2025-12-24 10:45:57] [DEBUG] Calibrated gaze: x=0.437, y=0.000
[2025-12-24 10:45:57] [DEBUG] Frame processing START
[2025-12-24 10:45:57] [DEBUG] Raw gaze: x=0.461, y=0.353
[2025-12-24 10:45:57] [DEBUG] Combined gaze: x=0.457, y=0.300
[2025-12-24 10:45:57] [DEBUG] Calibrated gaze: x=0.508, y=0.000
[2025-12-24 10:45:57] [DEBUG] Frame processing START
[2025-12-24 10:45:57] [DEBUG] Raw gaze: x=0.530, y=0.401
[2025-12-24 10:45:57] [DEBUG] Combined gaze: x=0.509, y=0.341
[2025-12-24 10:45:57] [DEBUG] Calibrated gaze: x=0.317, y=0.150
[2025-12-24 10:45:57] [DEBUG] Frame processing START
[2025-12-24 10:45:57] [DEBUG] Raw gaze: x=0.552, y=0.394
[2025-12-24 10:45:57] [DEBUG] Combined gaze: x=0.524, y=0.335
[2025-12-24 10:45:57] [DEBUG] Calibrated gaze: x=0.231, y=0.106
[2025-12-24 10:45:57] [DEBUG] Frame processing START
[2025-12-24 10:45:57] [DEBUG] Raw gaze: x=0.523, y=0.337
[2025-12-24 10:45:57] [DEBUG] Combined gaze: x=0.497, y=0.287
[2025-12-24 10:45:57] [DEBUG] Calibrated gaze: x=0.285, y=0.000
[2025-12-24 10:45:57] [DEBUG] Frame processing START
[2025-12-24 10:45:57] [DEBUG] Raw gaze: x=0.533, y=0.356
[2025-12-24 10:45:57] [DEBUG] Combined gaze: x=0.504, y=0.302
[2025-12-24 10:45:57] [DEBUG] Calibrated gaze: x=0.277, y=0.000
[2025-12-24 10:45:57] [DEBUG] Frame processing START
[2025-12-24 10:45:57] [DEBUG] Raw gaze: x=0.468, y=0.330
[2025-12-24 10:45:57] [DEBUG] Combined gaze: x=0.447, y=0.281
[2025-12-24 10:45:57] [DEBUG] Calibrated gaze: x=0.535, y=0.000
[2025-12-24 10:45:57] [DEBUG] Frame processing START
[2025-12-24 10:45:57] [DEBUG] Raw gaze: x=0.495, y=0.371
[2025-12-24 10:45:57] [DEBUG] Combined gaze: x=0.469, y=0.315
[2025-12-24 10:45:57] [DEBUG] Calibrated gaze: x=0.470, y=0.006
[2025-12-24 10:45:57] [DEBUG] Frame processing START
[2025-12-24 10:45:57] [DEBUG] Raw gaze: x=0.466, y=0.359
[2025-12-24 10:45:57] [DEBUG] Combined gaze: x=0.445, y=0.305
[2025-12-24 10:45:57] [DEBUG] Calibrated gaze: x=0.572, y=0.000
[2025-12-24 10:45:57] [DEBUG] Frame processing START
[2025-12-24 10:45:57] [DEBUG] Raw gaze: x=0.536, y=0.441
[2025-12-24 10:45:57] [DEBUG] Combined gaze: x=0.512, y=0.375
[2025-12-24 10:45:57] [DEBUG] Calibrated gaze: x=0.356, y=0.334
[2025-12-24 10:45:57] [DEBUG] Frame processing START
[2025-12-24 10:45:57] [DEBUG] Raw gaze: x=0.548, y=0.430
[2025-12-24 10:45:57] [DEBUG] Combined gaze: x=0.527, y=0.365
[2025-12-24 10:45:57] [DEBUG] Calibrated gaze: x=0.269, y=0.279
[2025-12-24 10:45:57] [DEBUG] Frame processing START
[2025-12-24 10:45:57] [DEBUG] Raw gaze: x=0.494, y=0.373
[2025-12-24 10:45:57] [DEBUG] Combined gaze: x=0.475, y=0.317
[2025-12-24 10:45:57] [DEBUG] Calibrated gaze: x=0.445, y=0.014
[2025-12-24 10:45:57] [DEBUG] Frame processing START
[2025-12-24 10:45:57] [DEBUG] Raw gaze: x=0.497, y=0.361
[2025-12-24 10:45:57] [DEBUG] Combined gaze: x=0.474, y=0.307
[2025-12-24 10:45:57] [DEBUG] Calibrated gaze: x=0.436, y=0.000
[2025-12-24 10:45:57] [DEBUG] Frame processing START
[2025-12-24 10:45:57] [DEBUG] Raw gaze: x=0.474, y=0.329
[2025-12-24 10:45:57] [DEBUG] Combined gaze: x=0.453, y=0.280
[2025-12-24 10:45:57] [DEBUG] Calibrated gaze: x=0.505, y=0.000
[2025-12-24 10:45:57] [DEBUG] Frame processing START
[2025-12-24 10:45:57] [DEBUG] Raw gaze: x=0.472, y=0.311
[2025-12-24 10:45:57] [DEBUG] Combined gaze: x=0.457, y=0.265
[2025-12-24 10:45:57] [DEBUG] Calibrated gaze: x=0.461, y=0.000
[2025-12-24 10:45:57] [DEBUG] Frame processing START
[2025-12-24 10:45:57] [DEBUG] Raw gaze: x=0.503, y=0.395
[2025-12-24 10:45:57] [DEBUG] Combined gaze: x=0.480, y=0.336
[2025-12-24 10:45:57] [DEBUG] Calibrated gaze: x=0.446, y=0.128
[2025-12-24 10:45:57] [DEBUG] Frame processing START
[2025-12-24 10:45:57] [DEBUG] Raw gaze: x=0.549, y=0.439
[2025-12-24 10:45:57] [DEBUG] Combined gaze: x=0.525, y=0.373
[2025-12-24 10:45:57] [DEBUG] Calibrated gaze: x=0.291, y=0.323
[2025-12-24 10:45:58] [DEBUG] Frame processing START
[2025-12-24 10:45:58] [DEBUG] Raw gaze: x=0.452, y=0.346
[2025-12-24 10:45:58] [DEBUG] Combined gaze: x=0.438, y=0.294
[2025-12-24 10:45:58] [DEBUG] Calibrated gaze: x=0.589, y=0.000
[2025-12-24 10:45:58] [DEBUG] Frame processing START
[2025-12-24 10:45:58] [DEBUG] Raw gaze: x=0.443, y=0.314
[2025-12-24 10:45:58] [DEBUG] Combined gaze: x=0.428, y=0.267
[2025-12-24 10:45:58] [DEBUG] Calibrated gaze: x=0.609, y=0.000
[2025-12-24 10:45:58] [DEBUG] Frame processing START
[2025-12-24 10:45:58] [DEBUG] Raw gaze: x=0.416, y=0.349
[2025-12-24 10:45:58] [DEBUG] Combined gaze: x=0.412, y=0.351
[2025-12-24 10:45:58] [DEBUG] Calibrated gaze: x=0.727, y=0.170
[2025-12-24 10:45:58] [DEBUG] Frame processing START
[2025-12-24 10:45:58] [DEBUG] Raw gaze: x=0.504, y=0.372
[2025-12-24 10:45:58] [DEBUG] Combined gaze: x=0.483, y=0.334
[2025-12-24 10:45:58] [DEBUG] Calibrated gaze: x=0.429, y=0.115
[2025-12-24 10:45:58] [DEBUG] Frame processing START
[2025-12-24 10:45:58] [DEBUG] Raw gaze: x=0.530, y=0.455
[2025-12-24 10:45:58] [DEBUG] Combined gaze: x=0.510, y=0.386
[2025-12-24 10:45:58] [DEBUG] Calibrated gaze: x=0.379, y=0.391
[2025-12-24 10:45:58] [DEBUG] Frame processing START
[2025-12-24 10:45:58] [DEBUG] Raw gaze: x=0.492, y=0.346
[2025-12-24 10:45:58] [DEBUG] Combined gaze: x=0.475, y=0.294
[2025-12-24 10:45:58] [DEBUG] Calibrated gaze: x=0.415, y=0.000
[2025-12-24 10:45:58] [DEBUG] Frame processing START
[2025-12-24 10:45:58] [DEBUG] Raw gaze: x=0.508, y=0.353
[2025-12-24 10:45:58] [DEBUG] Combined gaze: x=0.486, y=0.300
[2025-12-24 10:45:58] [DEBUG] Calibrated gaze: x=0.365, y=0.000
[2025-12-24 10:45:58] [DEBUG] Frame processing START
[2025-12-24 10:45:58] [DEBUG] Raw gaze: x=0.489, y=0.394
[2025-12-24 10:45:58] [DEBUG] Combined gaze: x=0.476, y=0.335
[2025-12-24 10:45:58] [DEBUG] Calibrated gaze: x=0.467, y=0.126
[2025-12-24 10:45:58] [DEBUG] Frame processing START
[2025-12-24 10:45:58] [DEBUG] Raw gaze: x=0.465, y=0.379
[2025-12-24 10:45:58] [DEBUG] Combined gaze: x=0.460, y=0.322
[2025-12-24 10:45:58] [DEBUG] Calibrated gaze: x=0.523, y=0.047
[2025-12-24 10:45:58] [DEBUG] Frame processing START
[2025-12-24 10:45:58] [DEBUG] Raw gaze: x=0.433, y=0.343
[2025-12-24 10:45:58] [DEBUG] Combined gaze: x=0.436, y=0.292
[2025-12-24 10:45:58] [DEBUG] Calibrated gaze: x=0.598, y=0.000
[2025-12-24 10:45:58] [DEBUG] Frame processing START
[2025-12-24 10:45:58] [DEBUG] Raw gaze: x=0.470, y=0.515
[2025-12-24 10:45:58] [DEBUG] Combined gaze: x=0.467, y=0.438
[2025-12-24 10:45:58] [DEBUG] Calibrated gaze: x=0.579, y=0.567
[2025-12-24 10:45:58] [DEBUG] Frame processing START
[2025-12-24 10:45:58] [DEBUG] Raw gaze: x=0.534, y=0.524
[2025-12-24 10:45:58] [DEBUG] Combined gaze: x=0.521, y=0.446
[2025-12-24 10:45:58] [DEBUG] Calibrated gaze: x=0.408, y=0.622
[2025-12-24 10:45:58] [DEBUG] Frame processing START
[2025-12-24 10:45:58] [DEBUG] Raw gaze: x=0.474, y=0.481
[2025-12-24 10:45:58] [DEBUG] Combined gaze: x=0.462, y=0.409
[2025-12-24 10:45:58] [DEBUG] Calibrated gaze: x=0.582, y=0.468
[2025-12-24 10:45:58] [DEBUG] Frame processing START
[2025-12-24 10:45:58] [DEBUG] Raw gaze: x=0.514, y=0.538
[2025-12-24 10:45:58] [DEBUG] Combined gaze: x=0.491, y=0.457
[2025-12-24 10:45:58] [DEBUG] Calibrated gaze: x=0.517, y=0.642
[2025-12-24 10:45:58] [DEBUG] Frame processing START
[2025-12-24 10:45:58] [DEBUG] Raw gaze: x=0.542, y=0.595
[2025-12-24 10:45:58] [DEBUG] Combined gaze: x=0.512, y=0.506
[2025-12-24 10:45:58] [DEBUG] Calibrated gaze: x=0.482, y=0.756
[2025-12-24 10:45:58] [DEBUG] Frame processing START
[2025-12-24 10:45:58] [DEBUG] Raw gaze: x=0.512, y=0.594
[2025-12-24 10:45:58] [DEBUG] Combined gaze: x=0.485, y=0.505
[2025-12-24 10:45:58] [DEBUG] Calibrated gaze: x=0.548, y=0.729
[2025-12-24 10:45:58] [DEBUG] Frame processing START
[2025-12-24 10:45:58] [DEBUG] Raw gaze: x=0.493, y=0.589
[2025-12-24 10:45:58] [DEBUG] Combined gaze: x=0.468, y=0.501
[2025-12-24 10:45:58] [DEBUG] Calibrated gaze: x=0.584, y=0.703
[2025-12-24 10:45:58] [DEBUG] Frame processing START
[2025-12-24 10:45:58] [DEBUG] Raw gaze: x=0.527, y=0.599
[2025-12-24 10:45:58] [DEBUG] Combined gaze: x=0.496, y=0.509
[2025-12-24 10:45:58] [DEBUG] Calibrated gaze: x=0.523, y=0.747
[2025-12-24 10:45:58] [DEBUG] Frame processing START
[2025-12-24 10:45:58] [DEBUG] Raw gaze: x=0.526, y=0.611
[2025-12-24 10:45:58] [DEBUG] Combined gaze: x=0.495, y=0.519
[2025-12-24 10:45:58] [DEBUG] Calibrated gaze: x=0.527, y=0.757
[2025-12-24 10:45:58] [DEBUG] Frame processing START
[2025-12-24 10:45:58] [DEBUG] Raw gaze: x=0.541, y=0.582
[2025-12-24 10:45:58] [DEBUG] Combined gaze: x=0.515, y=0.494
[2025-12-24 10:45:58] [DEBUG] Calibrated gaze: x=0.467, y=0.740
[2025-12-24 10:45:58] [DEBUG] Frame processing START
[2025-12-24 10:45:58] [DEBUG] Raw gaze: x=0.522, y=0.465
[2025-12-24 10:45:58] [DEBUG] Combined gaze: x=0.504, y=0.396
[2025-12-24 10:45:59] [DEBUG] Calibrated gaze: x=0.418, y=0.432
[2025-12-24 10:45:59] [DEBUG] Frame processing START
[2025-12-24 10:45:59] [DEBUG] Raw gaze: x=0.556, y=0.507
[2025-12-24 10:45:59] [DEBUG] Combined gaze: x=0.535, y=0.431
[2025-12-24 10:45:59] [DEBUG] Calibrated gaze: x=0.334, y=0.571
[2025-12-24 10:45:59] [DEBUG] Frame processing START
[2025-12-24 10:45:59] [DEBUG] Raw gaze: x=0.562, y=0.517
[2025-12-24 10:45:59] [DEBUG] Combined gaze: x=0.536, y=0.440
[2025-12-24 10:45:59] [DEBUG] Calibrated gaze: x=0.342, y=0.602
[2025-12-24 10:45:59] [DEBUG] Frame processing START
[2025-12-24 10:45:59] [DEBUG] Raw gaze: x=0.394, y=0.381
[2025-12-24 10:45:59] [DEBUG] Combined gaze: x=0.396, y=0.324
[2025-12-24 10:45:59] [DEBUG] Calibrated gaze: x=0.773, y=0.012
[2025-12-24 10:45:59] [DEBUG] Frame processing START
[2025-12-24 10:45:59] [DEBUG] Raw gaze: x=0.370, y=0.399
[2025-12-24 10:45:59] [DEBUG] Combined gaze: x=0.371, y=0.339
[2025-12-24 10:45:59] [DEBUG] Frame processing START
[2025-12-24 10:45:59] [DEBUG] Raw gaze: x=0.385, y=0.285
[2025-12-24 10:45:59] [DEBUG] Combined gaze: x=0.389, y=0.242
[2025-12-24 10:45:59] [DEBUG] Frame processing START
[2025-12-24 10:45:59] [DEBUG] Raw gaze: x=0.369, y=0.291
[2025-12-24 10:45:59] [DEBUG] Combined gaze: x=0.378, y=0.248
[2025-12-24 10:45:59] [DEBUG] Frame processing START
[2025-12-24 10:45:59] [DEBUG] Raw gaze: x=0.342, y=0.284
[2025-12-24 10:45:59] [DEBUG] Combined gaze: x=0.357, y=0.242
[2025-12-24 10:45:59] [DEBUG] Frame processing START
[2025-12-24 10:45:59] [DEBUG] Raw gaze: x=0.479, y=0.371
[2025-12-24 10:45:59] [DEBUG] Combined gaze: x=0.466, y=0.315
[2025-12-24 10:45:59] [DEBUG] Frame processing START
[2025-12-24 10:45:59] [DEBUG] Raw gaze: x=0.460, y=0.353
[2025-12-24 10:45:59] [DEBUG] Combined gaze: x=0.454, y=0.300
[2025-12-24 10:45:59] [DEBUG] Frame processing START
[2025-12-24 10:45:59] [DEBUG] Raw gaze: x=0.468, y=0.385
[2025-12-24 10:45:59] [DEBUG] Combined gaze: x=0.455, y=0.327
[2025-12-24 10:45:59] [DEBUG] Frame processing START
[2025-12-24 10:45:59] [DEBUG] Raw gaze: x=0.488, y=0.389
[2025-12-24 10:45:59] [DEBUG] Combined gaze: x=0.475, y=0.331
[2025-12-24 10:45:59] [DEBUG] Frame processing START
[2025-12-24 10:45:59] [DEBUG] Raw gaze: x=0.589, y=0.451
[2025-12-24 10:45:59] [DEBUG] Combined gaze: x=0.557, y=0.384
[2025-12-24 10:45:59] [DEBUG] Frame processing START
[2025-12-24 10:45:59] [DEBUG] Raw gaze: x=0.587, y=0.417
[2025-12-24 10:45:59] [DEBUG] Combined gaze: x=0.553, y=0.354
[2025-12-24 10:45:59] [DEBUG] Frame processing START
[2025-12-24 10:45:59] [DEBUG] Raw gaze: x=0.606, y=0.434
[2025-12-24 10:45:59] [DEBUG] Combined gaze: x=0.568, y=0.369
[2025-12-24 10:45:59] [DEBUG] Frame processing START
[2025-12-24 10:45:59] [DEBUG] Raw gaze: x=0.532, y=0.338
[2025-12-24 10:45:59] [DEBUG] Combined gaze: x=0.504, y=0.288
[2025-12-24 10:45:59] [DEBUG] Frame processing START
[2025-12-24 10:45:59] [DEBUG] Raw gaze: x=0.519, y=0.314
[2025-12-24 10:45:59] [DEBUG] Combined gaze: x=0.492, y=0.267
[2025-12-24 10:45:59] [DEBUG] Frame processing START
[2025-12-24 10:45:59] [DEBUG] Raw gaze: x=0.497, y=0.352
[2025-12-24 10:45:59] [DEBUG] Combined gaze: x=0.472, y=0.299
[2025-12-24 10:45:59] [DEBUG] Frame processing START
[2025-12-24 10:45:59] [DEBUG] Raw gaze: x=0.533, y=0.386
[2025-12-24 10:45:59] [DEBUG] Combined gaze: x=0.503, y=0.328
[2025-12-24 10:45:59] [DEBUG] Frame processing START
[2025-12-24 10:45:59] [DEBUG] Raw gaze: x=0.525, y=0.367
[2025-12-24 10:45:59] [DEBUG] Combined gaze: x=0.496, y=0.312
[2025-12-24 10:45:59] [DEBUG] Frame processing START
[2025-12-24 10:45:59] [DEBUG] Raw gaze: x=0.501, y=0.405
[2025-12-24 10:45:59] [DEBUG] Combined gaze: x=0.475, y=0.345
[2025-12-24 10:45:59] [DEBUG] Frame processing START
[2025-12-24 10:45:59] [DEBUG] Raw gaze: x=0.477, y=0.363
[2025-12-24 10:45:59] [DEBUG] Combined gaze: x=0.454, y=0.309
[2025-12-24 10:45:59] [DEBUG] Frame processing START
[2025-12-24 10:46:00] [DEBUG] Raw gaze: x=0.515, y=0.343
[2025-12-24 10:46:00] [DEBUG] Combined gaze: x=0.488, y=0.292
[2025-12-24 10:46:00] [DEBUG] Frame processing START
[2025-12-24 10:46:00] [DEBUG] Raw gaze: x=0.489, y=0.348
[2025-12-24 10:46:00] [DEBUG] Combined gaze: x=0.465, y=0.295
[2025-12-24 10:46:00] [DEBUG] Frame processing START
[2025-12-24 10:46:00] [DEBUG] Raw gaze: x=0.505, y=0.377
[2025-12-24 10:46:00] [DEBUG] Combined gaze: x=0.477, y=0.320
[2025-12-24 10:46:00] [DEBUG] Frame processing START
[2025-12-24 10:46:00] [DEBUG] Raw gaze: x=0.520, y=0.370
[2025-12-24 10:46:00] [DEBUG] Combined gaze: x=0.492, y=0.315
[2025-12-24 10:46:00] [DEBUG] Frame processing START
[2025-12-24 10:46:00] [DEBUG] Raw gaze: x=0.514, y=0.341
[2025-12-24 10:46:00] [DEBUG] Combined gaze: x=0.487, y=0.290
[2025-12-24 10:46:00] [DEBUG] Frame processing START
[2025-12-24 10:46:00] [DEBUG] Raw gaze: x=0.514, y=0.296
[2025-12-24 10:46:00] [DEBUG] Combined gaze: x=0.487, y=0.252
[2025-12-24 10:46:00] [DEBUG] Frame processing START
[2025-12-24 10:46:00] [DEBUG] Raw gaze: x=0.497, y=0.406
[2025-12-24 10:46:00] [DEBUG] Combined gaze: x=0.472, y=0.345
[2025-12-24 10:46:00] [DEBUG] Frame processing START
[2025-12-24 10:46:00] [DEBUG] Raw gaze: x=0.499, y=0.405
[2025-12-24 10:46:00] [DEBUG] Combined gaze: x=0.480, y=0.399
[2025-12-24 10:46:00] [DEBUG] Frame processing START
[2025-12-24 10:46:00] [DEBUG] Raw gaze: x=0.513, y=0.355
[2025-12-24 10:46:00] [DEBUG] Combined gaze: x=0.496, y=0.413
[2025-12-24 10:46:00] [DEBUG] Frame processing START
[2025-12-24 10:46:00] [DEBUG] Raw gaze: x=0.554, y=0.398
[2025-12-24 10:46:00] [DEBUG] Combined gaze: x=0.526, y=0.390
[2025-12-24 10:46:00] [DEBUG] Frame processing START
[2025-12-24 10:46:00] [DEBUG] Raw gaze: x=0.554, y=0.378
[2025-12-24 10:46:00] [DEBUG] Combined gaze: x=0.522, y=0.337
[2025-12-24 10:46:00] [DEBUG] Frame processing START
[2025-12-24 10:46:00] [DEBUG] Raw gaze: x=0.568, y=0.367
[2025-12-24 10:46:00] [DEBUG] Combined gaze: x=0.532, y=0.312
[2025-12-24 10:46:00] [DEBUG] Frame processing START
[2025-12-24 10:46:00] [DEBUG] Raw gaze: x=0.522, y=0.329
[2025-12-24 10:46:00] [DEBUG] Combined gaze: x=0.491, y=0.279
[2025-12-24 10:46:00] [DEBUG] Frame processing START
[2025-12-24 10:46:00] [DEBUG] Raw gaze: x=0.549, y=0.373
[2025-12-24 10:46:00] [DEBUG] Combined gaze: x=0.514, y=0.317
[2025-12-24 10:46:00] [DEBUG] Frame processing START
[2025-12-24 10:46:00] [DEBUG] Raw gaze: x=0.534, y=0.341
[2025-12-24 10:46:00] [DEBUG] Combined gaze: x=0.502, y=0.289
[2025-12-24 10:46:00] [DEBUG] Frame processing START
[2025-12-24 10:46:00] [DEBUG] Raw gaze: x=0.548, y=0.417
[2025-12-24 10:46:00] [DEBUG] Combined gaze: x=0.521, y=0.354
[2025-12-24 10:46:00] [DEBUG] Frame processing START
[2025-12-24 10:46:00] [DEBUG] Raw gaze: x=0.499, y=0.389
[2025-12-24 10:46:00] [DEBUG] Combined gaze: x=0.484, y=0.331
[2025-12-24 10:46:00] [DEBUG] Frame processing START
[2025-12-24 10:46:00] [DEBUG] Raw gaze: x=0.458, y=0.386
[2025-12-24 10:46:00] [DEBUG] Combined gaze: x=0.448, y=0.328
[2025-12-24 10:46:00] [DEBUG] Frame processing START
[2025-12-24 10:46:00] [DEBUG] Raw gaze: x=0.464, y=0.359
[2025-12-24 10:46:00] [DEBUG] Combined gaze: x=0.451, y=0.305
[2025-12-24 10:46:00] [DEBUG] Frame processing START
[2025-12-24 10:46:00] [DEBUG] Raw gaze: x=0.476, y=0.329
[2025-12-24 10:46:00] [DEBUG] Combined gaze: x=0.459, y=0.279
[2025-12-24 10:46:00] [DEBUG] Frame processing START
[2025-12-24 10:46:01] [DEBUG] Raw gaze: x=0.455, y=0.280
[2025-12-24 10:46:01] [DEBUG] Combined gaze: x=0.440, y=0.238
[2025-12-24 10:46:01] [DEBUG] Frame processing START
[2025-12-24 10:46:01] [DEBUG] Raw gaze: x=0.462, y=0.308
[2025-12-24 10:46:01] [DEBUG] Combined gaze: x=0.444, y=0.262
[2025-12-24 10:46:01] [DEBUG] Frame processing START
[2025-12-24 10:46:01] [DEBUG] Raw gaze: x=0.472, y=0.325
[2025-12-24 10:46:01] [DEBUG] Combined gaze: x=0.452, y=0.276
[2025-12-24 10:46:01] [DEBUG] Frame processing START
[2025-12-24 10:46:01] [DEBUG] Raw gaze: x=0.465, y=0.337
[2025-12-24 10:46:01] [DEBUG] Combined gaze: x=0.445, y=0.287
[2025-12-24 10:46:01] [DEBUG] Frame processing START
[2025-12-24 10:46:01] [DEBUG] Raw gaze: x=0.497, y=0.348
[2025-12-24 10:46:01] [DEBUG] Combined gaze: x=0.472, y=0.296
[2025-12-24 10:46:01] [DEBUG] Frame processing START
[2025-12-24 10:46:01] [DEBUG] Raw gaze: x=0.509, y=0.344
[2025-12-24 10:46:01] [DEBUG] Combined gaze: x=0.482, y=0.293
[2025-12-24 10:46:01] [DEBUG] Frame processing START
[2025-12-24 10:46:01] [DEBUG] Raw gaze: x=0.471, y=0.345
[2025-12-24 10:46:01] [DEBUG] Combined gaze: x=0.449, y=0.294
[2025-12-24 10:46:01] [DEBUG] Frame processing START
[2025-12-24 10:46:01] [DEBUG] Raw gaze: x=0.471, y=0.334
[2025-12-24 10:46:01] [DEBUG] Combined gaze: x=0.450, y=0.284
[2025-12-24 10:46:01] [DEBUG] Frame processing START
[2025-12-24 10:46:01] [DEBUG] Raw gaze: x=0.480, y=0.359
[2025-12-24 10:46:01] [DEBUG] Combined gaze: x=0.457, y=0.305
[2025-12-24 10:46:01] [DEBUG] Frame processing START
[2025-12-24 10:46:01] [DEBUG] Raw gaze: x=0.500, y=0.380
[2025-12-24 10:46:01] [DEBUG] Combined gaze: x=0.474, y=0.323
[2025-12-24 10:46:01] [DEBUG] Frame processing START
[2025-12-24 10:46:01] [DEBUG] Raw gaze: x=0.419, y=0.329
[2025-12-24 10:46:01] [DEBUG] Combined gaze: x=0.404, y=0.280
[2025-12-24 10:46:01] [DEBUG] Frame processing START
[2025-12-24 10:46:01] [DEBUG] Raw gaze: x=0.503, y=0.294
[2025-12-24 10:46:01] [DEBUG] Combined gaze: x=0.476, y=0.250
[2025-12-24 10:46:01] [DEBUG] Frame processing START
[2025-12-24 10:46:01] [DEBUG] Raw gaze: x=0.459, y=0.300
[2025-12-24 10:46:01] [DEBUG] Combined gaze: x=0.438, y=0.255
[2025-12-24 10:46:01] [DEBUG] Frame processing START
[2025-12-24 10:46:01] [DEBUG] Raw gaze: x=0.468, y=0.310
[2025-12-24 10:46:01] [DEBUG] Combined gaze: x=0.454, y=0.263
[2025-12-24 10:46:01] [DEBUG] Frame processing START
[2025-12-24 10:46:01] [DEBUG] Raw gaze: x=0.460, y=0.308
[2025-12-24 10:46:01] [DEBUG] Combined gaze: x=0.453, y=0.262
[2025-12-24 10:46:01] [DEBUG] Frame processing START
[2025-12-24 10:46:01] [DEBUG] Raw gaze: x=0.496, y=0.369
[2025-12-24 10:46:01] [DEBUG] Combined gaze: x=0.478, y=0.313
[2025-12-24 10:46:01] [DEBUG] Frame processing START
[2025-12-24 10:46:01] [DEBUG] Raw gaze: x=0.505, y=0.349
[2025-12-24 10:46:01] [DEBUG] Combined gaze: x=0.485, y=0.297
[2025-12-24 10:46:01] [DEBUG] Frame processing START
[2025-12-24 10:46:01] [DEBUG] Raw gaze: x=0.487, y=0.384
[2025-12-24 10:46:01] [DEBUG] Combined gaze: x=0.468, y=0.326
[2025-12-24 10:46:01] [DEBUG] Frame processing START
[2025-12-24 10:46:01] [DEBUG] Raw gaze: x=0.457, y=0.360
[2025-12-24 10:46:01] [DEBUG] Combined gaze: x=0.442, y=0.306
[2025-12-24 10:46:01] [DEBUG] Frame processing START
[2025-12-24 10:46:01] [DEBUG] Raw gaze: x=0.489, y=0.381
[2025-12-24 10:46:01] [DEBUG] Combined gaze: x=0.468, y=0.324
[2025-12-24 10:46:01] [DEBUG] Frame processing START
[2025-12-24 10:46:01] [DEBUG] Raw gaze: x=0.477, y=0.398
[2025-12-24 10:46:01] [DEBUG] Combined gaze: x=0.455, y=0.338
[2025-12-24 10:46:01] [DEBUG] Frame processing START
[2025-12-24 10:46:01] [DEBUG] Raw gaze: x=0.461, y=0.332
[2025-12-24 10:46:01] [DEBUG] Combined gaze: x=0.447, y=0.282
[2025-12-24 10:46:01] [DEBUG] Frame processing START
[2025-12-24 10:46:02] [DEBUG] Raw gaze: x=0.464, y=0.311
[2025-12-24 10:46:02] [DEBUG] Combined gaze: x=0.448, y=0.264
[2025-12-24 10:46:02] [DEBUG] Frame processing START
[2025-12-24 10:46:02] [DEBUG] Raw gaze: x=0.498, y=0.357
[2025-12-24 10:46:02] [DEBUG] Combined gaze: x=0.483, y=0.303
[2025-12-24 10:46:02] [DEBUG] Frame processing START
[2025-12-24 10:46:02] [DEBUG] Raw gaze: x=0.489, y=0.349
[2025-12-24 10:46:02] [DEBUG] Combined gaze: x=0.471, y=0.297
[2025-12-24 10:46:02] [INFO] Calibration trigger at point 1
[2025-12-24 10:46:02] [DEBUG] Frame processing START
[2025-12-24 10:46:02] [DEBUG] Raw gaze: x=0.488, y=0.412
[2025-12-24 10:46:02] [DEBUG] Combined gaze: x=0.466, y=0.350
[2025-12-24 10:46:02] [DEBUG] Frame processing START
[2025-12-24 10:46:02] [DEBUG] Raw gaze: x=0.494, y=0.401
[2025-12-24 10:46:02] [DEBUG] Combined gaze: x=0.469, y=0.341
[2025-12-24 10:46:02] [DEBUG] Frame processing START
[2025-12-24 10:46:02] [DEBUG] Raw gaze: x=0.512, y=0.376
[2025-12-24 10:46:02] [DEBUG] Combined gaze: x=0.491, y=0.320
[2025-12-24 10:46:02] [DEBUG] Frame processing START
[2025-12-24 10:46:02] [DEBUG] Raw gaze: x=0.526, y=0.345
[2025-12-24 10:46:02] [DEBUG] Combined gaze: x=0.507, y=0.293
[2025-12-24 10:46:02] [DEBUG] Frame processing START
[2025-12-24 10:46:02] [DEBUG] Raw gaze: x=0.556, y=0.343
[2025-12-24 10:46:02] [DEBUG] Combined gaze: x=0.528, y=0.291
[2025-12-24 10:46:02] [DEBUG] Frame processing START
[2025-12-24 10:46:02] [DEBUG] Raw gaze: x=0.562, y=0.345
[2025-12-24 10:46:02] [DEBUG] Combined gaze: x=0.530, y=0.293
[2025-12-24 10:46:02] [DEBUG] Frame processing START
[2025-12-24 10:46:02] [DEBUG] Raw gaze: x=0.528, y=0.317
[2025-12-24 10:46:02] [DEBUG] Combined gaze: x=0.506, y=0.269
[2025-12-24 10:46:02] [DEBUG] Frame processing START
[2025-12-24 10:46:02] [DEBUG] Raw gaze: x=0.484, y=0.315
[2025-12-24 10:46:02] [DEBUG] Combined gaze: x=0.473, y=0.267
[2025-12-24 10:46:02] [DEBUG] Frame processing START
[2025-12-24 10:46:02] [DEBUG] Raw gaze: x=0.512, y=0.337
[2025-12-24 10:46:02] [DEBUG] Combined gaze: x=0.490, y=0.286
[2025-12-24 10:46:02] [DEBUG] Frame processing START
[2025-12-24 10:46:02] [DEBUG] Raw gaze: x=0.504, y=0.301
[2025-12-24 10:46:02] [DEBUG] Combined gaze: x=0.481, y=0.256
[2025-12-24 10:46:02] [DEBUG] Frame processing START
[2025-12-24 10:46:02] [DEBUG] Raw gaze: x=0.469, y=0.226
[2025-12-24 10:46:02] [DEBUG] Combined gaze: x=0.450, y=0.192
[2025-12-24 10:46:02] [DEBUG] Frame processing START
[2025-12-24 10:46:02] [DEBUG] Raw gaze: x=0.441, y=0.323
[2025-12-24 10:46:02] [DEBUG] Combined gaze: x=0.425, y=0.274
[2025-12-24 10:46:02] [DEBUG] Frame processing START
[2025-12-24 10:46:02] [DEBUG] Raw gaze: x=0.444, y=0.328
[2025-12-24 10:46:02] [DEBUG] Combined gaze: x=0.427, y=0.279
[2025-12-24 10:46:02] [DEBUG] Frame processing START
[2025-12-24 10:46:02] [DEBUG] Raw gaze: x=0.498, y=0.372
[2025-12-24 10:46:02] [DEBUG] Combined gaze: x=0.473, y=0.316
[2025-12-24 10:46:02] [DEBUG] Frame processing START
[2025-12-24 10:46:02] [DEBUG] Raw gaze: x=0.510, y=0.356
[2025-12-24 10:46:02] [DEBUG] Combined gaze: x=0.482, y=0.302
[2025-12-24 10:46:02] [DEBUG] Frame processing START
[2025-12-24 10:46:02] [DEBUG] Raw gaze: x=0.534, y=0.375
[2025-12-24 10:46:02] [DEBUG] Combined gaze: x=0.503, y=0.318
[2025-12-24 10:46:02] [DEBUG] Frame processing START
[2025-12-24 10:46:02] [DEBUG] Raw gaze: x=0.523, y=0.370
[2025-12-24 10:46:02] [DEBUG] Combined gaze: x=0.495, y=0.314
[2025-12-24 10:46:02] [DEBUG] Frame processing START
[2025-12-24 10:46:02] [DEBUG] Raw gaze: x=0.531, y=0.386
[2025-12-24 10:46:02] [DEBUG] Combined gaze: x=0.500, y=0.328
[2025-12-24 10:46:02] [DEBUG] Frame processing START
[2025-12-24 10:46:02] [DEBUG] Raw gaze: x=0.537, y=0.385
[2025-12-24 10:46:02] [DEBUG] Combined gaze: x=0.504, y=0.327
[2025-12-24 10:46:02] [DEBUG] Frame processing START
[2025-12-24 10:46:02] [DEBUG] Raw gaze: x=0.490, y=0.515
[2025-12-24 10:46:02] [DEBUG] Combined gaze: x=0.464, y=0.438
[2025-12-24 10:46:02] [DEBUG] Frame processing START
[2025-12-24 10:46:03] [DEBUG] Raw gaze: x=0.533, y=0.455
[2025-12-24 10:46:03] [DEBUG] Combined gaze: x=0.508, y=0.387
[2025-12-24 10:46:03] [DEBUG] Frame processing START
[2025-12-24 10:46:03] [DEBUG] Raw gaze: x=0.532, y=0.443
[2025-12-24 10:46:03] [DEBUG] Combined gaze: x=0.504, y=0.376
[2025-12-24 10:46:03] [DEBUG] Frame processing START
[2025-12-24 10:46:03] [DEBUG] Raw gaze: x=0.603, y=0.576
[2025-12-24 10:46:03] [DEBUG] Combined gaze: x=0.564, y=0.490
[2025-12-24 10:46:03] [DEBUG] Frame processing START
[2025-12-24 10:46:03] [DEBUG] Raw gaze: x=0.546, y=0.592
[2025-12-24 10:46:03] [DEBUG] Combined gaze: x=0.514, y=0.503
[2025-12-24 10:46:03] [DEBUG] Frame processing START
[2025-12-24 10:46:03] [DEBUG] Raw gaze: x=0.567, y=0.533
[2025-12-24 10:46:03] [DEBUG] Combined gaze: x=0.539, y=0.453
[2025-12-24 10:46:03] [DEBUG] Frame processing START
[2025-12-24 10:46:03] [DEBUG] Raw gaze: x=0.545, y=0.556
[2025-12-24 10:46:03] [DEBUG] Combined gaze: x=0.524, y=0.473
[2025-12-24 10:46:03] [DEBUG] Frame processing START
[2025-12-24 10:46:03] [DEBUG] Raw gaze: x=0.468, y=0.444
[2025-12-24 10:46:03] [DEBUG] Combined gaze: x=0.459, y=0.377
[2025-12-24 10:46:03] [DEBUG] Frame processing START
[2025-12-24 10:46:03] [DEBUG] Raw gaze: x=0.521, y=0.491
[2025-12-24 10:46:03] [DEBUG] Combined gaze: x=0.499, y=0.418
[2025-12-24 10:46:03] [DEBUG] Frame processing START
[2025-12-24 10:46:03] [DEBUG] Raw gaze: x=0.508, y=0.534
[2025-12-24 10:46:03] [DEBUG] Combined gaze: x=0.486, y=0.454
[2025-12-24 10:46:03] [DEBUG] Frame processing START
[2025-12-24 10:46:03] [DEBUG] Raw gaze: x=0.490, y=0.549
[2025-12-24 10:46:03] [DEBUG] Combined gaze: x=0.468, y=0.466
[2025-12-24 10:46:03] [DEBUG] Frame processing START
[2025-12-24 10:46:03] [DEBUG] Raw gaze: x=0.531, y=0.530
[2025-12-24 10:46:03] [DEBUG] Combined gaze: x=0.502, y=0.450
[2025-12-24 10:46:03] [DEBUG] Collected sample 20/20 for point 1
[2025-12-24 10:46:03] [INFO] Moving to calibration point 2
[2025-12-24 10:46:03] [DEBUG] Frame processing START
[2025-12-24 10:46:03] [DEBUG] Raw gaze: x=0.564, y=0.548
[2025-12-24 10:46:03] [DEBUG] Combined gaze: x=0.537, y=0.465
[2025-12-24 10:46:03] [DEBUG] Frame processing START
[2025-12-24 10:46:03] [DEBUG] Raw gaze: x=0.565, y=0.543
[2025-12-24 10:46:03] [DEBUG] Combined gaze: x=0.541, y=0.462
[2025-12-24 10:46:03] [DEBUG] Frame processing START
[2025-12-24 10:46:03] [DEBUG] Raw gaze: x=0.548, y=0.610
[2025-12-24 10:46:03] [DEBUG] Combined gaze: x=0.529, y=0.518
