timestamp,gaze_x,gaze_y,confidence,cpu_percent,memory_used_mb,memory_percent
2025-12-09T11:53:25.775216Z,650,349,1.0,12.0,11271.42,70.4
2025-12-09T11:53:25.805309Z,661,343,1.0,25.0,11281.49,70.5
2025-12-09T11:53:25.827249Z,673,339,0.977,18.8,11283.07,70.5
2025-12-09T11:53:25.850159Z,685,336,1.0,22.2,11283.48,70.5
2025-12-09T11:53:25.872062Z,697,333,1.0,25.0,11287.43,70.5
2025-12-09T11:53:25.903372Z,707,327,1.0,12.5,11286.65,70.5
2025-12-09T11:53:25.935993Z,715,321,1.0,6.2,11286.16,70.5
2025-12-09T11:53:25.969030Z,719,315,1.0,56.2,11286.26,70.5
2025-12-09T11:53:26.016165Z,723,311,1.0,45.8,11286.16,70.5
2025-12-09T11:53:26.048795Z,725,308,1.0,56.2,11285.84,70.5
2025-12-09T11:53:26.080540Z,728,309,1.0,6.2,11285.09,70.5
2025-12-09T11:53:26.112402Z,733,311,1.0,6.2,11286.32,70.5
2025-12-09T11:53:26.145420Z,737,317,1.0,52.9,11287.93,70.5
2025-12-09T11:53:26.176615Z,739,323,1.0,12.5,11287.69,70.5
2025-12-09T11:53:26.209645Z,740,327,1.0,58.8,11287.86,70.5
2025-12-09T11:53:26.238213Z,741,328,1.0,12.5,11287.99,70.5
2025-12-09T11:53:26.271441Z,740,327,1.0,31.2,11287.92,70.5
2025-12-09T11:53:26.304123Z,744,325,1.0,6.2,11302.46,70.6
2025-12-09T11:53:26.334775Z,752,321,1.0,12.5,11308.48,70.7
2025-12-09T11:53:26.368432Z,765,317,1.0,12.5,11298.86,70.6
2025-12-09T11:53:26.415852Z,775,312,1.0,4.2,11301.2,70.6
2025-12-09T11:53:26.447240Z,785,307,1.0,12.5,11294.38,70.6
2025-12-09T11:53:26.478601Z,794,300,1.0,6.2,11297.44,70.6
2025-12-09T11:53:26.510574Z,802,293,1.0,6.7,11292.64,70.6
2025-12-09T11:53:26.543847Z,807,286,1.0,18.8,11291.27,70.5
2025-12-09T11:53:26.575139Z,809,280,1.0,17.6,11291.07,70.5
2025-12-09T11:53:26.609206Z,809,278,1.0,56.2,11289.8,70.5
2025-12-09T11:53:26.639451Z,807,278,1.0,58.8,11289.29,70.5
2025-12-09T11:53:26.672047Z,804,279,1.0,56.2,11288.78,70.5
2025-12-09T11:53:26.697884Z,800,280,1.0,12.5,11290.76,70.5
2025-12-09T11:53:26.726626Z,796,282,1.0,0.0,11289.18,70.5
2025-12-09T11:53:26.759463Z,793,283,1.0,26.3,11288.94,70.5
2025-12-09T11:53:26.811125Z,790,284,1.0,3.4,11289.55,70.5
2025-12-09T11:53:26.839809Z,787,284,1.0,6.2,11289.61,70.5
2025-12-09T11:53:26.875310Z,783,282,1.0,56.2,11289.06,70.5
2025-12-09T11:53:26.902309Z,780,279,1.0,6.2,11288.95,70.5
2025-12-09T11:53:26.935647Z,777,276,1.0,6.2,11289.08,70.5
2025-12-09T11:53:26.967308Z,774,274,1.0,0.0,11289.1,70.5
2025-12-09T11:53:26.999075Z,770,272,1.0,50.0,11289.03,70.5
2025-12-09T11:53:27.033337Z,765,270,1.0,11.8,11288.88,70.5
2025-12-09T11:53:27.062518Z,761,269,1.0,18.8,11289.04,70.5
2025-12-09T11:53:27.094736Z,758,267,1.0,50.0,11288.87,70.5
2025-12-09T11:53:27.126959Z,755,265,1.0,11.8,11288.91,70.5
2025-12-09T11:53:27.158536Z,753,265,1.0,6.2,11288.86,70.5
2025-12-09T11:53:27.211821Z,751,265,1.0,12.5,11288.64,70.5
2025-12-09T11:53:27.240369Z,749,264,1.0,6.2,11288.64,70.5
2025-12-09T11:53:27.271690Z,747,262,1.0,12.5,11288.63,70.5
2025-12-09T11:53:27.304456Z,746,260,1.0,6.2,11288.63,70.5
2025-12-09T11:53:27.335824Z,748,259,1.0,6.2,11288.74,70.5
2025-12-09T11:53:27.370251Z,750,257,1.0,16.7,11288.64,70.5
2025-12-09T11:53:27.400378Z,753,257,1.0,0.0,11288.69,70.5
2025-12-09T11:53:27.432287Z,756,259,1.0,5.6,11288.64,70.5
2025-12-09T11:53:27.463409Z,758,260,1.0,17.4,11288.63,70.5
2025-12-09T11:53:27.495346Z,761,261,1.0,12.5,11288.72,70.5
2025-12-09T11:53:27.531611Z,764,262,1.0,62.5,11288.43,70.5
2025-12-09T11:53:27.574801Z,766,264,1.0,4.3,11286.88,70.5
2025-12-09T11:53:27.606526Z,766,265,1.0,5.9,11286.53,70.5
2025-12-09T11:53:27.640382Z,767,265,1.0,50.0,11286.38,70.5
2025-12-09T11:53:27.671364Z,768,266,1.0,50.0,11286.3,70.5
2025-12-09T11:53:27.708572Z,769,267,1.0,0.0,11286.18,70.5
2025-12-09T11:53:27.735517Z,768,267,1.0,58.8,11301.83,70.6
2025-12-09T11:53:27.766896Z,764,266,1.0,68.8,11312.0,70.7
2025-12-09T11:53:27.797815Z,751,265,1.0,62.5,11316.85,70.7
2025-12-09T11:53:27.831247Z,733,263,1.0,0.0,11318.13,70.7
2025-12-09T11:53:27.865535Z,714,260,1.0,12.5,11315.38,70.7
2025-12-09T11:53:27.894640Z,698,257,1.0,6.2,11309.2,70.7
2025-12-09T11:53:27.927352Z,683,255,1.0,50.0,11308.31,70.6
2025-12-09T11:53:27.978717Z,668,255,1.0,8.0,11307.35,70.6
2025-12-09T11:53:28.010461Z,657,256,1.0,15.8,11306.63,70.6
2025-12-09T11:53:28.044973Z,655,253,1.0,10.0,11305.44,70.6
2025-12-09T11:53:28.070895Z,664,246,1.0,0.0,11305.23,70.6
2025-12-09T11:53:28.102845Z,681,244,1.0,11.1,11303.92,70.6
2025-12-09T11:53:28.136073Z,701,242,1.0,4.8,11303.81,70.6
2025-12-09T11:53:28.168674Z,712,241,1.0,5.9,11303.79,70.6
2025-12-09T11:53:28.202769Z,721,237,1.0,12.5,11303.59,70.6
2025-12-09T11:53:28.232880Z,717,237,1.0,17.6,11303.58,70.6
2025-12-09T11:53:28.262235Z,715,239,1.0,6.2,11303.57,70.6
2025-12-09T11:53:28.295693Z,704,239,1.0,6.2,11303.57,70.6
2025-12-09T11:53:28.327864Z,696,237,1.0,0.0,11303.61,70.6
2025-12-09T11:53:28.379765Z,689,236,1.0,4.2,11303.46,70.6
2025-12-09T11:53:28.407644Z,685,236,1.0,100.0,11303.4,70.6
2025-12-09T11:53:28.438493Z,681,238,1.0,6.2,11303.44,70.6
2025-12-09T11:53:28.470190Z,677,240,1.0,0.0,11303.41,70.6
2025-12-09T11:53:28.501807Z,674,244,1.0,0.0,11303.47,70.6
2025-12-09T11:53:28.537051Z,672,248,1.0,18.8,11303.36,70.6
2025-12-09T11:53:28.567285Z,672,252,1.0,6.2,11303.34,70.6
2025-12-09T11:53:28.598104Z,672,255,1.0,6.2,11303.32,70.6
2025-12-09T11:53:28.631598Z,672,257,1.0,6.2,11303.3,70.6
2025-12-09T11:53:28.664024Z,673,260,1.0,6.2,11303.42,70.6
2025-12-09T11:53:28.698207Z,673,262,1.0,10.5,11303.33,70.6
2025-12-09T11:53:28.728448Z,675,264,1.0,0.0,11301.83,70.6
2025-12-09T11:53:28.775156Z,675,267,1.0,7.7,11301.6,70.6
2025-12-09T11:53:28.809014Z,676,269,1.0,4.5,11301.42,70.6
2025-12-09T11:53:28.839291Z,676,268,1.0,6.2,11301.32,70.6
2025-12-09T11:53:28.875415Z,677,266,1.0,56.2,11301.73,70.6
2025-12-09T11:53:28.903811Z,679,261,1.0,17.6,11302.0,70.6
2025-12-09T11:53:28.934972Z,682,257,1.0,6.2,11301.86,70.6
2025-12-09T11:53:28.966822Z,683,255,1.0,6.2,11301.58,70.6
2025-12-09T11:53:28.999396Z,684,257,1.0,52.9,11301.46,70.6
2025-12-09T11:53:29.034233Z,685,261,1.0,0.0,11300.7,70.6
2025-12-09T11:53:29.062766Z,686,265,1.0,56.2,11300.63,70.6
2025-12-09T11:53:29.096674Z,687,266,1.0,0.0,11300.63,70.6
2025-12-09T11:53:29.142002Z,688,267,1.0,4.2,11314.0,70.7
2025-12-09T11:53:29.175373Z,690,268,1.0,0.0,11310.91,70.7
2025-12-09T11:53:29.210765Z,694,269,1.0,31.2,11309.46,70.7
2025-12-09T11:53:29.237713Z,701,270,1.0,6.2,11311.48,70.7
2025-12-09T11:53:29.270137Z,711,269,1.0,25.0,11307.44,70.6
2025-12-09T11:53:29.302582Z,715,265,0.89,6.2,11306.68,70.6
2025-12-09T11:53:29.336183Z,718,258,0.912,6.2,11304.81,70.6
2025-12-09T11:53:29.370595Z,714,250,0.742,21.7,11303.09,70.6
2025-12-09T11:53:29.400337Z,717,245,0.85,9.1,11301.97,70.6
2025-12-09T11:53:29.431400Z,721,248,0.972,6.2,11301.42,70.6
2025-12-09T11:53:29.463410Z,734,252,1.0,4.5,11301.18,70.6
2025-12-09T11:53:29.496601Z,744,252,1.0,12.5,11301.05,70.6
2025-12-09T11:53:29.546214Z,754,253,0.955,8.3,11300.58,70.6
2025-12-09T11:53:29.575295Z,756,254,1.0,6.7,11300.52,70.6
2025-12-09T11:53:29.606788Z,759,259,1.0,6.2,11300.54,70.6
2025-12-09T11:53:29.639887Z,758,260,1.0,50.0,11300.53,70.6
2025-12-09T11:53:29.670746Z,761,261,1.0,0.0,11300.52,70.6
2025-12-09T11:53:29.706105Z,762,263,1.0,0.0,11300.24,70.6
2025-12-09T11:53:29.736093Z,762,265,1.0,100.0,11300.24,70.6
2025-12-09T11:53:29.768190Z,761,268,1.0,0.0,11300.26,70.6
2025-12-09T11:53:29.799541Z,759,269,1.0,0.0,11300.26,70.6
2025-12-09T11:53:29.833456Z,749,268,0.97,0.0,11300.25,70.6
2025-12-09T11:53:29.867308Z,739,265,0.867,18.8,11300.16,70.6
2025-12-09T11:53:29.895965Z,724,263,0.807,6.2,11298.66,70.6
2025-12-09T11:53:29.945170Z,712,270,0.853,4.2,11298.4,70.6
2025-12-09T11:53:29.975558Z,693,281,0.833,6.2,11298.25,70.6
2025-12-09T11:53:30.008922Z,677,290,0.662,6.2,11298.16,70.6
2025-12-09T11:53:30.044460Z,660,291,0.682,12.5,11298.68,70.6
2025-12-09T11:53:30.071008Z,649,285,0.646,0.0,11298.18,70.6
2025-12-09T11:53:30.104977Z,637,279,0.728,8.3,11298.36,70.6
2025-12-09T11:53:30.135370Z,623,271,0.883,8.3,11298.69,70.6
2025-12-09T11:53:30.168171Z,619,269,0.983,5.0,11298.65,70.6
2025-12-09T11:53:30.203475Z,616,269,0.853,56.2,11298.64,70.6
2025-12-09T11:53:30.230858Z,612,272,0.938,6.7,11298.93,70.6
2025-12-09T11:53:30.262494Z,595,268,0.875,5.9,11298.84,70.6
2025-12-09T11:53:30.295137Z,580,270,0.85,6.2,11299.04,70.6
2025-12-09T11:53:30.345094Z,580,277,0.683,36.0,11299.1,70.6
2025-12-09T11:53:30.381122Z,589,292,0.672,18.8,11298.73,70.6
2025-12-09T11:53:30.406476Z,592,309,0.711,58.8,11298.78,70.6
2025-12-09T11:53:30.438490Z,590,318,1.0,0.0,11298.75,70.6
2025-12-09T11:53:30.471197Z,581,324,1.0,0.0,11298.74,70.6
2025-12-09T11:53:30.504800Z,582,323,1.0,0.0,11298.95,70.6
2025-12-09T11:53:30.537937Z,581,324,1.0,18.8,11298.77,70.6
2025-12-09T11:53:30.566012Z,584,321,1.0,6.2,11313.49,70.7
2025-12-09T11:53:30.598796Z,589,317,1.0,6.2,11313.0,70.7
2025-12-09T11:53:30.629232Z,594,313,1.0,6.2,11311.73,70.7
2025-12-09T11:53:30.661895Z,598,309,1.0,6.2,11311.73,70.7
2025-12-09T11:53:30.713248Z,598,307,1.0,9.4,11310.54,70.7
2025-12-09T11:53:30.742603Z,596,308,1.0,0.0,11307.48,70.6
2025-12-09T11:53:30.776261Z,592,313,1.0,16.7,11306.71,70.6
2025-12-09T11:53:30.806718Z,589,317,1.0,4.5,11304.86,70.6
2025-12-09T11:53:30.837732Z,587,319,1.0,10.0,11303.86,70.6
2025-12-09T11:53:30.872354Z,585,319,1.0,9.5,11302.12,70.6
2025-12-09T11:53:30.903103Z,583,315,1.0,5.9,11301.49,70.6
2025-12-09T11:53:30.934824Z,581,311,1.0,6.2,11301.14,70.6
2025-12-09T11:53:30.966480Z,578,306,1.0,6.2,11301.01,70.6
2025-12-09T11:53:30.999095Z,574,301,1.0,50.0,11300.96,70.6
2025-12-09T11:53:31.036244Z,570,298,1.0,0.0,11300.43,70.6
2025-12-09T11:53:31.062949Z,566,295,1.0,56.2,11298.41,70.6
2025-12-09T11:53:31.110153Z,561,294,1.0,0.0,11298.15,70.6
2025-12-09T11:53:31.144499Z,556,292,1.0,0.0,11296.71,70.6
2025-12-09T11:53:31.173257Z,550,292,1.0,12.5,11277.8,70.5
2025-12-09T11:53:31.211266Z,544,292,1.0,6.2,11276.02,70.4
2025-12-09T11:53:31.237634Z,540,290,1.0,12.5,11277.18,70.5
2025-12-09T11:53:31.271236Z,537,287,1.0,12.5,11276.91,70.5
2025-12-09T11:53:31.304364Z,535,284,1.0,6.2,11277.14,70.5
2025-12-09T11:53:31.333294Z,532,284,1.0,6.2,11278.44,70.5
2025-12-09T11:53:31.370009Z,528,284,1.0,12.5,11277.5,70.5
2025-12-09T11:53:31.400546Z,521,287,1.0,7.1,11277.84,70.5
2025-12-09T11:53:31.429963Z,512,291,1.0,0.0,11277.73,70.5
2025-12-09T11:53:31.463771Z,499,300,1.0,8.7,11277.8,70.5
2025-12-09T11:53:31.512994Z,484,311,1.0,8.3,11277.8,70.5
2025-12-09T11:53:31.547716Z,471,322,1.0,17.6,11277.75,70.5
2025-12-09T11:53:31.576306Z,460,331,1.0,6.2,11277.81,70.5
2025-12-09T11:53:31.609969Z,450,340,1.0,0.0,11277.98,70.5
2025-12-09T11:53:31.640503Z,453,341,1.0,0.0,11277.86,70.5
2025-12-09T11:53:31.672956Z,475,335,0.9,50.0,11277.99,70.5
2025-12-09T11:53:31.709512Z,497,327,0.85,12.5,11277.76,70.5
2025-12-09T11:53:31.735205Z,521,317,0.85,58.8,11277.78,70.5
2025-12-09T11:53:31.767272Z,542,305,0.84,6.2,11276.37,70.5
2025-12-09T11:53:31.799096Z,569,286,0.725,0.0,11276.19,70.4
2025-12-09T11:53:31.830824Z,588,273,0.704,0.0,11276.02,70.4
2025-12-09T11:53:32.044331Z,589,269,0.993,12.5,11279.97,70.5
2025-12-09T11:53:32.069155Z,580,275,0.89,0.0,11289.54,70.5
2025-12-09T11:53:32.101872Z,558,275,0.669,6.2,11287.12,70.5
2025-12-09T11:53:32.134312Z,542,272,0.85,5.3,11290.26,70.5
2025-12-09T11:53:32.167201Z,539,268,0.85,5.3,11284.65,70.5
2025-12-09T11:53:32.202122Z,551,274,0.825,5.6,11282.27,70.5
2025-12-09T11:53:32.231213Z,566,283,0.863,17.6,11281.75,70.5
2025-12-09T11:53:32.279796Z,576,294,0.917,4.2,11279.88,70.5
2025-12-09T11:53:32.311238Z,577,303,0.953,6.2,11277.48,70.5
2025-12-09T11:53:32.343286Z,568,314,0.996,31.2,11276.96,70.5
2025-12-09T11:53:32.379681Z,560,323,0.967,0.0,11275.02,70.4
2025-12-09T11:53:32.407739Z,551,332,1.0,6.2,11273.93,70.4
2025-12-09T11:53:32.439058Z,543,335,1.0,0.0,11273.3,70.4
2025-12-09T11:53:32.470011Z,532,336,1.0,11.8,11273.21,70.4
2025-12-09T11:53:32.502686Z,523,334,1.0,0.0,11272.86,70.4
2025-12-09T11:53:32.537580Z,518,328,1.0,18.8,11272.2,70.4
2025-12-09T11:53:32.566849Z,510,319,1.0,12.5,11272.26,70.4
2025-12-09T11:53:32.598064Z,495,314,1.0,50.0,11272.32,70.4
2025-12-09T11:53:32.631140Z,482,312,1.0,17.6,11272.38,70.4
2025-12-09T11:53:32.678525Z,475,314,1.0,4.2,11272.35,70.4
2025-12-09T11:53:32.714618Z,476,307,1.0,13.0,11272.21,70.4
2025-12-09T11:53:32.841410Z,476,303,0.885,8.3,11272.21,70.4
2025-12-09T11:53:32.872496Z,472,302,0.885,12.5,11272.17,70.4
2025-12-09T11:53:32.903956Z,469,313,0.885,6.7,11272.6,70.4
2025-12-09T11:53:32.934379Z,464,324,0.885,6.2,11272.5,70.4
2025-12-09T11:53:32.967431Z,459,335,0.85,16.7,11272.55,70.4
2025-12-09T11:53:32.999049Z,454,345,0.863,43.8,11272.64,70.4
2025-12-09T11:53:33.033486Z,449,354,0.838,0.0,11272.31,70.4
2025-12-09T11:53:33.078510Z,445,362,0.815,0.0,11272.3,70.4
2025-12-09T11:53:33.110957Z,441,371,0.827,11.8,11272.52,70.4
2025-12-09T11:53:33.142797Z,438,379,0.825,6.2,11272.32,70.4
2025-12-09T11:53:33.176484Z,435,387,0.825,18.8,11273.38,70.4
2025-12-09T11:53:33.211388Z,432,395,0.803,12.5,11273.84,70.4
2025-12-09T11:53:33.238471Z,429,403,0.833,6.2,11274.21,70.4
2025-12-09T11:53:33.271403Z,426,410,0.847,50.0,11274.61,70.4
2025-12-09T11:53:33.301569Z,423,416,0.82,6.2,11274.76,70.4
2025-12-09T11:53:33.334700Z,422,421,0.787,6.2,11275.0,70.4
2025-12-09T11:53:33.370707Z,421,426,0.833,13.6,11275.03,70.4
2025-12-09T11:53:33.400240Z,428,428,0.803,0.0,11273.36,70.4
2025-12-09T11:53:33.430621Z,450,426,0.875,0.0,11273.23,70.4
2025-12-09T11:53:33.479856Z,489,418,1.0,9.4,11273.14,70.4
2025-12-09T11:53:33.510554Z,532,407,1.0,37.5,11273.1,70.4
2025-12-09T11:53:33.548570Z,569,395,1.0,56.2,11287.31,70.5
2025-12-09T11:53:33.577341Z,598,384,1.0,6.2,11294.58,70.6
2025-12-09T11:53:33.612826Z,619,373,1.0,6.2,11289.32,70.5
2025-12-09T11:53:33.638605Z,635,361,1.0,12.5,11291.88,70.5
2025-12-09T11:53:33.670555Z,648,351,1.0,6.2,11288.77,70.5
2025-12-09T11:53:33.706176Z,660,342,1.0,25.0,11288.04,70.5
2025-12-09T11:53:33.740276Z,669,336,1.0,62.5,11284.36,70.5
2025-12-09T11:53:33.766620Z,676,332,1.0,75.0,11283.93,70.5
2025-12-09T11:53:33.799259Z,682,329,1.0,12.5,11281.54,70.5
2025-12-09T11:53:33.846134Z,687,326,1.0,8.3,11280.9,70.5
2025-12-09T11:53:33.882861Z,690,322,1.0,12.5,11278.36,70.5
2025-12-09T11:53:33.911284Z,692,317,1.0,6.2,11277.94,70.5
2025-12-09T11:53:33.942869Z,693,312,1.0,6.2,11277.43,70.5
2025-12-09T11:53:33.977882Z,691,306,1.0,17.6,11277.16,70.5
2025-12-09T11:53:34.010206Z,687,300,1.0,22.7,11277.03,70.5
2025-12-09T11:53:34.044234Z,681,295,1.0,11.1,11276.45,70.5
2025-12-09T11:53:34.071803Z,675,291,1.0,38.5,11276.44,70.5
2025-12-09T11:53:34.103439Z,672,288,1.0,5.0,11276.27,70.4
2025-12-09T11:53:34.137200Z,668,286,1.0,23.5,11276.24,70.4
2025-12-09T11:53:34.181084Z,666,284,1.0,68.8,11276.22,70.4
2025-12-09T11:53:34.215990Z,665,282,1.0,80.0,11275.89,70.4
2025-12-09T11:53:34.246508Z,667,281,1.0,18.8,11273.84,70.4
2025-12-09T11:53:34.278505Z,670,281,1.0,6.2,11273.45,70.4
2025-12-09T11:53:34.319958Z,674,280,1.0,50.0,11273.23,70.4
2025-12-09T11:53:34.342896Z,679,279,1.0,12.5,11272.93,70.4
2025-12-09T11:53:34.379776Z,683,278,1.0,12.5,11271.59,70.4
2025-12-09T11:53:34.400808Z,687,276,1.0,12.5,11271.59,70.4
2025-12-09T11:53:34.462274Z,690,275,1.0,8.3,11271.58,70.4
2025-12-09T11:53:34.489296Z,693,275,1.0,47.1,11271.57,70.4
2025-12-09T11:53:34.519997Z,697,275,1.0,56.2,11271.58,70.4
2025-12-09T11:53:34.553986Z,701,274,1.0,56.2,11271.04,70.4
2025-12-09T11:53:34.582672Z,705,274,1.0,23.5,11270.89,70.4
2025-12-09T11:53:34.622315Z,709,274,1.0,8.3,11270.84,70.4
2025-12-09T11:53:34.642495Z,713,275,1.0,0.0,11270.79,70.4
2025-12-09T11:53:34.663886Z,719,277,1.0,12.5,11270.68,70.4
2025-12-09T11:53:34.694854Z,728,278,1.0,6.2,11285.57,70.5
2025-12-09T11:53:34.730219Z,739,277,1.0,25.0,11285.21,70.5
2025-12-09T11:53:34.758191Z,750,274,1.0,62.5,11287.41,70.5
2025-12-09T11:53:34.796346Z,759,273,1.0,24.0,11284.43,70.5
2025-12-09T11:53:34.820851Z,763,271,1.0,0.0,11286.71,70.5
2025-12-09T11:53:34.853523Z,761,272,1.0,11.1,11282.45,70.5
2025-12-09T11:53:34.904845Z,754,273,1.0,3.3,11280.98,70.5
2025-12-09T11:53:34.934975Z,744,274,1.0,6.2,11279.19,70.5
2025-12-09T11:53:34.967609Z,736,275,1.0,12.5,11278.28,70.5
2025-12-09T11:53:34.998162Z,728,274,1.0,12.5,11276.19,70.4
2025-12-09T11:53:35.038509Z,718,273,1.0,50.0,11275.73,70.4
2025-12-09T11:53:35.066429Z,705,277,0.827,18.8,11273.14,70.4
2025-12-09T11:53:35.095083Z,692,284,0.97,18.8,11272.44,70.4
2025-12-09T11:53:35.147365Z,670,297,1.0,0.0,11271.95,70.4
2025-12-09T11:53:35.175492Z,644,306,1.0,12.5,11271.76,70.4
2025-12-09T11:53:35.215080Z,612,316,1.0,15.8,11271.62,70.4
2025-12-09T11:53:35.246525Z,586,322,1.0,19.0,11271.29,70.4
2025-12-09T11:53:35.271134Z,563,330,0.953,0.0,11271.27,70.4
2025-12-09T11:53:35.306162Z,542,339,0.953,11.8,11271.27,70.4
2025-12-09T11:53:35.351412Z,524,348,0.927,0.0,11271.26,70.4
2025-12-09T11:53:35.381857Z,509,356,0.9,6.2,11271.26,70.4
2025-12-09T11:53:35.421747Z,496,364,0.939,37.5,11262.05,70.4
2025-12-09T11:53:35.447716Z,484,371,0.913,31.2,11266.28,70.4
2025-12-09T11:53:35.479861Z,474,379,0.913,37.5,11251.46,70.3
2025-12-09T11:53:35.512930Z,465,385,0.913,6.2,11250.5,70.3
2025-12-09T11:53:35.533937Z,456,389,0.953,0.0,11250.72,70.3
2025-12-09T11:53:35.551840Z,455,392,0.913,25.0,11250.71,70.3
2025-12-09T11:53:35.594702Z,472,392,0.908,4.2,11249.91,70.3
2025-12-09T11:53:35.622660Z,507,389,1.0,6.2,11249.89,70.3
2025-12-09T11:53:35.686411Z,545,385,1.0,3.1,11249.96,70.3
2025-12-09T11:53:35.717624Z,574,382,1.0,18.8,11250.01,70.3
2025-12-09T11:53:35.737530Z,594,379,1.0,12.5,11250.12,70.3
2025-12-09T11:53:35.756790Z,609,373,1.0,100.0,11250.25,70.3
2025-12-09T11:53:35.800377Z,621,367,1.0,20.0,11250.36,70.3
2025-12-09T11:53:35.832341Z,630,360,1.0,12.5,11250.48,70.3
2025-12-09T11:53:35.862390Z,636,354,1.0,50.0,11250.52,70.3
2025-12-09T11:53:35.900419Z,643,347,1.0,52.9,11250.55,70.3
2025-12-09T11:53:35.931298Z,649,340,1.0,11.8,11250.31,70.3
2025-12-09T11:53:35.959847Z,656,335,1.0,13.3,11250.33,70.3
2025-12-09T11:53:35.989324Z,661,330,1.0,23.5,11266.05,70.4
2025-12-09T11:53:36.038220Z,667,325,1.0,8.3,11265.77,70.4
2025-12-09T11:53:36.070114Z,675,320,1.0,6.2,11265.92,70.4
2025-12-09T11:53:36.104018Z,684,314,1.0,13.6,11264.66,70.4
2025-12-09T11:53:36.134282Z,692,309,1.0,9.1,11265.01,70.4
2025-12-09T11:53:36.167797Z,698,305,1.0,4.3,11262.04,70.4
2025-12-09T11:53:36.197932Z,703,303,1.0,6.7,11261.47,70.4
2025-12-09T11:53:36.248754Z,708,300,1.0,4.0,11259.33,70.3
2025-12-09T11:53:36.282703Z,713,298,1.0,0.0,11256.62,70.3
2025-12-09T11:53:36.310421Z,718,296,1.0,6.2,11255.45,70.3
2025-12-09T11:53:36.344289Z,723,295,1.0,50.0,11254.81,70.3
2025-12-09T11:53:36.375574Z,728,294,1.0,43.8,11254.03,70.3
2025-12-09T11:53:36.407721Z,733,293,1.0,0.0,11253.49,70.3
2025-12-09T11:53:36.442824Z,738,291,1.0,6.2,11252.61,70.3
2025-12-09T11:53:36.488913Z,742,291,1.0,4.2,11252.53,70.3
2025-12-09T11:53:36.519455Z,744,291,1.0,56.2,11251.17,70.3
2025-12-09T11:53:36.550989Z,742,291,1.0,6.2,11250.95,70.3
2025-12-09T11:53:36.583808Z,731,293,1.0,47.1,11250.73,70.3
2025-12-09T11:53:36.618499Z,708,299,1.0,55.6,11245.37,70.3
2025-12-09T11:53:36.637384Z,677,306,1.0,7.1,11245.48,70.3
2025-12-09T11:53:36.655488Z,642,313,1.0,12.5,11245.59,70.3
2025-12-09T11:53:36.702701Z,610,319,1.0,25.0,11245.57,70.3
2025-12-09T11:53:36.725780Z,580,323,1.0,0.0,11245.6,70.3
2025-12-09T11:53:36.759653Z,555,327,1.0,18.8,11245.79,70.3
2025-12-09T11:53:36.802048Z,533,332,1.0,20.8,11249.19,70.3
2025-12-09T11:53:36.821616Z,514,340,1.0,33.3,11247.57,70.3
2025-12-09T11:53:36.855809Z,499,349,0.995,5.9,11247.47,70.3
2025-12-09T11:53:36.886831Z,486,360,0.9,16.7,11247.38,70.3
2025-12-09T11:53:36.938215Z,474,370,0.887,4.2,11247.44,70.3
2025-12-09T11:53:36.971272Z,465,381,0.847,6.2,11247.04,70.3
2025-12-09T11:53:36.997115Z,458,390,0.847,12.5,11247.1,70.3
2025-12-09T11:53:37.032531Z,453,399,0.86,50.0,11247.03,70.3
2025-12-09T11:53:37.062592Z,448,405,0.825,25.0,11247.2,70.3
2025-12-09T11:53:37.096045Z,443,409,0.838,0.0,11247.97,70.3
2025-12-09T11:53:37.146690Z,438,415,0.812,12.5,11248.64,70.3
2025-12-09T11:53:37.176354Z,434,421,0.838,6.2,11248.63,70.3
2025-12-09T11:53:37.210449Z,429,428,0.8,6.2,11249.33,70.3
2025-12-09T11:53:37.241495Z,424,433,0.847,6.2,11249.79,70.3
2025-12-09T11:53:37.272509Z,420,438,0.792,31.2,11250.14,70.3
2025-12-09T11:53:37.305703Z,417,444,0.812,17.6,11250.36,70.3
2025-12-09T11:53:37.335321Z,416,448,0.847,0.0,11250.2,70.3
2025-12-09T11:53:37.382072Z,416,454,0.838,4.2,11250.94,70.3
2025-12-09T11:53:37.414822Z,418,459,0.825,6.2,11250.88,70.3
2025-12-09T11:53:37.446365Z,420,463,0.883,4.8,11251.07,70.3
2025-12-09T11:53:37.481808Z,424,464,0.868,11.1,11265.12,70.4
2025-12-09T11:53:37.510720Z,426,464,0.883,29.4,11268.33,70.4
2025-12-09T11:53:37.529461Z,429,464,0.86,25.0,11266.07,70.4
2025-12-09T11:53:37.547642Z,429,464,0.883,0.0,11265.46,70.4
2025-12-09T11:53:37.591280Z,432,465,0.883,4.2,11264.14,70.4
2025-12-09T11:53:37.622040Z,436,467,0.847,6.2,11258.45,70.3
2025-12-09T11:53:37.686556Z,441,468,0.833,0.0,11255.86,70.3
2025-12-09T11:53:37.718401Z,442,468,0.847,6.2,11255.85,70.3
2025-12-09T11:53:37.737079Z,442,469,0.847,0.0,11254.54,70.3
2025-12-09T11:53:37.757417Z,446,470,0.883,12.5,11254.14,70.3
2025-12-09T11:53:37.782920Z,450,471,0.825,25.0,11253.25,70.3
2025-12-09T11:53:37.841574Z,453,470,0.847,15.6,11252.68,70.3
2025-12-09T11:53:37.863877Z,455,471,0.847,0.0,11252.18,70.3
2025-12-09T11:53:37.895661Z,459,470,0.833,18.8,11252.13,70.3
2025-12-09T11:53:37.927333Z,462,471,0.847,6.2,11252.13,70.3
2025-12-09T11:53:37.958945Z,465,472,0.847,6.2,11252.12,70.3
2025-12-09T11:53:37.992073Z,466,475,0.854,27.8,11252.11,70.3
2025-12-09T11:53:38.041296Z,468,478,0.854,7.7,11251.98,70.3
2025-12-09T11:53:38.071188Z,471,481,0.812,0.0,11251.93,70.3
2025-12-09T11:53:38.109588Z,477,483,0.8,16.7,11251.92,70.3
2025-12-09T11:53:38.133900Z,484,483,0.825,8.3,11251.92,70.3
2025-12-09T11:53:38.167731Z,491,483,0.8,0.0,11251.92,70.3
2025-12-09T11:53:38.202051Z,496,482,0.825,10.0,11251.89,70.3
2025-12-09T11:53:38.231326Z,497,481,0.833,17.6,11251.86,70.3
2025-12-09T11:53:38.279302Z,498,481,0.812,4.2,11251.9,70.3
2025-12-09T11:53:38.312722Z,499,481,0.812,0.0,11251.93,70.3
2025-12-09T11:53:38.344593Z,502,481,0.812,18.8,11251.95,70.3
2025-12-09T11:53:38.380210Z,503,480,0.833,17.6,11251.78,70.3
2025-12-09T11:53:38.407262Z,503,480,0.847,58.8,11251.83,70.3
2025-12-09T11:53:38.438412Z,502,479,0.833,0.0,11252.66,70.3
2025-12-09T11:53:38.487015Z,499,479,0.833,0.0,11252.66,70.3
2025-12-09T11:53:38.519360Z,493,478,0.883,12.5,11252.64,70.3
2025-12-09T11:53:38.554280Z,490,478,0.8,56.2,11252.59,70.3
2025-12-09T11:53:38.583176Z,489,476,0.82,6.2,11252.59,70.3
2025-12-09T11:53:38.614155Z,492,473,0.8,6.2,11252.82,70.3
2025-12-09T11:53:38.632116Z,494,471,0.8,25.0,11252.77,70.3
2025-12-09T11:53:38.649997Z,494,472,0.8,25.0,11251.71,70.3
2025-12-09T11:53:38.677091Z,493,474,0.8,0.0,11251.64,70.3
2025-12-09T11:53:38.730646Z,492,476,0.812,9.4,11250.63,70.3
2025-12-09T11:53:38.759941Z,493,477,0.833,29.4,11251.56,70.3
2025-12-09T11:53:38.799252Z,495,478,0.8,12.5,11251.44,70.3
2025-12-09T11:53:38.854373Z,497,478,0.812,28.1,11251.38,70.3
2025-12-09T11:53:38.874566Z,499,477,0.833,25.0,11251.64,70.3
2025-12-09T11:53:38.894815Z,500,475,0.8,0.0,11251.73,70.3
2025-12-09T11:53:38.936529Z,500,474,0.78,40.0,11259.07,70.3
2025-12-09T11:53:38.966916Z,500,474,0.787,12.5,11266.91,70.4
2025-12-09T11:53:38.998733Z,499,474,0.833,6.7,11265.43,70.4
2025-12-09T11:53:39.031209Z,499,473,0.8,11.8,11268.51,70.4
2025-12-09T11:53:39.064858Z,501,474,0.78,6.2,11268.7,70.4
2025-12-09T11:53:39.095081Z,503,474,0.78,6.2,11263.74,70.4
2025-12-09T11:53:39.125959Z,500,477,0.847,50.0,11263.72,70.4
2025-12-09T11:53:39.175312Z,494,478,0.8,4.2,11261.16,70.4
2025-12-09T11:53:39.207781Z,484,481,0.812,25.0,11259.36,70.3
2025-12-09T11:53:39.247188Z,474,482,0.8,16.7,11256.87,70.3
2025-12-09T11:53:39.269698Z,464,485,0.787,12.5,11256.48,70.3
2025-12-09T11:53:39.302629Z,455,489,0.807,6.2,11255.74,70.3
2025-12-09T11:53:39.338700Z,446,494,0.8,16.0,11255.11,70.3
2025-12-09T11:53:39.390681Z,436,500,0.807,12.5,11254.82,70.3
2025-12-09T11:53:39.417897Z,427,505,0.757,26.7,11254.18,70.3
2025-12-09T11:53:39.446914Z,419,510,0.787,7.7,11254.17,70.3
2025-12-09T11:53:39.478695Z,413,514,0.775,5.0,11254.14,70.3
2025-12-09T11:53:39.509699Z,410,517,0.757,18.2,11254.07,70.3
2025-12-09T11:53:39.529315Z,408,518,0.738,7.7,11254.06,70.3
2025-12-09T11:53:39.548569Z,411,519,0.749,100.0,11254.05,70.3
2025-12-09T11:53:39.579141Z,410,522,0.738,0.0,11253.81,70.3
2025-12-09T11:53:39.654361Z,408,525,0.775,2.5,11253.8,70.3
2025-12-09T11:53:39.686967Z,403,530,0.738,50.0,11253.8,70.3
2025-12-09T11:53:39.717662Z,400,535,0.768,18.8,11253.8,70.3
2025-12-09T11:53:39.753098Z,396,539,0.728,43.8,11250.14,70.3
2025-12-09T11:53:39.772368Z,393,543,0.728,100.0,11250.86,70.3
2025-12-09T11:53:39.792388Z,392,545,0.745,21.4,11250.77,70.3
2025-12-09T11:53:39.832129Z,392,547,0.738,0.0,11250.8,70.3
2025-12-09T11:53:39.863614Z,389,548,0.757,50.0,11250.8,70.3
2025-12-09T11:53:39.902766Z,390,548,0.738,16.7,11250.82,70.3
2025-12-09T11:53:39.933866Z,392,549,0.738,10.0,11250.91,70.3
2025-12-09T11:53:39.959409Z,397,550,0.749,0.0,11250.94,70.3
2025-12-09T11:53:39.989231Z,402,550,0.768,6.2,11251.21,70.3
2025-12-09T11:53:40.039820Z,407,548,0.768,8.3,11251.17,70.3
2025-12-09T11:53:40.071551Z,412,544,0.768,11.8,11251.33,70.3
2025-12-09T11:53:40.105164Z,416,541,0.757,9.1,11251.12,70.3
2025-12-09T11:53:40.134191Z,422,540,0.738,9.1,11250.82,70.3
2025-12-09T11:53:40.167161Z,428,539,0.78,4.5,11250.83,70.3
2025-12-09T11:53:40.199689Z,432,537,0.8,6.7,11250.79,70.3
2025-12-09T11:53:40.230075Z,436,533,0.78,6.2,11250.77,70.3
2025-12-09T11:53:40.282360Z,438,531,0.775,34.6,11250.71,70.3
2025-12-09T11:53:40.310243Z,440,529,0.775,6.2,11250.75,70.3
2025-12-09T11:53:40.343493Z,440,528,0.787,52.9,11250.71,70.3
2025-12-09T11:53:40.375658Z,440,527,0.775,50.0,11250.68,70.3
2025-12-09T11:53:40.408062Z,443,526,0.787,0.0,11250.68,70.3
2025-12-09T11:53:40.442586Z,448,523,0.78,12.5,11266.2,70.4
2025-12-09T11:53:40.485721Z,454,519,0.8,12.5,11264.79,70.4
2025-12-09T11:53:40.517239Z,459,516,0.787,0.0,11266.45,70.4
2025-12-09T11:53:40.559424Z,459,513,0.82,14.3,11265.77,70.4
2025-12-09T11:53:40.585354Z,459,511,0.768,0.0,11263.56,70.4
2025-12-09T11:53:40.620423Z,453,511,0.787,12.5,11262.86,70.4
2025-12-09T11:53:40.653565Z,452,511,0.768,6.7,11262.02,70.4
2025-12-09T11:53:40.673182Z,446,512,0.8,0.0,11259.27,70.3
2025-12-09T11:53:40.691136Z,442,511,0.8,0.0,11258.36,70.3
2025-12-09T11:53:40.731080Z,438,512,0.787,50.0,11256.35,70.3
2025-12-09T11:53:40.758606Z,438,512,0.78,0.0,11252.11,70.3
2025-12-09T11:53:40.802421Z,445,510,0.8,25.0,11252.39,70.3
2025-12-09T11:53:40.856594Z,450,509,0.8,9.7,11251.45,70.3
2025-12-09T11:53:40.878326Z,453,507,0.8,0.0,11251.04,70.3
2025-12-09T11:53:40.901266Z,455,504,0.8,90.0,11250.95,70.3
2025-12-09T11:53:40.936433Z,459,499,0.787,4.5,11250.87,70.3
2025-12-09T11:53:40.971608Z,465,495,0.768,6.2,11250.49,70.3
2025-12-09T11:53:40.998705Z,470,493,0.749,20.0,11250.74,70.3
2025-12-09T11:53:41.031066Z,476,492,0.73,47.1,11250.64,70.3
2025-12-09T11:53:41.062408Z,485,495,0.73,50.0,11250.72,70.3
2025-12-09T11:53:41.095024Z,488,504,0.757,50.0,11250.77,70.3
2025-12-09T11:53:41.132466Z,490,515,0.757,12.5,11250.5,70.3
2025-12-09T11:53:41.175138Z,483,527,0.749,4.2,11250.48,70.3
2025-12-09T11:53:41.206265Z,478,535,0.72,50.0,11250.45,70.3
2025-12-09T11:53:41.239789Z,466,545,0.71,50.0,11250.43,70.3
2025-12-09T11:53:41.269963Z,457,551,0.71,17.6,11250.46,70.3
2025-12-09T11:53:41.305363Z,457,554,0.702,12.5,11250.53,70.3
2025-12-09T11:53:41.335869Z,467,553,0.72,6.2,11250.43,70.3
2025-12-09T11:53:41.384734Z,482,552,0.72,4.2,11250.43,70.3
2025-12-09T11:53:41.414411Z,493,553,0.72,6.2,11250.43,70.3
2025-12-09T11:53:41.447432Z,504,554,0.725,17.4,11250.43,70.3
2025-12-09T11:53:41.482540Z,514,555,0.725,11.8,11250.33,70.3
2025-12-09T11:53:41.510484Z,522,557,0.725,13.3,11250.33,70.3
2025-12-09T11:53:41.542309Z,530,559,0.742,5.9,11250.33,70.3
2025-12-09T11:53:41.561739Z,540,561,0.766,25.0,11250.33,70.3
2025-12-09T11:53:41.581008Z,553,563,0.75,0.0,11250.33,70.3
2025-12-09T11:53:41.665340Z,566,563,0.748,24.4,11251.52,70.3
2025-12-09T11:53:41.693046Z,581,560,0.787,56.2,11250.91,70.3
2025-12-09T11:53:41.722148Z,607,545,0.875,56.2,11250.84,70.3
2025-12-09T11:53:41.751883Z,636,520,1.0,50.0,11262.13,70.4
2025-12-09T11:53:41.770902Z,662,491,1.0,0.0,11267.86,70.4
2025-12-09T11:53:41.789059Z,679,465,1.0,12.5,11263.29,70.4
2025-12-09T11:53:41.834545Z,691,441,1.0,8.3,11263.12,70.4
2025-12-09T11:53:41.862807Z,697,421,1.0,6.2,11266.79,70.4
2025-12-09T11:53:41.895176Z,700,403,1.0,12.5,11261.08,70.4
2025-12-09T11:53:41.926956Z,702,388,1.0,66.7,11263.6,70.4
2025-12-09T11:53:41.958221Z,703,376,1.0,6.2,11259.67,70.3
2025-12-09T11:53:41.994917Z,701,364,1.0,15.8,11258.09,70.3
2025-12-09T11:53:42.022683Z,697,353,1.0,0.0,11256.54,70.3
2025-12-09T11:53:42.070638Z,691,342,1.0,4.2,11256.29,70.3
2025-12-09T11:53:42.103356Z,684,332,1.0,6.2,11255.51,70.3
2025-12-09T11:53:42.134686Z,679,323,1.0,11.1,11255.11,70.3
2025-12-09T11:53:42.170441Z,677,315,1.0,9.1,11254.3,70.3
2025-12-09T11:53:42.199369Z,681,307,1.0,7.1,11254.2,70.3
2025-12-09T11:53:42.231084Z,689,300,1.0,5.6,11254.17,70.3
2025-12-09T11:53:42.281010Z,697,295,1.0,4.2,11254.17,70.3
2025-12-09T11:53:42.312712Z,704,292,1.0,6.2,11254.27,70.3
2025-12-09T11:53:42.349088Z,708,289,1.0,23.5,11254.0,70.3
2025-12-09T11:53:42.376500Z,709,285,1.0,6.2,11254.01,70.3
2025-12-09T11:53:42.408420Z,708,283,1.0,0.0,11254.06,70.3
2025-12-09T11:53:42.438150Z,709,280,1.0,0.0,11254.04,70.3
2025-12-09T11:53:42.470879Z,709,279,1.0,0.0,11254.02,70.3
2025-12-09T11:53:42.523487Z,709,278,1.0,16.7,11253.84,70.3
2025-12-09T11:53:42.550691Z,708,277,1.0,6.2,11253.84,70.3
2025-12-09T11:53:42.582518Z,707,277,1.0,6.2,11253.84,70.3
2025-12-09T11:53:42.616114Z,704,278,1.0,6.2,11253.84,70.3
2025-12-09T11:53:42.647496Z,702,277,1.0,6.2,11253.84,70.3
2025-12-09T11:53:42.667753Z,700,275,1.0,25.0,11253.83,70.3
2025-12-09T11:53:42.686660Z,699,274,1.0,12.5,11253.83,70.3
2025-12-09T11:53:42.733979Z,697,271,1.0,4.2,11253.83,70.3
2025-12-09T11:53:42.758553Z,695,268,1.0,0.0,11253.82,70.3
2025-12-09T11:53:42.791971Z,692,266,1.0,12.5,11253.83,70.3
2025-12-09T11:53:42.824433Z,687,265,1.0,6.7,11253.81,70.3
2025-12-09T11:53:42.888723Z,682,262,1.0,6.1,11250.56,70.3
2025-12-09T11:53:42.909489Z,679,259,1.0,0.0,11251.04,70.3
2025-12-09T11:53:42.927748Z,676,255,1.0,100.0,11250.93,70.3
2025-12-09T11:53:42.968298Z,672,253,1.0,37.5,11247.63,70.3
2025-12-09T11:53:42.999372Z,669,251,1.0,0.0,11247.36,70.3
2025-12-09T11:53:43.035031Z,667,249,1.0,0.0,11245.87,70.3
2025-12-09T11:53:43.061834Z,666,247,1.0,43.8,11245.86,70.3
2025-12-09T11:53:43.093327Z,665,246,1.0,50.0,11245.77,70.3
2025-12-09T11:53:43.126697Z,666,245,1.0,11.8,11245.77,70.3
2025-12-09T11:53:43.175813Z,667,245,1.0,4.2,11245.0,70.3
2025-12-09T11:53:43.208793Z,668,244,1.0,12.5,11256.04,70.3
2025-12-09T11:53:43.239671Z,667,243,1.0,6.2,11262.83,70.4
2025-12-09T11:53:43.269999Z,665,241,1.0,17.6,11256.42,70.3
2025-12-09T11:53:43.303979Z,663,240,1.0,37.5,11258.07,70.3
2025-12-09T11:53:43.334936Z,661,240,1.0,6.2,11255.52,70.3
2025-12-09T11:53:43.372300Z,659,242,1.0,17.4,11255.05,70.3
2025-12-09T11:53:43.415799Z,657,246,1.0,5.6,11250.51,70.3
2025-12-09T11:53:43.448390Z,655,249,1.0,4.5,11250.93,70.3
2025-12-09T11:53:43.479114Z,654,251,1.0,5.9,11248.12,70.3
2025-12-09T11:53:43.512726Z,653,252,1.0,12.5,11247.32,70.3
2025-12-09T11:53:43.547484Z,652,253,1.0,43.8,11245.11,70.3
2025-12-09T11:53:43.566731Z,651,253,1.0,0.0,11244.7,70.3
2025-12-09T11:53:43.585733Z,652,253,1.0,100.0,11244.18,70.2
2025-12-09T11:53:43.662234Z,650,253,1.0,17.5,11243.84,70.2
2025-12-09T11:53:43.695076Z,644,252,1.0,56.2,11243.61,70.2
2025-12-09T11:53:43.725992Z,636,251,1.0,12.5,11242.77,70.2
2025-12-09T11:53:43.750590Z,630,250,1.0,6.2,11242.75,70.2
2025-12-09T11:53:43.782600Z,626,250,1.0,0.0,11242.72,70.2
2025-12-09T11:53:43.800476Z,623,249,1.0,0.0,11242.71,70.2
2025-12-09T11:53:43.818652Z,621,249,1.0,100.0,11242.7,70.2
2025-12-09T11:53:43.863097Z,621,250,1.0,4.2,11240.44,70.2
2025-12-09T11:53:43.897485Z,623,252,1.0,12.5,11238.69,70.2
2025-12-09T11:53:43.927386Z,627,254,1.0,6.2,11239.52,70.2
2025-12-09T11:53:43.960066Z,633,256,0.818,6.2,11239.24,70.2
2025-12-09T11:53:43.990381Z,638,263,0.767,6.2,11239.2,70.2
2025-12-09T11:53:44.023557Z,637,271,0.707,6.2,11239.29,70.2
2025-12-09T11:53:44.073781Z,632,277,0.525,18.8,11238.92,70.2
2025-12-09T11:53:44.102960Z,629,283,0.482,0.0,11254.66,70.3
2025-12-09T11:53:44.134658Z,627,292,0.559,17.6,11250.53,70.3
2025-12-09T11:53:44.168176Z,625,303,0.632,5.0,11250.42,70.3
2025-12-09T11:53:44.198666Z,620,313,0.643,6.2,11250.09,70.3
2025-12-09T11:53:44.233532Z,615,323,0.672,6.2,11248.73,70.3
2025-12-09T11:53:44.262081Z,611,335,0.627,12.5,11248.73,70.3
2025-12-09T11:53:44.309681Z,612,345,0.732,4.2,11248.69,70.3
2025-12-09T11:53:44.342902Z,619,347,0.9,6.2,11248.69,70.3
2025-12-09T11:53:44.375169Z,629,343,1.0,50.0,11248.68,70.3
2025-12-09T11:53:44.410221Z,641,333,1.0,0.0,11248.43,70.3
2025-12-09T11:53:44.439565Z,650,326,1.0,52.9,11248.42,70.3
2025-12-09T11:53:44.469544Z,654,321,1.0,17.6,11248.42,70.3
2025-12-09T11:53:44.503146Z,657,317,1.0,0.0,11248.42,70.3
2025-12-09T11:53:44.534479Z,658,314,1.0,25.0,11248.42,70.3
2025-12-09T11:53:44.571145Z,658,311,1.0,37.5,11248.24,70.3
2025-12-09T11:54:18.316634Z,664,307,1.0,8.4,11063.61,69.1
2025-12-09T11:54:18.349380Z,675,301,1.0,50.0,11061.07,69.1
2025-12-09T11:54:18.379605Z,689,294,1.0,6.2,11058.04,69.1
2025-12-09T11:54:18.407410Z,699,288,1.0,50.0,11056.85,69.1
2025-12-09T11:54:18.437556Z,707,283,1.0,50.0,11055.92,69.1
2025-12-09T11:54:18.469762Z,714,278,1.0,0.0,11054.99,69.1
2025-12-09T11:54:18.501453Z,720,274,1.0,0.0,11054.25,69.1
2025-12-09T11:54:18.537499Z,726,271,1.0,23.5,11052.82,69.1
2025-12-09T11:54:18.568265Z,731,267,1.0,17.6,11052.61,69.1
2025-12-09T11:54:18.597886Z,736,264,1.0,23.5,11052.49,69.1
2025-12-09T11:54:18.631379Z,740,262,1.0,50.0,11052.48,69.1
2025-12-09T11:54:18.662686Z,745,261,1.0,6.2,11052.43,69.1
2025-12-09T11:54:18.698959Z,750,260,1.0,20.0,11052.12,69.0
2025-12-09T11:54:18.743400Z,755,261,1.0,5.6,11052.12,69.0
2025-12-09T11:54:18.775051Z,759,262,1.0,5.9,11052.11,69.0
2025-12-09T11:54:18.806347Z,764,263,1.0,7.1,11052.1,69.0
2025-12-09T11:54:18.839516Z,768,263,1.0,4.5,11052.1,69.0
2025-12-09T11:54:18.875741Z,772,264,1.0,52.9,11051.85,69.0
2025-12-09T11:54:18.903632Z,774,264,1.0,17.6,11051.84,69.0
2025-12-09T11:54:18.937380Z,776,265,1.0,6.2,11051.84,69.0
2025-12-09T11:54:18.966714Z,772,266,1.0,6.2,11051.84,69.0
2025-12-09T11:54:18.998717Z,764,267,1.0,6.2,11051.84,69.0
2025-12-09T11:54:19.034181Z,753,269,1.0,0.0,11051.7,69.0
2025-12-09T11:54:19.063037Z,744,270,1.0,43.8,11062.33,69.1
2025-12-09T11:54:19.095819Z,736,272,1.0,0.0,11063.59,69.1
2025-12-09T11:54:19.142949Z,729,271,1.0,0.0,11070.43,69.2
2025-12-09T11:54:19.174289Z,722,271,1.0,0.0,11065.29,69.1
2025-12-09T11:54:19.209856Z,715,271,1.0,25.0,11068.52,69.2
2025-12-09T11:54:19.239353Z,710,272,1.0,6.2,11067.89,69.1
2025-12-09T11:54:19.269445Z,706,273,1.0,6.2,11069.38,69.2
2025-12-09T11:54:19.301301Z,702,274,1.0,43.8,11066.76,69.1
2025-12-09T11:54:19.334723Z,704,273,1.0,6.2,11069.32,69.2
2025-12-09T11:54:19.368661Z,712,272,1.0,16.7,11067.27,69.1
2025-12-09T11:54:19.397912Z,724,271,1.0,0.0,11067.57,69.1
2025-12-09T11:54:19.431552Z,735,271,1.0,11.1,11067.07,69.1
2025-12-09T11:54:19.461962Z,745,271,1.0,6.2,11068.17,69.1
2025-12-09T11:54:19.512920Z,752,270,1.0,3.7,11067.01,69.1
2025-12-09T11:54:19.552080Z,760,269,1.0,21.1,11067.69,69.1
2025-12-09T11:54:19.574364Z,766,268,1.0,18.8,11069.51,69.2
2025-12-09T11:54:19.607120Z,771,267,1.0,6.7,11067.3,69.1
2025-12-09T11:54:19.639668Z,775,267,1.0,5.9,11068.66,69.2
2025-12-09T11:54:19.671147Z,779,267,1.0,25.0,11067.64,69.1
2025-12-09T11:54:19.707115Z,782,267,1.0,0.0,11068.85,69.2
2025-12-09T11:54:19.734051Z,780,269,1.0,100.0,11067.36,69.1
2025-12-09T11:54:19.765423Z,774,272,1.0,50.0,11069.58,69.2
2025-12-09T11:54:19.798603Z,764,277,1.0,11.8,11068.06,69.1
2025-12-09T11:54:19.830746Z,754,281,1.0,0.0,11069.19,69.2
2025-12-09T11:54:19.864262Z,746,284,1.0,6.2,11067.91,69.1
2025-12-09T11:54:19.911922Z,740,287,1.0,4.2,11067.83,69.1
2025-12-09T11:54:19.943804Z,739,289,1.0,6.2,11065.96,69.1
2025-12-09T11:54:19.975991Z,742,288,1.0,6.2,11066.01,69.1
2025-12-09T11:54:20.008172Z,747,287,1.0,6.2,11063.52,69.1
2025-12-09T11:54:20.043925Z,751,287,1.0,20.8,11058.91,69.1
2025-12-09T11:54:20.070866Z,756,285,1.0,0.0,11058.52,69.1
2025-12-09T11:54:20.101253Z,760,285,1.0,6.2,11057.32,69.1
2025-12-09T11:54:20.133947Z,764,284,1.0,11.1,11056.12,69.1
2025-12-09T11:54:20.168621Z,768,285,1.0,4.8,11055.65,69.1
2025-12-09T11:54:20.202524Z,773,285,1.0,35.3,11053.72,69.1
2025-12-09T11:54:20.231626Z,775,284,1.0,6.2,11053.39,69.1
2025-12-09T11:54:20.263308Z,773,285,1.0,6.7,11053.17,69.1
2025-12-09T11:54:20.311518Z,767,286,1.0,4.0,11053.05,69.1
2025-12-09T11:54:20.342848Z,758,288,1.0,6.7,11052.98,69.1
2025-12-09T11:54:20.379649Z,750,289,1.0,5.9,11052.46,69.1
2025-12-09T11:54:20.408290Z,746,290,1.0,50.0,11052.44,69.1
2025-12-09T11:54:20.439423Z,747,288,1.0,0.0,11054.71,69.1
2025-12-09T11:54:20.469342Z,751,285,1.0,56.2,11065.95,69.1
2025-12-09T11:54:20.502287Z,757,282,1.0,0.0,11066.16,69.1
2025-12-09T11:54:20.536940Z,764,279,1.0,17.6,11071.34,69.2
2025-12-09T11:54:20.565956Z,771,276,1.0,35.3,11064.93,69.1
2025-12-09T11:54:20.598768Z,779,274,1.0,6.2,11071.54,69.2
2025-12-09T11:54:20.630823Z,788,271,1.0,6.2,11065.66,69.1
2025-12-09T11:54:20.661845Z,798,268,1.0,6.2,11071.47,69.2
2025-12-09T11:54:20.714559Z,807,266,1.0,12.5,11066.96,69.1
2025-12-09T11:54:20.742629Z,809,266,1.0,0.0,11070.25,69.2
2025-12-09T11:54:20.775471Z,806,267,1.0,5.3,11065.96,69.1
2025-12-09T11:54:20.807389Z,796,270,1.0,5.9,11070.25,69.2
2025-12-09T11:54:20.839321Z,785,274,1.0,5.0,11066.36,69.1
2025-12-09T11:54:20.873274Z,774,279,1.0,12.5,11068.69,69.2
2025-12-09T11:54:20.903038Z,765,283,1.0,6.7,11067.74,69.1
2025-12-09T11:54:20.934199Z,756,287,1.0,17.6,11068.97,69.2
2025-12-09T11:54:20.967363Z,747,290,1.0,6.2,11067.07,69.1
2025-12-09T11:54:20.999637Z,738,292,1.0,6.2,11069.2,69.2
2025-12-09T11:54:21.033144Z,729,293,1.0,0.0,11065.6,69.1
2025-12-09T11:54:21.079752Z,713,294,1.0,33.3,11064.44,69.1
2025-12-09T11:54:21.112561Z,689,297,1.0,0.0,11064.48,69.1
2025-12-09T11:54:21.141669Z,656,302,1.0,58.8,11064.14,69.1
2025-12-09T11:54:21.175041Z,623,307,1.0,0.0,11064.18,69.1
2025-12-09T11:54:21.210422Z,593,311,1.0,12.5,11065.64,69.1
2025-12-09T11:54:21.239066Z,566,315,1.0,6.2,11066.12,69.1
2025-12-09T11:54:21.270268Z,542,318,1.0,50.0,11063.82,69.1
2025-12-09T11:54:21.301563Z,520,320,1.0,17.6,11065.56,69.1
2025-12-09T11:54:21.333628Z,500,323,1.0,12.5,11062.37,69.1
2025-12-09T11:54:21.370696Z,482,326,1.0,13.0,11062.04,69.1
2025-12-09T11:54:21.397949Z,464,328,1.0,0.0,11059.11,69.1
2025-12-09T11:54:21.431558Z,449,331,1.0,11.8,11058.96,69.1
2025-12-09T11:54:21.481171Z,437,334,1.0,3.2,11056.71,69.1
2025-12-09T11:54:21.512610Z,427,336,1.0,6.2,11055.92,69.1
2025-12-09T11:54:21.550134Z,419,337,1.0,6.2,11053.27,69.1
2025-12-09T11:54:21.576569Z,412,338,1.0,25.0,11053.12,69.1
2025-12-09T11:54:21.606772Z,402,339,1.0,6.2,11052.18,69.0
2025-12-09T11:54:21.639226Z,393,342,1.0,6.2,11051.72,69.0
2025-12-09T11:54:21.670790Z,394,342,1.0,6.2,11051.42,69.0
2025-12-09T11:54:21.704930Z,408,340,1.0,0.0,11050.71,69.0
2025-12-09T11:54:21.734684Z,434,337,1.0,50.0,11050.68,69.0
2025-12-09T11:54:21.767485Z,462,334,1.0,0.0,11050.68,69.0
2025-12-09T11:54:21.798632Z,487,332,1.0,0.0,11050.65,69.0
2025-12-09T11:54:21.830997Z,510,331,1.0,0.0,11050.64,69.0
2025-12-09T11:54:21.883973Z,531,328,1.0,10.3,11050.46,69.0
2025-12-09T11:54:21.909890Z,552,326,1.0,9.1,11059.11,69.1
2025-12-09T11:54:21.941195Z,571,324,1.0,18.8,11064.66,69.1
2025-12-09T11:54:21.974172Z,588,323,1.0,6.2,11065.93,69.1
2025-12-09T11:54:22.007340Z,603,323,1.0,17.6,11057.68,69.1
2025-12-09T11:54:22.042328Z,617,323,1.0,20.8,11062.37,69.1
2025-12-09T11:54:22.071231Z,629,322,1.0,0.0,11055.36,69.1
2025-12-09T11:54:22.102194Z,640,320,1.0,6.2,11061.5,69.1
2025-12-09T11:54:22.135980Z,650,319,1.0,8.7,11056.49,69.1
2025-12-09T11:54:22.165765Z,660,318,1.0,9.1,11059.31,69.1
2025-12-09T11:54:22.201038Z,669,316,1.0,9.1,11050.47,69.0
2025-12-09T11:54:22.230095Z,678,316,1.0,6.2,11056.95,69.1
2025-12-09T11:54:22.277217Z,686,315,1.0,4.5,11051.2,69.0
2025-12-09T11:54:22.310575Z,693,313,1.0,5.6,11056.29,69.1
2025-12-09T11:54:22.341488Z,700,308,1.0,6.7,11052.27,69.1
2025-12-09T11:54:22.379018Z,707,302,1.0,5.9,11057.9,69.1
2025-12-09T11:54:22.407634Z,713,296,1.0,58.8,11057.48,69.1
2025-12-09T11:54:22.437976Z,719,292,1.0,0.0,11058.9,69.1
2025-12-09T11:54:22.472166Z,726,289,1.0,0.0,11056.21,69.1
2025-12-09T11:54:22.502161Z,731,286,1.0,6.2,11059.77,69.1
2025-12-09T11:54:22.539323Z,737,285,1.0,25.0,11058.1,69.1
2025-12-09T11:54:22.566802Z,741,285,1.0,18.8,11057.0,69.1
2025-12-09T11:54:22.599349Z,741,288,1.0,6.2,11057.34,69.1
2025-12-09T11:54:22.647021Z,737,290,1.0,4.2,11057.87,69.1
2025-12-09T11:54:22.681062Z,732,293,1.0,11.8,11055.37,69.1
2025-12-09T11:54:22.716985Z,728,297,1.0,9.1,11055.25,69.1
2025-12-09T11:54:22.742682Z,724,302,1.0,0.0,11057.31,69.1
2025-12-09T11:54:22.776307Z,720,306,1.0,10.5,11054.77,69.1
2025-12-09T11:54:22.807888Z,717,309,1.0,5.3,11054.31,69.1
2025-12-09T11:54:22.840898Z,713,311,1.0,5.6,11053.45,69.1
2025-12-09T11:54:22.877895Z,711,312,1.0,6.2,11051.27,69.0
2025-12-09T11:54:22.902036Z,710,312,1.0,29.4,11048.71,69.0
2025-12-09T11:54:22.934866Z,712,312,1.0,6.7,11047.85,69.0
2025-12-09T11:54:22.967436Z,714,312,1.0,0.0,11046.56,69.0
2025-12-09T11:54:22.998398Z,716,313,1.0,0.0,11045.51,69.0
2025-12-09T11:54:23.049947Z,718,313,1.0,16.7,11043.63,69.0
2025-12-09T11:54:23.079397Z,719,312,1.0,58.8,11043.33,69.0
2025-12-09T11:54:23.110546Z,721,311,1.0,0.0,11043.02,69.0
2025-12-09T11:54:23.142657Z,722,310,1.0,0.0,11042.89,69.0
2025-12-09T11:54:23.173791Z,724,309,1.0,0.0,11042.82,69.0
2025-12-09T11:54:23.211148Z,725,308,1.0,12.5,11042.89,69.0
2025-12-09T11:54:23.239527Z,728,308,1.0,18.8,11043.17,69.0
2025-12-09T11:54:23.271441Z,730,309,1.0,31.2,11053.12,69.1
2025-12-09T11:54:23.301360Z,731,309,1.0,43.8,11058.68,69.1
2025-12-09T11:54:23.332277Z,733,308,1.0,18.8,11065.44,69.1
2025-12-09T11:54:23.369179Z,732,307,1.0,25.0,11060.37,69.1
2025-12-09T11:54:23.397630Z,728,305,1.0,25.0,11061.21,69.1
2025-12-09T11:54:23.446396Z,715,306,1.0,7.7,11057.66,69.1
2025-12-09T11:54:23.478274Z,691,309,1.0,5.3,11061.95,69.1
2025-12-09T11:54:23.509774Z,661,315,1.0,0.0,11057.47,69.1
2025-12-09T11:54:23.546192Z,629,319,1.0,22.7,11062.05,69.1
2025-12-09T11:54:23.574530Z,600,322,1.0,12.5,11066.75,69.1
2025-12-09T11:54:23.606445Z,573,325,1.0,12.5,11077.23,69.2
2025-12-09T11:54:23.638230Z,549,327,1.0,12.5,11077.81,69.2
2025-12-09T11:54:23.670508Z,527,329,1.0,25.0,11078.16,69.2
2025-12-09T11:54:23.705151Z,507,332,1.0,0.0,11078.36,69.2
2025-12-09T11:54:23.734187Z,490,333,1.0,52.9,11075.38,69.2
2025-12-09T11:54:23.766000Z,474,336,1.0,0.0,11078.2,69.2
2025-12-09T11:54:23.805116Z,459,337,1.0,6.2,11076.18,69.2
2025-12-09T11:54:23.848789Z,447,339,1.0,8.3,11077.67,69.2
2025-12-09T11:54:23.884625Z,436,340,1.0,17.6,11075.01,69.2
2025-12-09T11:54:23.910821Z,425,341,1.0,0.0,11078.62,69.2
2025-12-09T11:54:23.943990Z,415,341,1.0,50.0,11075.36,69.2
2025-12-09T11:54:23.974387Z,406,341,1.0,6.2,11078.2,69.2
2025-12-09T11:54:24.006226Z,396,342,1.0,6.2,11075.87,69.2
2025-12-09T11:54:24.041358Z,389,343,1.0,29.2,11077.39,69.2
2025-12-09T11:54:24.070839Z,382,344,1.0,22.2,11074.37,69.2
2025-12-09T11:54:24.104033Z,376,344,1.0,18.2,11075.57,69.2
2025-12-09T11:54:24.133919Z,373,344,1.0,6.2,11072.82,69.2
2025-12-09T11:54:24.170265Z,370,344,1.0,5.6,11072.68,69.2
2025-12-09T11:54:24.218248Z,367,345,1.0,33.3,11068.95,69.2
2025-12-09T11:54:24.246517Z,363,346,1.0,6.2,11068.28,69.2
2025-12-09T11:54:24.278252Z,359,345,1.0,6.2,11066.69,69.1
2025-12-09T11:54:24.311291Z,356,344,1.0,6.2,11065.8,69.1
2025-12-09T11:54:24.350735Z,353,343,1.0,50.0,11064.63,69.1
2025-12-09T11:54:24.384661Z,350,344,1.0,27.8,11063.02,69.1
2025-12-09T11:54:24.407938Z,346,345,1.0,7.1,11062.37,69.1
2025-12-09T11:54:24.440317Z,344,345,1.0,0.0,11062.12,69.1
2025-12-09T11:54:24.477223Z,343,344,1.0,12.5,11062.0,69.1
2025-12-09T11:54:24.506881Z,341,343,1.0,17.6,11061.95,69.1
2025-12-09T11:54:24.536805Z,339,344,1.0,6.2,11061.77,69.1
2025-12-09T11:54:24.568706Z,338,344,1.0,18.8,11067.0,69.1
2025-12-09T11:54:24.614963Z,337,345,1.0,8.3,11072.61,69.2
2025-12-09T11:54:24.647051Z,336,345,1.0,6.2,11077.08,69.2
2025-12-09T11:54:24.679327Z,341,343,1.0,6.2,11075.48,69.2
2025-12-09T11:54:24.710842Z,355,340,1.0,6.2,11075.73,69.2
2025-12-09T11:54:24.743735Z,375,336,1.0,16.7,11073.35,69.2
2025-12-09T11:54:24.776228Z,395,333,1.0,9.5,11078.1,69.2
2025-12-09T11:54:24.805832Z,405,331,1.0,10.0,11073.96,69.2
2025-12-09T11:54:24.838347Z,407,331,1.0,4.8,11077.18,69.2
2025-12-09T11:54:24.872034Z,401,332,1.0,5.9,11074.82,69.2
2025-12-09T11:54:24.906465Z,392,333,1.0,47.1,11078.17,69.2
2025-12-09T11:54:24.933248Z,384,334,1.0,6.7,11073.69,69.2
2025-12-09T11:54:24.967612Z,378,336,1.0,29.4,11078.18,69.2
2025-12-09T11:54:25.016760Z,374,340,1.0,16.7,11074.21,69.2
2025-12-09T11:54:25.048059Z,373,342,1.0,50.0,11077.62,69.2
2025-12-09T11:54:25.083760Z,381,342,1.0,6.2,11073.73,69.2
2025-12-09T11:54:25.116428Z,400,339,1.0,6.2,11077.4,69.2
2025-12-09T11:54:25.141614Z,428,337,1.0,6.2,11073.72,69.2
2025-12-09T11:54:25.174249Z,457,335,1.0,0.0,11077.54,69.2
2025-12-09T11:54:25.206729Z,484,334,1.0,0.0,11073.99,69.2
2025-12-09T11:54:25.242265Z,508,332,1.0,12.5,11075.86,69.2
2025-12-09T11:54:25.271630Z,530,330,1.0,6.2,11073.9,69.2
2025-12-09T11:54:25.302552Z,553,328,1.0,6.2,11076.26,69.2
2025-12-09T11:54:25.334319Z,575,323,1.0,6.2,11073.35,69.2
2025-12-09T11:54:25.368387Z,597,318,1.0,11.1,11075.93,69.2
2025-12-09T11:54:25.419258Z,616,314,1.0,6.7,11073.34,69.2
2025-12-09T11:54:25.446810Z,631,311,1.0,6.2,11070.03,69.2
2025-12-09T11:54:25.479770Z,640,309,1.0,6.7,11070.99,69.2
2025-12-09T11:54:25.511188Z,647,307,1.0,6.7,11068.23,69.1
2025-12-09T11:54:25.541913Z,652,304,1.0,11.1,11067.25,69.1
2025-12-09T11:54:25.579711Z,657,302,1.0,0.0,11063.08,69.1
2025-12-09T11:54:25.608309Z,661,300,1.0,6.2,11062.34,69.1
2025-12-09T11:54:25.640113Z,664,299,1.0,6.2,11061.51,69.1
2025-12-09T11:54:25.671875Z,667,299,1.0,6.7,11060.84,69.1
2025-12-09T11:54:25.703010Z,671,298,1.0,0.0,11060.07,69.1
2025-12-09T11:54:25.738323Z,673,297,1.0,0.0,11058.79,69.1
2025-12-09T11:54:25.784827Z,676,296,1.0,4.2,11058.71,69.1
2025-12-09T11:54:25.816410Z,676,294,1.0,58.8,11058.65,69.1
2025-12-09T11:54:25.846127Z,671,294,0.908,50.0,11058.59,69.1
2025-12-09T11:54:25.879543Z,661,295,0.644,6.2,11058.55,69.1
2025-12-09T11:54:25.913739Z,654,293,0.758,18.8,11058.43,69.1
2025-12-09T11:54:25.942870Z,641,294,1.0,6.2,11058.45,69.1
2025-12-09T11:54:25.975537Z,621,297,1.0,6.2,11058.38,69.1
2025-12-09T11:54:26.007124Z,590,306,1.0,6.2,11058.37,69.1
2025-12-09T11:54:26.037975Z,565,312,1.0,12.5,11068.48,69.2
2025-12-09T11:54:26.074155Z,553,314,1.0,30.4,11069.65,69.2
2025-12-09T11:54:26.103416Z,554,316,1.0,9.1,11076.74,69.2
2025-12-09T11:54:26.134650Z,565,316,1.0,6.7,11069.79,69.2
2025-12-09T11:54:26.185439Z,576,315,1.0,3.2,11076.98,69.2
2025-12-09T11:54:26.215981Z,585,312,1.0,6.2,11070.04,69.2
2025-12-09T11:54:26.253359Z,593,311,1.0,0.0,11074.89,69.2
2025-12-09T11:54:26.277936Z,600,309,1.0,56.2,11070.21,69.2
2025-12-09T11:54:26.311363Z,599,310,1.0,6.2,11075.69,69.2
2025-12-09T11:54:26.342707Z,587,313,1.0,6.2,11070.14,69.2
2025-12-09T11:54:26.374903Z,564,316,1.0,25.0,11076.22,69.2
2025-12-09T11:54:26.410517Z,541,318,1.0,6.2,11071.98,69.2
2025-12-09T11:54:26.438561Z,519,320,1.0,56.2,11074.07,69.2
2025-12-09T11:54:26.470089Z,499,322,1.0,50.0,11071.51,69.2
2025-12-09T11:54:26.502603Z,481,323,1.0,0.0,11073.01,69.2
2025-12-09T11:54:26.534927Z,465,324,1.0,6.2,11068.93,69.2
2025-12-09T11:54:26.591234Z,452,325,1.0,36.4,11064.92,69.1
2025-12-09T11:54:26.620157Z,440,324,1.0,100.0,11090.04,69.3
2025-12-09T11:54:26.653070Z,429,326,1.0,100.0,11132.11,69.5
2025-12-09T11:54:26.687976Z,419,327,1.0,100.0,11182.9,69.9
2025-12-09T11:54:26.716899Z,410,329,1.0,100.0,11204.83,70.0
2025-12-09T11:54:26.766764Z,402,330,1.0,100.0,11228.14,70.1
2025-12-09T11:54:26.794690Z,394,332,1.0,100.0,11239.51,70.2
2025-12-09T11:54:26.823612Z,387,334,1.0,100.0,11243.15,70.2
2025-12-09T11:54:26.844604Z,380,335,1.0,56.2,11246.49,70.3
2025-12-09T11:54:26.874476Z,375,336,1.0,56.2,11245.92,70.3
2025-12-09T11:54:26.918359Z,370,337,1.0,100.0,11244.99,70.3
2025-12-09T11:54:26.949277Z,366,338,1.0,100.0,11242.44,70.2
2025-12-09T11:54:26.989170Z,362,339,1.0,100.0,11242.06,70.2
2025-12-09T11:54:27.020087Z,358,338,1.0,100.0,11239.72,70.2
2025-12-09T11:54:27.048013Z,356,338,1.0,100.0,11239.35,70.2
2025-12-09T11:54:27.103863Z,353,337,1.0,70.8,11263.97,70.4
2025-12-09T11:54:27.134782Z,351,336,1.0,100.0,11269.19,70.4
2025-12-09T11:54:27.174675Z,349,335,1.0,100.0,11267.36,70.4
2025-12-09T11:54:27.202598Z,346,333,1.0,100.0,11266.89,70.4
2025-12-09T11:54:27.230525Z,344,330,1.0,100.0,11266.68,70.4
2025-12-09T11:54:27.257452Z,342,328,1.0,100.0,11266.55,70.4
2025-12-09T11:54:27.288374Z,341,325,1.0,100.0,11266.57,70.4
2025-12-09T11:54:27.315298Z,339,323,1.0,100.0,11266.2,70.4
2025-12-09T11:54:27.358182Z,338,321,1.0,100.0,11271.75,70.4
2025-12-09T11:54:27.388104Z,337,320,1.0,100.0,11277.18,70.5
2025-12-09T11:54:27.422012Z,337,319,1.0,100.0,11276.17,70.4
2025-12-09T11:54:27.463902Z,337,319,1.0,100.0,11277.05,70.5
2025-12-09T11:54:27.490828Z,336,320,1.0,100.0,11281.38,70.5
2025-12-09T11:54:27.529723Z,336,322,1.0,87.5,11280.48,70.5
2025-12-09T11:54:27.549671Z,336,322,1.0,100.0,11279.43,70.5
2025-12-09T11:54:27.580588Z,338,322,1.0,100.0,11271.0,70.4
2025-12-09T11:54:27.613499Z,339,323,1.0,100.0,11267.91,70.4
2025-12-09T11:54:27.656385Z,339,322,1.0,100.0,11262.12,70.4
2025-12-09T11:54:27.700269Z,338,324,1.0,100.0,11246.12,70.3
2025-12-09T11:54:27.723206Z,337,326,1.0,100.0,11243.39,70.2
2025-12-09T11:54:27.755121Z,336,326,1.0,75.0,11216.19,70.1
2025-12-09T11:54:27.792023Z,335,326,1.0,100.0,11217.01,70.1
2025-12-09T11:54:27.831915Z,335,326,1.0,100.0,11210.84,70.0
2025-12-09T11:54:27.858844Z,334,326,1.0,100.0,11213.19,70.1
2025-12-09T11:54:27.888763Z,333,326,1.0,100.0,11208.57,70.0
2025-12-09T11:54:27.911701Z,331,326,1.0,100.0,11207.12,70.0
2025-12-09T11:54:27.947607Z,330,326,1.0,66.7,11199.19,70.0
2025-12-09T11:54:27.995478Z,329,325,1.0,100.0,11198.19,70.0
2025-12-09T11:54:28.023404Z,330,325,1.0,100.0,11196.28,69.9
2025-12-09T11:54:28.050331Z,329,325,1.0,100.0,11195.73,69.9
2025-12-09T11:54:28.079253Z,329,326,1.0,100.0,11195.04,69.9
2025-12-09T11:54:28.104187Z,329,326,1.0,41.7,11194.27,69.9
2025-12-09T11:54:28.155052Z,328,326,1.0,79.3,11194.04,69.9
2025-12-09T11:54:28.195941Z,328,326,1.0,100.0,11192.42,69.9
2025-12-09T11:54:28.222869Z,329,326,1.0,100.0,11192.28,69.9
2025-12-09T11:54:28.255782Z,331,326,1.0,100.0,11193.59,69.9
2025-12-09T11:54:28.282709Z,332,327,1.0,52.9,11203.74,70.0
2025-12-09T11:54:28.310634Z,332,330,1.0,100.0,11206.02,70.0
2025-12-09T11:54:28.353190Z,330,330,1.0,6.2,11211.67,70.0
2025-12-09T11:54:28.377314Z,328,330,1.0,56.2,11204.9,70.0
2025-12-09T11:54:28.410782Z,326,330,1.0,100.0,11207.84,70.0
2025-12-09T11:54:28.442902Z,325,330,1.0,6.2,11207.45,70.0
2025-12-09T11:54:28.475356Z,324,331,1.0,6.2,11202.64,70.0
2025-12-09T11:54:28.514253Z,323,330,1.0,16.7,11206.24,70.0
2025-12-09T11:54:28.554488Z,323,332,1.0,6.2,11205.21,70.0
2025-12-09T11:54:28.584468Z,323,332,1.0,12.5,11208.73,70.0
2025-12-09T11:54:28.616236Z,322,333,1.0,6.2,11203.39,70.0
2025-12-09T11:54:28.649070Z,322,334,1.0,6.2,11205.73,70.0
2025-12-09T11:54:28.682539Z,321,336,1.0,18.2,11208.87,70.0
2025-12-09T11:54:28.711250Z,321,339,1.0,8.3,11206.29,70.0
2025-12-09T11:54:28.742374Z,321,342,1.0,0.0,11205.94,70.0
2025-12-09T11:54:28.775902Z,321,344,1.0,16.7,11207.8,70.0
2025-12-09T11:54:28.807181Z,322,346,1.0,9.1,11204.03,70.0
2025-12-09T11:54:28.843118Z,322,347,1.0,42.9,11205.61,70.0
2025-12-09T11:54:28.869680Z,322,348,1.0,6.7,11203.03,70.0
2025-12-09T11:54:28.920857Z,322,348,1.0,4.0,11205.02,70.0
2025-12-09T11:54:28.953692Z,322,347,1.0,0.0,11201.37,70.0
2025-12-09T11:54:28.983175Z,321,345,1.0,5.9,11201.92,70.0
2025-12-09T11:54:29.018034Z,322,342,1.0,0.0,11198.5,70.0
2025-12-09T11:54:29.045813Z,323,340,1.0,40.0,11198.52,70.0
2025-12-09T11:54:29.078803Z,324,339,1.0,47.1,11197.06,70.0
2025-12-09T11:54:29.110246Z,325,338,1.0,0.0,11196.48,70.0
2025-12-09T11:54:29.142601Z,326,341,1.0,0.0,11195.78,69.9
2025-12-09T11:54:29.177619Z,326,344,1.0,6.2,11193.67,69.9
2025-12-09T11:54:29.208518Z,326,349,1.0,6.2,11192.92,69.9
2025-12-09T11:54:29.240381Z,325,352,1.0,6.2,11192.35,69.9
2025-12-09T11:54:29.271693Z,324,354,1.0,6.2,11192.07,69.9
2025-12-09T11:54:29.320730Z,322,356,1.0,4.2,11191.93,69.9
2025-12-09T11:54:29.355017Z,320,358,1.0,13.6,11191.57,69.9
2025-12-09T11:54:29.383470Z,319,360,1.0,0.0,11191.53,69.9
2025-12-09T11:54:29.414775Z,317,363,1.0,6.2,11191.53,69.9
2025-12-09T11:54:29.446437Z,315,364,1.0,5.3,11191.5,69.9
2025-12-09T11:54:29.479045Z,313,367,1.0,4.8,11191.5,69.9
2025-12-09T11:54:29.513957Z,313,368,1.0,18.8,11191.31,69.9
2025-12-09T11:54:29.542422Z,311,370,1.0,12.5,11191.31,69.9
2025-12-09T11:54:29.573787Z,311,372,1.0,6.2,11191.31,69.9
2025-12-09T11:54:29.598760Z,312,374,1.0,0.0,11191.31,69.9
2025-12-09T11:54:29.636867Z,313,376,1.0,8.3,11191.31,69.9
2025-12-09T11:54:29.675568Z,316,375,1.0,6.2,11201.07,70.0
2025-12-09T11:54:29.717374Z,318,373,1.0,12.5,11202.88,70.0
2025-12-09T11:54:29.750656Z,321,372,1.0,6.2,11195.95,69.9
2025-12-09T11:54:29.789867Z,323,370,1.0,12.5,11205.38,70.0
2025-12-09T11:54:29.813834Z,325,368,1.0,6.2,11198.39,70.0
2025-12-09T11:54:29.850325Z,326,367,1.0,12.5,11204.59,70.0
2025-12-09T11:54:29.886868Z,325,368,1.0,8.3,11209.34,70.0
2025-12-09T11:54:29.917866Z,324,368,1.0,12.5,11207.13,70.0
2025-12-09T11:54:29.945761Z,324,368,1.0,0.0,11204.63,70.0
2025-12-09T11:54:29.977425Z,325,365,1.0,6.2,11209.55,70.0
2025-12-09T11:54:30.005527Z,326,364,1.0,12.5,11206.31,70.0
2025-12-09T11:54:30.039448Z,327,362,1.0,6.2,11208.59,70.0
2025-12-09T11:54:30.071317Z,328,362,1.0,16.7,11203.74,70.0
2025-12-09T11:54:30.118531Z,330,361,1.0,4.2,11209.97,70.0
2025-12-09T11:54:30.150838Z,330,360,1.0,12.5,11204.06,70.0
2025-12-09T11:54:30.184958Z,332,357,1.0,12.5,11208.07,70.0
2025-12-09T11:54:30.214130Z,331,356,1.0,17.6,11203.09,70.0
2025-12-09T11:54:30.246511Z,329,354,1.0,6.2,11206.98,70.0
2025-12-09T11:54:30.278595Z,327,355,1.0,6.2,11203.74,70.0
2025-12-09T11:54:30.309842Z,327,355,1.0,6.2,11204.23,70.0
2025-12-09T11:54:30.345532Z,327,357,1.0,6.2,11201.21,70.0
2025-12-09T11:54:30.375102Z,327,358,1.0,50.0,11202.34,70.0
2025-12-09T11:54:30.395401Z,327,356,1.0,0.0,11200.73,70.0
2025-12-09T11:54:30.440526Z,327,352,1.0,4.2,11199.25,70.0
2025-12-09T11:54:30.492194Z,327,350,1.0,33.3,11198.8,70.0
2025-12-09T11:54:30.528059Z,327,350,1.0,12.5,11196.27,69.9
2025-12-09T11:54:30.548575Z,327,351,1.0,0.0,11195.54,69.9
2025-12-09T11:54:30.582920Z,327,351,1.0,0.0,11194.35,69.9
2025-12-09T11:54:30.615650Z,327,350,1.0,50.0,11193.97,69.9
2025-12-09T11:54:30.645077Z,328,350,1.0,6.2,11193.04,69.9
2025-12-09T11:54:30.681462Z,331,348,1.0,12.5,11192.17,69.9
2025-12-09T11:54:30.710048Z,333,348,1.0,12.5,11191.96,69.9
2025-12-09T11:54:30.741885Z,334,347,1.0,6.2,11191.89,69.9
2025-12-09T11:54:30.768840Z,334,349,1.0,12.5,11191.85,69.9
2025-12-09T11:54:30.800662Z,335,350,1.0,12.5,11195.8,69.9
2025-12-09T11:54:30.841899Z,336,350,1.0,45.8,11198.93,70.0
2025-12-09T11:54:30.887071Z,336,351,1.0,4.2,11208.01,70.0
2025-12-09T11:54:30.918017Z,336,352,1.0,6.2,11201.32,70.0
2025-12-09T11:54:30.950177Z,336,353,1.0,6.2,11202.02,70.0
2025-12-09T11:54:30.982289Z,336,352,1.0,6.7,11203.77,70.0
2025-12-09T11:54:31.017468Z,337,353,1.0,5.9,11210.21,70.0
2025-12-09T11:54:31.046942Z,339,354,1.0,50.0,11203.06,70.0
2025-12-09T11:54:31.078824Z,341,354,1.0,0.0,11211.29,70.0
2025-12-09T11:54:31.109761Z,342,353,1.0,0.0,11205.4,70.0
2025-12-09T11:54:31.141837Z,344,351,1.0,0.0,11207.18,70.0
2025-12-09T11:54:31.175264Z,345,348,1.0,6.2,11204.73,70.0
2025-12-09T11:54:31.193597Z,345,344,1.0,100.0,11208.54,70.0
2025-12-09T11:54:31.237360Z,345,341,1.0,4.2,11206.83,70.0
2025-12-09T11:54:31.288411Z,346,339,1.0,4.2,11205.79,70.0
2025-12-09T11:54:31.320251Z,346,338,1.0,6.2,11208.25,70.0
2025-12-09T11:54:31.357821Z,345,339,1.0,12.5,11205.66,70.0
2025-12-09T11:54:31.383768Z,344,344,0.917,0.0,11205.99,70.0
2025-12-09T11:54:31.413814Z,344,350,0.795,6.2,11202.95,70.0
2025-12-09T11:54:31.445921Z,348,359,0.765,6.2,11205.19,70.0
2025-12-09T11:54:31.479441Z,354,370,0.878,8.7,11201.43,70.0
2025-12-09T11:54:31.512822Z,361,382,0.75,12.5,11201.38,70.0
2025-12-09T11:54:31.542694Z,368,387,0.653,12.5,11198.82,70.0
2025-12-09T11:54:31.569621Z,376,383,0.63,11.1,11199.21,70.0
2025-12-09T11:54:31.590303Z,384,374,0.572,20.0,11181.35,69.9
2025-12-09T11:54:31.637458Z,392,366,0.589,4.2,11181.16,69.9
2025-12-09T11:54:31.693015Z,399,362,0.49,4.0,11178.46,69.8
2025-12-09T11:54:31.720470Z,404,360,0.49,56.2,11178.16,69.8
2025-12-09T11:54:31.753092Z,407,358,0.599,11.8,11177.34,69.8
2025-12-09T11:54:31.784251Z,409,354,0.547,41.2,11176.87,69.8
2025-12-09T11:54:31.816179Z,414,348,0.567,50.0,11176.58,69.8
2025-12-09T11:54:31.851282Z,420,347,0.512,56.2,11175.64,69.8
2025-12-09T11:54:31.878599Z,430,346,0.508,6.2,11175.59,69.8
2025-12-09T11:54:31.910444Z,437,346,0.417,52.9,11175.57,69.8
2025-12-09T11:54:31.942123Z,457,341,0.867,23.5,11175.55,69.8
2025-12-09T11:54:31.960681Z,485,335,0.83,12.5,11175.54,69.8
2025-12-09T11:54:31.979024Z,520,325,1.0,13.3,11175.54,69.8
2025-12-09T11:54:32.061385Z,548,317,1.0,4.9,11173.8,69.8
2025-12-09T11:54:32.088671Z,568,310,1.0,10.0,11173.69,69.8
2025-12-09T11:54:32.119225Z,582,306,1.0,4.5,11173.48,69.8
2025-12-09T11:54:32.151342Z,596,303,1.0,6.7,11173.43,69.8
2025-12-09T11:54:32.186734Z,611,301,1.0,11.8,11174.89,69.8
2025-12-09T11:54:32.213643Z,625,299,1.0,46.2,11185.83,69.9
2025-12-09T11:54:32.246154Z,636,297,1.0,5.6,11186.94,69.9
2025-12-09T11:54:32.279097Z,647,295,1.0,6.2,11191.8,69.9
2025-12-09T11:54:32.309737Z,655,293,1.0,5.9,11190.28,69.9
2025-12-09T11:54:32.332598Z,662,291,1.0,0.0,11193.52,69.9
2025-12-09T11:54:32.362219Z,669,290,1.0,6.2,11189.24,69.9
2025-12-09T11:54:32.393817Z,675,289,1.0,50.0,11192.93,69.9
2025-12-09T11:54:32.410980Z,682,287,1.0,87.5,11191.41,69.9
2025-12-09T11:54:32.493733Z,688,285,1.0,2.5,11191.38,69.9
2025-12-09T11:54:32.529671Z,695,282,1.0,21.7,11190.22,69.9
2025-12-09T11:54:32.549548Z,701,281,1.0,0.0,11192.65,69.9
2025-12-09T11:54:32.583426Z,706,280,1.0,12.5,11192.32,69.9
2025-12-09T11:54:32.615153Z,711,280,1.0,17.6,11190.43,69.9
2025-12-09T11:54:32.646983Z,717,280,1.0,6.2,11192.71,69.9
2025-12-09T11:54:32.678623Z,721,279,1.0,6.2,11189.21,69.9
2025-12-09T11:54:32.711850Z,726,280,1.0,12.5,11192.57,69.9
2025-12-09T11:54:32.736422Z,729,281,1.0,18.8,11190.32,69.9
2025-12-09T11:54:32.769075Z,733,283,1.0,0.0,11192.55,69.9
2025-12-09T11:54:32.797500Z,737,284,1.0,50.0,11190.13,69.9
2025-12-09T11:54:32.858120Z,739,283,1.0,6.2,11191.39,69.9
2025-12-09T11:54:32.896111Z,737,282,1.0,12.5,11189.68,69.9
2025-12-09T11:54:32.918881Z,731,280,1.0,25.0,11190.17,69.9
2025-12-09T11:54:32.949867Z,723,280,1.0,6.2,11189.16,69.9
2025-12-09T11:54:32.981614Z,716,281,1.0,6.7,11187.68,69.9
2025-12-09T11:54:33.014702Z,712,281,1.0,29.4,11187.61,69.9
2025-12-09T11:54:33.049663Z,708,282,1.0,0.0,11184.07,69.9
2025-12-09T11:54:33.079918Z,704,281,1.0,68.8,11183.83,69.9
2025-12-09T11:54:33.113313Z,699,281,1.0,6.2,11183.47,69.9
2025-12-09T11:54:33.141517Z,694,280,1.0,56.2,11182.77,69.9
2025-12-09T11:54:33.174108Z,690,278,1.0,0.0,11181.88,69.9
2025-12-09T11:54:33.193809Z,687,277,1.0,0.0,11179.4,69.8
2025-12-09T11:54:33.257931Z,684,276,1.0,9.4,11179.32,69.8
2025-12-09T11:54:33.290930Z,682,274,1.0,17.6,11177.11,69.8
2025-12-09T11:54:33.317897Z,680,273,1.0,18.8,11147.37,69.6
2025-12-09T11:54:33.349772Z,679,272,1.0,18.8,11124.41,69.5
2025-12-09T11:54:33.386299Z,683,272,1.0,20.8,11091.05,69.3
2025-12-09T11:54:33.414401Z,689,272,1.0,11.1,11090.91,69.3
2025-12-09T11:54:33.448883Z,697,272,1.0,4.3,11091.85,69.3
2025-12-09T11:54:33.478805Z,703,272,1.0,35.7,11098.86,69.3
2025-12-09T11:54:33.498750Z,709,272,1.0,40.0,11102.49,69.4
2025-12-09T11:54:33.517699Z,715,272,1.0,25.0,11096.49,69.3
2025-12-09T11:54:33.546624Z,719,272,1.0,82.4,11091.42,69.3
2025-12-09T11:54:33.573550Z,724,271,1.0,31.2,11087.84,69.3
2025-12-09T11:54:33.652882Z,728,271,1.0,20.0,11077.35,69.2
2025-12-09T11:54:33.688213Z,732,272,1.0,25.0,11073.06,69.2
2025-12-09T11:54:33.720126Z,735,274,1.0,31.2,11070.08,69.2
2025-12-09T11:54:33.749048Z,736,276,1.0,25.0,11064.8,69.1
2025-12-09T11:54:33.782960Z,738,277,1.0,62.5,11060.13,69.1
2025-12-09T11:54:33.815869Z,740,277,1.0,68.8,11043.19,69.0
2025-12-09T11:54:33.844792Z,742,276,1.0,100.0,11038.09,69.0
2025-12-09T11:54:33.881694Z,744,275,1.0,31.2,11030.82,68.9
2025-12-09T11:54:33.901640Z,746,275,1.0,31.2,11026.94,68.9
2025-12-09T11:54:33.921588Z,748,275,1.0,37.5,11022.49,68.9
2025-12-09T11:54:33.942531Z,748,275,1.0,12.5,11018.14,68.8
2025-12-09T11:54:33.973448Z,748,275,1.0,25.0,11012.73,68.8
2025-12-09T11:54:34.059219Z,749,275,1.0,31.2,10999.8,68.7
2025-12-09T11:54:34.084655Z,749,276,1.0,0.0,10990.65,68.7
2025-12-09T11:54:34.119864Z,749,277,1.0,14.3,10973.95,68.6
2025-12-09T11:54:34.149497Z,750,278,1.0,12.5,10961.35,68.5
2025-12-09T11:54:34.181411Z,752,278,1.0,25.0,10957.96,68.5
2025-12-09T11:54:34.217314Z,754,277,1.0,21.1,10959.21,68.5
2025-12-09T11:54:34.246237Z,754,277,1.0,25.0,10954.47,68.4
2025-12-09T11:54:34.277155Z,754,278,1.0,31.2,10945.2,68.4
2025-12-09T11:54:34.297101Z,754,279,1.0,100.0,10942.55,68.4
2025-12-09T11:54:34.316413Z,754,278,1.0,0.0,10939.33,68.3
2025-12-09T11:54:34.342345Z,753,278,1.0,31.2,10932.88,68.3
2025-12-09T11:54:34.379245Z,752,277,1.0,31.2,10924.2,68.3
2025-12-09T11:54:34.455084Z,751,278,1.0,40.0,10890.37,68.0
2025-12-09T11:54:34.483964Z,750,279,1.0,56.2,10883.29,68.0
2025-12-09T11:54:34.516876Z,749,278,1.0,18.8,10890.21,68.0
2025-12-09T11:54:34.552780Z,750,277,1.0,31.2,10880.54,68.0
2025-12-09T11:54:34.580706Z,751,276,1.0,25.0,10866.84,67.9
2025-12-09T11:54:34.613679Z,752,276,1.0,25.0,10852.21,67.8
2025-12-09T11:54:34.653405Z,751,276,1.0,8.3,10848.82,67.8
2025-12-09T11:54:34.681284Z,750,277,1.0,0.0,10843.54,67.7
2025-12-09T11:54:34.702547Z,748,278,1.0,18.8,10846.43,67.8
2025-12-09T11:54:34.721456Z,747,278,1.0,0.0,10839.87,67.7
2025-12-09T11:54:34.742866Z,746,278,1.0,37.5,10841.98,67.7
2025-12-09T11:54:34.774195Z,746,278,1.0,11.8,10838.17,67.7
2025-12-09T11:54:34.862892Z,747,276,1.0,4.3,10838.77,67.7
2025-12-09T11:54:34.902784Z,748,275,1.0,30.8,10834.64,67.7
2025-12-09T11:54:34.922631Z,749,275,1.0,100.0,10834.83,67.7
2025-12-09T11:54:34.951926Z,749,275,1.0,6.7,10833.07,67.7
2025-12-09T11:54:34.983608Z,749,275,1.0,47.1,10832.54,67.7
2025-12-09T11:54:35.015554Z,749,273,1.0,31.2,10831.78,67.7
2025-12-09T11:54:35.046389Z,749,273,1.0,50.0,10831.38,67.7
2025-12-09T11:54:35.066275Z,750,272,1.0,22.2,10831.15,67.7
2025-12-09T11:54:35.084771Z,750,273,1.0,100.0,10831.0,67.7
2025-12-09T11:54:35.109969Z,749,274,1.0,56.2,10830.93,67.7
2025-12-09T11:54:35.142479Z,748,274,1.0,0.0,10829.88,67.7
2025-12-09T11:54:35.191086Z,749,274,1.0,8.3,10838.18,67.7
2025-12-09T11:54:35.260372Z,749,274,1.0,12.1,10835.78,67.7
2025-12-09T11:54:35.288579Z,749,274,1.0,12.5,10835.58,67.7
2025-12-09T11:54:35.318028Z,747,275,1.0,6.2,10835.9,67.7
2025-12-09T11:54:35.349895Z,745,275,1.0,6.2,10836.38,67.7
2025-12-09T11:54:35.383564Z,744,276,1.0,6.2,10836.14,67.7
2025-12-09T11:54:35.418404Z,745,277,1.0,12.5,10835.66,67.7
2025-12-09T11:54:35.446188Z,745,277,1.0,0.0,10835.65,67.7
2025-12-09T11:54:35.465875Z,746,277,1.0,12.5,10835.92,67.7
2025-12-09T11:54:35.483322Z,747,275,1.0,100.0,10835.79,67.7
2025-12-09T11:54:35.509119Z,747,275,1.0,11.1,10835.88,67.7
2025-12-09T11:54:35.541534Z,747,274,1.0,4.5,10836.05,67.7
2025-12-09T11:54:35.593899Z,747,275,1.0,34.6,10835.8,67.7
2025-12-09T11:54:35.659807Z,746,275,1.0,3.1,10835.67,67.7
2025-12-09T11:54:35.692783Z,746,275,1.0,56.2,10835.84,67.7
2025-12-09T11:54:35.720532Z,744,275,1.0,56.2,10835.8,67.7
2025-12-09T11:54:35.755539Z,743,275,1.0,6.2,10835.72,67.7
2025-12-09T11:54:35.783027Z,743,275,1.0,6.2,10835.67,67.7
2025-12-09T11:54:35.815231Z,744,274,1.0,11.8,10835.66,67.7
2025-12-09T11:54:35.846700Z,745,274,1.0,0.0,10835.88,67.7
2025-12-09T11:54:35.870152Z,746,272,1.0,64.3,10835.84,67.7
2025-12-09T11:54:35.889642Z,747,271,1.0,10.0,10839.88,67.7
2025-12-09T11:54:35.913513Z,747,272,1.0,25.0,10849.64,67.8
2025-12-09T11:54:35.941397Z,746,273,1.0,6.2,10857.29,67.8
2025-12-09T11:54:35.990999Z,746,274,1.0,4.2,10850.95,67.8
2025-12-09T11:54:36.023524Z,746,275,1.0,6.2,10855.61,67.8
2025-12-09T11:54:36.097573Z,746,275,1.0,25.0,10848.43,67.8
2025-12-09T11:54:36.122853Z,746,276,1.0,35.7,10854.44,67.8
2025-12-09T11:54:36.150629Z,747,277,1.0,0.0,10848.22,67.8
2025-12-09T11:54:36.183580Z,747,278,1.0,4.5,10851.94,67.8
2025-12-09T11:54:36.214007Z,747,279,1.0,6.2,10846.73,67.8
2025-12-09T11:54:36.250597Z,748,280,1.0,50.0,10844.23,67.8
2025-12-09T11:54:36.267554Z,750,280,1.0,0.0,10840.4,67.7
2025-12-09T11:54:36.290618Z,750,278,1.0,16.7,10840.56,67.7
2025-12-09T11:54:36.309079Z,751,276,1.0,8.3,10838.41,67.7
2025-12-09T11:54:36.342314Z,750,274,1.0,6.2,10838.17,67.7
2025-12-09T11:54:36.392511Z,749,275,1.0,36.0,10836.86,67.7
2025-12-09T11:54:36.429792Z,748,275,1.0,31.2,10835.13,67.7
2025-12-09T11:54:36.491030Z,748,276,1.0,3.1,10835.0,67.7
2025-12-09T11:54:36.519406Z,748,276,1.0,6.2,10834.92,67.7
2025-12-09T11:54:36.551160Z,748,275,1.0,50.0,10834.82,67.7
2025-12-09T11:54:36.588082Z,748,275,1.0,10.5,10834.73,67.7
2025-12-09T11:54:36.615408Z,748,275,1.0,0.0,10834.75,67.7
2025-12-09T11:54:36.635690Z,748,276,1.0,18.8,10834.77,67.7
2025-12-09T11:54:36.666942Z,748,277,1.0,28.6,10834.9,67.7
2025-12-09T11:54:36.683988Z,749,276,1.0,9.1,10834.89,67.7
2025-12-09T11:54:36.712206Z,748,277,1.0,10.0,10834.86,67.7
2025-12-09T11:54:36.761231Z,747,278,1.0,10.3,10835.92,67.7
2025-12-09T11:54:36.791052Z,747,279,1.0,13.3,10835.92,67.7
2025-12-09T11:54:36.823575Z,747,279,1.0,5.6,10835.82,67.7
2025-12-09T11:54:36.890173Z,747,279,1.0,3.1,10835.92,67.7
2025-12-09T11:54:36.925131Z,747,277,1.0,0.0,10835.86,67.7
2025-12-09T11:54:36.950190Z,747,278,1.0,56.2,10835.96,67.7
2025-12-09T11:54:36.982823Z,748,278,1.0,25.0,10836.11,67.7
2025-12-09T11:54:37.015172Z,750,278,1.0,50.0,10836.04,67.7
2025-12-09T11:54:37.040523Z,751,278,1.0,10.0,10836.06,67.7
2025-12-09T11:54:37.072096Z,752,278,1.0,0.0,10836.25,67.7
2025-12-09T11:54:37.103475Z,751,278,1.0,12.5,10836.36,67.7
2025-12-09T11:54:37.122006Z,750,277,1.0,12.5,10836.18,67.7
2025-12-09T11:54:37.158518Z,751,276,1.0,0.0,10836.22,67.7
2025-12-09T11:54:37.190190Z,752,276,1.0,0.0,10836.09,67.7
2025-12-09T11:54:37.222308Z,752,276,1.0,0.0,10836.01,67.7
2025-12-09T11:54:37.287434Z,752,277,1.0,6.2,10835.71,67.7
2025-12-09T11:54:37.321711Z,752,276,1.0,6.2,10835.76,67.7
2025-12-09T11:54:37.353880Z,752,274,1.0,11.1,10835.74,67.7
2025-12-09T11:54:37.384108Z,751,272,1.0,6.2,10835.73,67.7
2025-12-09T11:54:37.418516Z,751,271,1.0,13.6,10849.41,67.8
2025-12-09T11:54:37.444499Z,752,270,1.0,0.0,10846.27,67.8
2025-12-09T11:54:37.464821Z,752,269,1.0,12.5,10848.4,67.8
2025-12-09T11:54:37.492068Z,753,268,1.0,0.0,10845.3,67.8
2025-12-09T11:54:37.507901Z,753,267,1.0,37.5,10847.93,67.8
2025-12-09T11:54:37.558179Z,754,266,1.0,9.4,10845.54,67.8
2025-12-09T11:54:37.592962Z,753,266,1.0,47.1,10848.76,67.8
2025-12-09T11:54:37.622414Z,752,267,1.0,6.2,10849.71,67.8
2025-12-09T11:54:37.688976Z,751,268,1.0,25.0,10847.25,67.8
2025-12-09T11:54:37.718685Z,751,268,1.0,0.0,10846.72,67.8
2025-12-09T11:54:37.753310Z,751,269,1.0,0.0,10843.06,67.7
2025-12-09T11:54:37.784268Z,751,270,1.0,50.0,10842.9,67.7
2025-12-09T11:54:37.815023Z,750,270,1.0,12.5,10841.21,67.7
2025-12-09T11:54:37.840751Z,749,270,1.0,12.5,10840.5,67.7
2025-12-09T11:54:37.871032Z,749,270,1.0,6.7,10839.75,67.7
2025-12-09T11:54:37.901490Z,749,271,1.0,17.6,10838.89,67.7
2025-12-09T11:54:37.931339Z,748,272,1.0,0.0,10838.18,67.7
2025-12-09T11:54:37.958161Z,748,273,1.0,0.0,10837.96,67.7
2025-12-09T11:54:37.990102Z,749,272,1.0,6.2,10837.86,67.7
2025-12-09T11:54:38.022997Z,749,270,1.0,6.2,10837.82,67.7
2025-12-09T11:54:38.095273Z,750,269,1.0,5.0,10837.16,67.7
2025-12-09T11:54:38.122745Z,750,269,1.0,12.5,10837.22,67.7
2025-12-09T11:54:38.152758Z,750,269,1.0,6.7,10837.16,67.7
2025-12-09T11:54:38.184632Z,750,269,1.0,6.2,10837.27,67.7
2025-12-09T11:54:38.205189Z,751,268,1.0,0.0,10837.34,67.7
2025-12-09T11:54:38.225394Z,752,269,1.0,12.5,10837.27,67.7
2025-12-09T11:54:38.251402Z,752,270,1.0,23.5,10836.86,67.7
2025-12-09T11:54:38.278567Z,750,272,1.0,6.2,10836.84,67.7
2025-12-09T11:54:38.327445Z,749,273,1.0,4.3,10836.84,67.7
2025-12-09T11:54:38.358947Z,748,274,1.0,5.9,10836.82,67.7
2025-12-09T11:54:38.391771Z,747,274,1.0,50.0,10836.8,67.7
2025-12-09T11:54:38.429082Z,747,274,1.0,6.2,10836.77,67.7
2025-12-09T11:54:38.488664Z,747,275,1.0,3.1,10836.94,67.7
2025-12-09T11:54:38.521469Z,748,274,1.0,6.2,10836.86,67.7
2025-12-09T11:54:38.555440Z,748,275,1.0,6.2,10836.92,67.7
2025-12-09T11:54:38.587433Z,749,275,1.0,63.2,10835.33,67.7
2025-12-09T11:54:38.620807Z,750,275,1.0,4.5,10835.07,67.7
2025-12-09T11:54:38.638940Z,751,274,1.0,0.0,10834.88,67.7
2025-12-09T11:54:38.669817Z,752,274,1.0,6.2,10834.79,67.7
2025-12-09T11:54:38.687648Z,752,274,1.0,100.0,10834.66,67.7
2025-12-09T11:54:38.729035Z,752,274,1.0,11.1,10834.57,67.7
2025-12-09T11:54:38.762081Z,751,273,1.0,9.5,10833.59,67.7
2025-12-09T11:54:38.790331Z,751,272,1.0,9.1,10834.63,67.7
2025-12-09T11:54:38.821774Z,750,272,1.0,6.7,10834.68,67.7
2025-12-09T11:54:38.891215Z,750,273,1.0,2.6,10834.62,67.7
2025-12-09T11:54:38.927079Z,750,275,1.0,17.6,10834.95,67.7
2025-12-09T11:54:38.951325Z,750,275,1.0,12.5,10834.86,67.7
2025-12-09T11:54:38.983114Z,752,275,1.0,31.2,10834.82,67.7
2025-12-09T11:54:39.004475Z,754,273,1.0,22.2,10844.48,67.8
2025-12-09T11:54:39.022427Z,755,272,1.0,100.0,10850.24,67.8
2025-12-09T11:54:39.046797Z,756,271,1.0,56.2,10850.79,67.8
2025-12-09T11:54:39.082712Z,756,271,1.0,6.2,10849.57,67.8
2025-12-09T11:54:39.127905Z,756,270,1.0,20.0,10855.27,67.8
2025-12-09T11:54:39.159384Z,755,271,1.0,37.5,10848.67,67.8
2025-12-09T11:54:39.190379Z,755,272,1.0,50.0,10866.2,67.9
2025-12-09T11:54:39.259923Z,756,272,1.0,27.5,10861.65,67.9
2025-12-09T11:54:39.285290Z,756,271,1.0,0.0,10861.13,67.9
2025-12-09T11:54:39.318520Z,756,272,1.0,6.2,10858.96,67.8
2025-12-09T11:54:39.349975Z,755,272,1.0,6.2,10858.8,67.8
2025-12-09T11:54:39.382768Z,755,273,1.0,17.6,10857.07,67.8
2025-12-09T11:54:39.403713Z,754,274,1.0,18.8,10856.61,67.8
2025-12-09T11:54:39.423153Z,753,273,1.0,0.0,10855.37,67.8
2025-12-09T11:54:39.447355Z,752,272,1.0,6.2,10854.82,67.8
2025-12-09T11:54:39.484862Z,753,272,1.0,64.7,10854.35,67.8
2025-12-09T11:54:39.525437Z,753,273,1.0,4.8,10854.18,67.8
2025-12-09T11:54:39.559474Z,753,274,1.0,10.5,10854.05,67.8
2025-12-09T11:54:39.592544Z,753,275,1.0,6.2,10853.38,67.8
2025-12-09T11:54:39.622455Z,754,274,1.0,6.2,10853.26,67.8
2025-12-09T11:54:39.687438Z,755,275,1.0,3.1,10853.23,67.8
2025-12-09T11:54:39.723534Z,755,275,1.0,50.0,10853.2,67.8
2025-12-09T11:54:39.757483Z,754,276,1.0,68.8,10858.5,67.8
2025-12-09T11:54:39.778427Z,753,278,1.0,31.2,10868.59,67.9
2025-12-09T11:54:39.800393Z,753,280,1.0,100.0,10868.13,67.9
2025-12-09T11:54:39.817862Z,753,282,1.0,100.0,10868.63,67.9
2025-12-09T11:54:39.847452Z,753,281,1.0,6.2,10868.34,67.9
2025-12-09T11:54:39.894081Z,754,279,1.0,20.0,10868.41,67.9
2025-12-09T11:54:39.930342Z,755,277,1.0,56.2,10870.29,67.9
2025-12-09T11:54:39.958632Z,755,276,1.0,6.2,10869.78,67.9
2025-12-09T11:54:39.991138Z,755,275,1.0,6.2,10870.04,67.9
2025-12-09T11:54:40.022790Z,754,274,1.0,12.5,10870.3,67.9
2025-12-09T11:54:40.091741Z,754,274,1.0,7.9,10870.07,67.9
2025-12-09T11:54:40.118645Z,755,274,1.0,8.3,10870.02,67.9
2025-12-09T11:54:40.153207Z,754,274,1.0,4.8,10869.98,67.9
2025-12-09T11:54:40.173156Z,754,274,1.0,88.9,10870.2,67.9
2025-12-09T11:54:40.191106Z,753,275,1.0,0.0,10870.25,67.9
2025-12-09T11:54:40.214295Z,753,274,1.0,12.5,10870.39,67.9
2025-12-09T11:54:40.251456Z,752,275,1.0,0.0,10870.03,67.9
2025-12-09T11:54:40.295100Z,750,277,1.0,8.3,10870.2,67.9
2025-12-09T11:54:40.326507Z,747,279,1.0,6.2,10868.95,67.9
2025-12-09T11:54:40.359531Z,745,280,1.0,50.0,10868.83,67.9
2025-12-09T11:54:40.393072Z,745,280,1.0,6.2,10878.34,68.0
2025-12-09T11:54:40.457780Z,745,281,1.0,3.1,10880.72,68.0
2025-12-09T11:54:40.486899Z,744,282,1.0,17.6,10887.66,68.0
2025-12-09T11:54:40.518865Z,743,283,1.0,43.8,10880.93,68.0
2025-12-09T11:54:40.551251Z,742,283,1.0,58.8,10884.54,68.0
2025-12-09T11:54:40.571201Z,742,284,1.0,25.0,10878.39,68.0
2025-12-09T11:54:40.589590Z,743,285,1.0,31.2,10879.86,68.0
2025-12-09T11:54:40.614501Z,742,286,1.0,0.0,10875.81,67.9
2025-12-09T11:54:40.648094Z,742,287,1.0,17.6,10876.89,68.0
2025-12-09T11:54:40.695442Z,737,289,0.613,4.2,10874.29,67.9
2025-12-09T11:54:40.727248Z,729,290,0.76,18.8,10874.43,67.9
2025-12-09T11:54:40.762208Z,723,291,0.792,18.2,10872.53,67.9
2025-12-09T11:54:40.789499Z,719,290,0.897,20.0,10872.0,67.9
2025-12-09T11:54:40.860138Z,716,287,1.0,12.5,10871.67,67.9
2025-12-09T11:54:40.889227Z,709,284,1.0,6.7,10872.86,67.9
2025-12-09T11:54:40.924315Z,701,281,1.0,0.0,10872.49,67.9
2025-12-09T11:54:40.950995Z,695,280,1.0,6.2,10871.26,67.9
2025-12-09T11:54:40.972222Z,690,280,1.0,22.2,10871.12,67.9
2025-12-09T11:54:40.992670Z,685,280,1.0,100.0,10870.97,67.9
2025-12-09T11:54:41.014878Z,684,280,1.0,6.2,10870.88,67.9
2025-12-09T11:54:41.048883Z,686,281,1.0,70.6,10870.86,67.9
2025-12-09T11:54:41.099580Z,692,282,1.0,12.5,10870.38,67.9
2025-12-09T11:54:41.128579Z,698,283,1.0,6.2,10870.57,67.9
2025-12-09T11:54:41.160926Z,702,282,1.0,43.8,10870.62,67.9
2025-12-09T11:54:41.190833Z,706,281,1.0,18.8,10870.63,67.9
2025-12-09T11:54:41.262619Z,709,282,1.0,25.6,10870.44,67.9
2025-12-09T11:54:41.288457Z,713,285,1.0,11.1,10870.43,67.9
2025-12-09T11:54:41.317956Z,716,287,1.0,18.8,10870.51,67.9
2025-12-09T11:54:41.338355Z,718,289,1.0,16.7,10870.49,67.9
2025-12-09T11:54:41.357916Z,720,290,1.0,8.3,10870.45,67.9
2025-12-09T11:54:41.382173Z,721,291,1.0,0.0,10870.55,67.9
2025-12-09T11:54:41.423062Z,723,291,1.0,12.5,10871.34,67.9
2025-12-09T11:54:41.463870Z,724,292,1.0,13.6,10895.88,68.1
2025-12-09T11:54:41.495851Z,726,292,1.0,27.8,10929.48,68.3
2025-12-09T11:54:41.526362Z,728,292,1.0,15.4,10928.28,68.3
2025-12-09T11:54:41.559367Z,731,291,1.0,26.3,10928.11,68.3
2025-12-09T11:54:41.595272Z,732,289,1.0,52.9,10927.56,68.3
2025-12-09T11:54:41.623884Z,733,288,1.0,6.2,10927.52,68.3
2025-12-09T11:54:41.690840Z,733,285,1.0,25.0,10927.57,68.3
2025-12-09T11:54:41.718762Z,735,283,1.0,13.3,10940.6,68.4
2025-12-09T11:54:41.740706Z,736,283,1.0,0.0,10943.62,68.4
2025-12-09T11:54:41.766643Z,737,285,1.0,62.5,10936.96,68.3
2025-12-09T11:54:41.786420Z,738,286,1.0,12.5,10943.3,68.4
2025-12-09T11:54:41.815837Z,738,286,1.0,35.3,10939.17,68.3
2025-12-09T11:54:41.864131Z,738,286,1.0,33.3,10939.71,68.3
2025-12-09T11:54:41.894294Z,736,285,1.0,6.2,10937.39,68.3
2025-12-09T11:54:41.931288Z,735,286,1.0,16.7,10935.79,68.3
2025-12-09T11:54:41.958199Z,733,287,1.0,0.0,10934.29,68.3
2025-12-09T11:54:41.989738Z,733,288,1.0,12.5,10933.34,68.3
2025-12-09T11:54:42.055596Z,734,288,1.0,6.2,10933.06,68.3
2025-12-09T11:54:42.093507Z,735,287,1.0,16.7,10931.6,68.3
2025-12-09T11:54:42.119308Z,737,287,1.0,6.2,10931.37,68.3
2025-12-09T11:54:42.140973Z,740,286,1.0,0.0,10931.3,68.3
2025-12-09T11:54:42.159917Z,742,286,1.0,12.5,10931.27,68.3
2025-12-09T11:54:42.182319Z,744,286,1.0,43.8,10931.29,68.3
2025-12-09T11:54:42.214526Z,744,286,1.0,6.2,10931.23,68.3
2025-12-09T11:54:42.266076Z,744,286,1.0,0.0,10930.76,68.3
2025-12-09T11:54:42.295821Z,742,285,1.0,50.0,10930.69,68.3
2025-12-09T11:54:42.326667Z,740,285,1.0,0.0,10930.77,68.3
2025-12-09T11:54:42.358445Z,739,283,1.0,50.0,10930.86,68.3
2025-12-09T11:54:42.390159Z,740,282,1.0,6.2,10930.75,68.3
2025-12-09T11:54:42.456934Z,736,281,1.0,25.0,10930.8,68.3
2025-12-09T11:54:42.490846Z,730,281,1.0,6.2,10930.83,68.3
2025-12-09T11:54:42.521740Z,721,280,1.0,6.2,10930.77,68.3
2025-12-09T11:54:42.544656Z,715,280,1.0,12.5,10930.74,68.3
2025-12-09T11:54:42.563987Z,709,278,1.0,22.2,10930.82,68.3
2025-12-09T11:54:42.586565Z,703,277,1.0,37.5,10930.91,68.3
2025-12-09T11:54:42.632786Z,697,276,1.0,4.2,10930.85,68.3
2025-12-09T11:54:42.663053Z,691,275,1.0,17.6,10930.9,68.3
2025-12-09T11:54:42.695289Z,684,275,1.0,12.5,10930.86,68.3
2025-12-09T11:54:42.727605Z,679,275,1.0,11.1,10930.85,68.3
2025-12-09T11:54:42.761327Z,675,276,1.0,9.5,10930.9,68.3
2025-12-09T11:54:42.791566Z,672,276,1.0,15.4,10930.8,68.3
2025-12-09T11:54:42.824656Z,669,277,1.0,5.0,10930.82,68.3
2025-12-09T11:54:42.888679Z,667,277,1.0,9.1,10930.91,68.3
2025-12-09T11:54:42.911654Z,667,278,1.0,0.0,10930.88,68.3
2025-12-09T11:54:42.931564Z,667,279,1.0,25.0,10930.99,68.3
2025-12-09T11:54:42.961846Z,665,279,1.0,6.2,10931.07,68.3
2025-12-09T11:54:42.981867Z,662,279,1.0,12.5,10930.99,68.3
2025-12-09T11:54:43.031262Z,658,278,1.0,4.2,10930.95,68.3
2025-12-09T11:54:43.062236Z,656,277,1.0,56.2,10930.89,68.3
2025-12-09T11:54:43.110802Z,653,276,1.0,8.3,10943.1,68.4
2025-12-09T11:54:43.134104Z,650,276,1.0,10.0,10941.66,68.4
2025-12-09T11:54:43.158781Z,649,275,1.0,0.0,10939.27,68.3
2025-12-09T11:54:43.190420Z,649,275,1.0,0.0,10940.38,68.4
2025-12-09T11:54:43.222976Z,648,273,1.0,50.0,10936.39,68.3
2025-12-09T11:54:43.286099Z,647,272,1.0,6.2,10936.37,68.3
2025-12-09T11:54:43.308337Z,646,271,1.0,31.2,10937.83,68.3
2025-12-09T11:54:43.327795Z,643,271,1.0,0.0,10934.91,68.3
2025-12-09T11:54:43.351292Z,641,271,1.0,0.0,10935.46,68.3
2025-12-09T11:54:43.382762Z,640,271,1.0,6.2,10933.33,68.3
2025-12-09T11:54:43.433077Z,640,272,1.0,9.7,10930.14,68.3
2025-12-09T11:54:43.462976Z,640,271,1.0,6.2,10929.79,68.3
2025-12-09T11:54:43.493984Z,640,270,1.0,10.0,10929.72,68.3
2025-12-09T11:54:43.527643Z,641,267,1.0,4.3,10929.69,68.3
2025-12-09T11:54:43.559125Z,642,265,1.0,12.5,10929.66,68.3
2025-12-09T11:54:43.594858Z,647,262,1.0,0.0,10929.41,68.3
2025-12-09T11:54:43.622330Z,652,259,1.0,6.7,10929.36,68.3
2025-12-09T11:54:43.690248Z,657,258,1.0,0.0,10929.33,68.3
2025-12-09T11:54:43.714770Z,660,256,1.0,6.7,10929.31,68.3
2025-12-09T11:54:43.747849Z,663,255,1.0,12.5,10929.14,68.3
2025-12-09T11:54:43.777059Z,665,254,1.0,6.2,10928.96,68.3
2025-12-09T11:54:43.796009Z,666,253,1.0,33.3,10928.99,68.3
2025-12-09T11:54:43.830810Z,667,253,1.0,0.0,10928.95,68.3
2025-12-09T11:54:43.862816Z,668,254,1.0,0.0,10928.93,68.3
2025-12-09T11:54:43.894850Z,670,254,1.0,64.7,10928.91,68.3
2025-12-09T11:54:43.930315Z,672,253,1.0,12.5,10928.67,68.3
2025-12-09T11:54:43.958657Z,674,253,1.0,12.5,10928.62,68.3
2025-12-09T11:54:43.991133Z,675,252,1.0,6.2,10928.55,68.3
2025-12-09T11:54:44.025003Z,676,252,1.0,11.8,10928.52,68.3
2025-12-09T11:54:44.090355Z,678,251,1.0,5.1,10928.3,68.3
2025-12-09T11:54:44.125782Z,680,250,1.0,6.2,10928.33,68.3
2025-12-09T11:54:44.146785Z,682,251,1.0,12.5,10928.33,68.3
2025-12-09T11:54:44.182685Z,684,251,1.0,8.3,10928.32,68.3
2025-12-09T11:54:44.213494Z,685,251,1.0,15.4,10928.29,68.3
2025-12-09T11:54:44.231633Z,686,251,1.0,9.1,10928.34,68.3
2025-12-09T11:54:44.265522Z,685,251,1.0,50.0,10927.65,68.3
2025-12-09T11:54:44.294086Z,683,252,1.0,6.2,10927.63,68.3
2025-12-09T11:54:44.326384Z,682,255,1.0,6.2,10927.71,68.3
2025-12-09T11:54:44.358319Z,682,259,1.0,52.9,10927.68,68.3
2025-12-09T11:54:44.391986Z,683,264,1.0,0.0,10927.63,68.3
2025-12-09T11:54:44.455581Z,683,268,1.0,28.1,10927.77,68.3
2025-12-09T11:54:44.476642Z,682,271,1.0,12.5,10927.73,68.3
2025-12-09T11:54:44.498269Z,683,272,1.0,12.5,10927.64,68.3
2025-12-09T11:54:44.519220Z,683,273,1.0,0.0,10927.69,68.3
2025-12-09T11:54:44.550534Z,683,272,1.0,52.9,10927.71,68.3
2025-12-09T11:54:44.605603Z,684,272,1.0,18.8,10927.76,68.3
2025-12-09T11:54:44.632001Z,684,273,1.0,0.0,10927.88,68.3
2025-12-09T11:54:44.663844Z,683,274,1.0,6.2,10942.14,68.4
2025-12-09T11:54:44.694975Z,684,275,1.0,6.2,10939.8,68.3
2025-12-09T11:54:44.725681Z,684,276,1.0,6.2,10940.6,68.4
2025-12-09T11:54:44.761186Z,684,278,1.0,13.6,10939.87,68.3
2025-12-09T11:54:44.789255Z,684,279,1.0,0.0,10938.93,68.3
2025-12-09T11:54:44.822651Z,685,281,1.0,8.7,10937.11,68.3
2025-12-09T11:54:44.853896Z,685,282,1.0,5.9,10935.91,68.3
2025-12-09T11:54:44.887498Z,687,279,0.75,6.2,10934.14,68.3
2025-12-09T11:54:44.925975Z,689,272,0.612,0.0,10932.54,68.3
2025-12-09T11:54:44.952920Z,692,263,0.607,58.8,10931.64,68.3
2025-12-09T11:54:44.998356Z,694,259,0.772,4.2,10930.73,68.3
2025-12-09T11:54:45.031368Z,696,257,0.827,58.8,10930.16,68.3
2025-12-09T11:54:45.062227Z,698,258,1.0,18.8,10930.06,68.3
2025-12-09T11:54:45.098950Z,696,257,1.0,6.2,10929.49,68.3
2025-12-09T11:54:45.132682Z,694,257,1.0,6.2,10929.52,68.3
2025-12-09T11:54:45.159182Z,691,257,1.0,6.2,10929.5,68.3
2025-12-09T11:54:45.190613Z,689,259,1.0,6.2,10929.41,68.3
2025-12-09T11:54:45.223346Z,687,262,1.0,37.5,10929.52,68.3
2025-12-09T11:54:45.258996Z,687,264,1.0,22.2,10929.12,68.3
2025-12-09T11:54:45.288513Z,686,266,1.0,0.0,10927.79,68.3
2025-12-09T11:54:45.317313Z,686,267,1.0,12.5,10927.79,68.3
2025-12-09T11:54:45.351227Z,686,268,1.0,6.2,10927.66,68.3
2025-12-09T11:54:45.398138Z,685,269,1.0,4.2,10927.61,68.3
2025-12-09T11:54:45.433813Z,684,269,1.0,12.5,10928.03,68.3
2025-12-09T11:54:45.463604Z,684,270,1.0,6.7,10928.4,68.3
2025-12-09T11:54:45.494938Z,684,270,1.0,13.3,10928.15,68.3
2025-12-09T11:54:45.526376Z,686,269,1.0,5.9,10928.21,68.3
2025-12-09T11:54:45.559060Z,687,268,1.0,23.5,10928.33,68.3
2025-12-09T11:54:45.595432Z,686,267,1.0,50.0,10928.77,68.3
2025-12-09T11:54:45.622025Z,684,266,1.0,6.2,10928.7,68.3
2025-12-09T11:54:45.655612Z,683,265,1.0,0.0,10929.16,68.3
2025-12-09T11:54:45.687815Z,682,264,1.0,50.0,10929.34,68.3
2025-12-09T11:54:45.718160Z,682,265,1.0,50.0,10929.64,68.3
2025-12-09T11:54:45.769889Z,681,266,1.0,4.2,10929.72,68.3
2025-12-09T11:54:45.798412Z,682,267,1.0,12.5,10929.6,68.3
2025-12-09T11:54:45.831743Z,681,266,1.0,0.0,10929.89,68.3
2025-12-09T11:54:45.863807Z,680,265,1.0,31.2,10930.12,68.3
2025-12-09T11:54:45.894753Z,678,265,1.0,6.2,10930.07,68.3
2025-12-09T11:54:45.930291Z,678,264,1.0,12.5,10930.07,68.3
2025-12-09T11:54:45.959658Z,677,264,1.0,6.2,10930.16,68.3
2025-12-09T11:54:45.991960Z,676,265,1.0,6.2,10930.07,68.3
2025-12-09T11:54:46.024250Z,676,267,1.0,6.2,10930.25,68.3
2025-12-09T11:54:46.055295Z,677,267,1.0,6.2,10930.41,68.3
2025-12-09T11:54:46.090017Z,677,268,1.0,20.8,10930.68,68.3
2025-12-09T11:54:46.118365Z,676,267,1.0,6.2,10931.11,68.3
2025-12-09T11:54:46.166990Z,675,267,1.0,4.2,10944.01,68.4
2025-12-09T11:54:46.198570Z,674,267,1.0,12.5,10943.27,68.4
2025-12-09T11:54:46.232513Z,674,268,1.0,6.2,10944.34,68.4
2025-12-09T11:54:46.267133Z,674,269,1.0,50.0,10944.12,68.4
2025-12-09T11:54:46.293946Z,673,270,1.0,31.2,10939.76,68.3
2025-12-09T11:54:46.325868Z,673,271,1.0,6.2,10940.64,68.4
2025-12-09T11:54:46.356466Z,674,271,1.0,6.2,10937.99,68.3
2025-12-09T11:54:46.391477Z,675,271,1.0,0.0,10937.61,68.3
2025-12-09T11:54:46.425811Z,676,270,1.0,12.5,10932.47,68.3
2025-12-09T11:54:46.458496Z,675,270,1.0,6.2,10931.53,68.3
2025-12-09T11:54:46.488769Z,675,271,1.0,6.2,10930.75,68.3
2025-12-09T11:54:46.518418Z,675,272,1.0,6.2,10930.53,68.3
2025-12-09T11:54:46.567959Z,676,272,1.0,8.3,10930.36,68.3
2025-12-09T11:54:46.604686Z,676,273,1.0,12.5,10929.58,68.3
2025-12-09T11:54:46.630840Z,677,272,1.0,0.0,10929.66,68.3
2025-12-09T11:54:46.664193Z,678,273,1.0,6.2,10929.95,68.3
2025-12-09T11:54:46.695598Z,678,273,1.0,6.2,10929.95,68.3
2025-12-09T11:54:46.727269Z,675,273,1.0,6.2,10930.18,68.3
2025-12-09T11:54:46.765766Z,669,273,1.0,16.7,10929.92,68.3
2025-12-09T11:54:46.793233Z,660,273,1.0,12.5,10929.95,68.3
2025-12-09T11:54:46.827069Z,653,274,1.0,6.7,10929.82,68.3
2025-12-09T11:54:46.855710Z,646,275,1.0,5.9,10929.84,68.3
2025-12-09T11:54:46.888583Z,640,275,1.0,6.2,10929.85,68.3
2025-12-09T11:54:46.922023Z,634,276,1.0,6.2,10929.65,68.3
2025-12-09T11:54:46.966784Z,630,276,1.0,4.3,10929.73,68.3
2025-12-09T11:54:46.998311Z,626,278,1.0,23.5,10929.7,68.3
2025-12-09T11:54:47.031030Z,622,278,1.0,50.0,10929.66,68.3
2025-12-09T11:54:47.063061Z,619,278,1.0,56.2,10929.68,68.3
2025-12-09T11:54:47.097667Z,617,278,1.0,18.8,10929.73,68.3
2025-12-09T11:54:47.128162Z,615,279,1.0,6.2,10929.66,68.3
2025-12-09T11:54:47.159237Z,613,279,1.0,6.2,10929.73,68.3
2025-12-09T11:54:47.190376Z,610,279,1.0,37.5,10929.83,68.3
2025-12-09T11:54:47.223382Z,607,279,1.0,52.9,10929.72,68.3
2025-12-09T11:54:47.258608Z,604,280,1.0,35.3,10929.82,68.3
2025-12-09T11:54:47.287541Z,603,279,1.0,6.2,10929.79,68.3
2025-12-09T11:54:47.334383Z,603,278,1.0,12.5,10929.7,68.3
2025-12-09T11:54:47.365964Z,603,277,1.0,6.2,10929.79,68.3
2025-12-09T11:54:47.397806Z,602,275,1.0,6.2,10929.73,68.3
2025-12-09T11:54:47.434367Z,602,275,1.0,13.6,10929.74,68.3
2025-12-09T11:54:47.463889Z,602,275,1.0,5.9,10929.79,68.3
2025-12-09T11:54:47.494772Z,601,276,1.0,23.5,10932.34,68.3
2025-12-09T11:54:47.526010Z,601,278,1.0,6.2,10943.45,68.4
2025-12-09T11:54:47.558944Z,600,280,1.0,25.0,10941.99,68.4
2025-12-09T11:54:47.593364Z,600,280,1.0,0.0,10936.62,68.3
2025-12-09T11:54:47.622584Z,599,279,1.0,6.2,10938.77,68.3
2025-12-09T11:54:47.654887Z,599,278,1.0,31.2,10934.41,68.3
2025-12-09T11:54:47.687390Z,598,278,1.0,31.2,10933.9,68.3
2025-12-09T11:54:47.735335Z,597,278,1.0,33.3,10932.57,68.3
2025-12-09T11:54:47.772143Z,596,278,1.0,6.2,10931.41,68.3
2025-12-09T11:54:47.799044Z,596,279,1.0,17.6,10930.37,68.3
2025-12-09T11:54:47.832770Z,595,280,1.0,12.5,10929.48,68.3
2025-12-09T11:54:47.863758Z,594,281,1.0,6.2,10929.11,68.3
2025-12-09T11:54:47.894899Z,593,280,1.0,6.2,10929.23,68.3
2025-12-09T11:54:47.931108Z,592,278,1.0,17.6,10928.51,68.3
2025-12-09T11:54:47.959191Z,591,277,1.0,0.0,10928.48,68.3
2025-12-09T11:54:47.992104Z,591,276,1.0,17.6,10928.56,68.3
2025-12-09T11:54:48.023258Z,590,274,1.0,6.2,10928.46,68.3
2025-12-09T11:54:48.055243Z,590,273,1.0,6.2,10928.55,68.3
2025-12-09T11:54:48.092053Z,590,273,1.0,20.8,10928.67,68.3
2025-12-09T11:54:48.136293Z,590,273,1.0,4.2,10928.64,68.3
2025-12-09T11:54:48.168625Z,589,274,1.0,6.7,10928.53,68.3
2025-12-09T11:54:48.199935Z,590,274,1.0,6.2,10928.57,68.3
2025-12-09T11:54:48.233352Z,591,273,1.0,5.9,10928.54,68.3
2025-12-09T11:54:48.267315Z,592,273,1.0,0.0,10928.55,68.3
2025-12-09T11:54:48.295812Z,592,273,1.0,6.2,10928.76,68.3
2025-12-09T11:54:48.326646Z,593,273,1.0,6.2,10928.64,68.3
2025-12-09T11:54:48.359598Z,594,273,1.0,50.0,10928.71,68.3
2025-12-09T11:54:48.391911Z,595,272,1.0,50.0,10928.75,68.3
2025-12-09T11:54:48.428143Z,595,272,1.0,6.2,10928.68,68.3
2025-12-09T11:54:48.456059Z,594,272,1.0,6.2,10928.66,68.3
2025-12-09T11:54:48.488606Z,594,273,1.0,25.0,10928.69,68.3
2025-12-09T11:54:48.539078Z,593,274,1.0,4.2,10928.64,68.3
2025-12-09T11:54:48.569752Z,595,273,0.707,18.8,10928.6,68.3
2025-12-09T11:54:48.605895Z,598,269,0.644,12.5,10928.56,68.3
2025-12-09T11:54:48.632228Z,603,266,0.589,0.0,10928.61,68.3
2025-12-09T11:54:48.666648Z,610,261,0.573,8.7,10928.63,68.3
2025-12-09T11:54:48.693976Z,616,260,0.827,0.0,10928.71,68.3
2025-12-09T11:54:48.729360Z,620,259,0.94,8.3,10928.74,68.3
2025-12-09T11:54:48.762477Z,618,262,1.0,12.5,10928.52,68.3
2025-12-09T11:54:48.791849Z,615,265,1.0,18.8,10927.62,68.3
2025-12-09T11:54:48.822336Z,612,268,1.0,0.0,10927.43,68.3
2025-12-09T11:54:48.855474Z,611,269,1.0,6.2,10927.33,68.3
2025-12-09T11:54:48.905059Z,610,270,1.0,4.2,10927.34,68.3
2025-12-09T11:54:48.942751Z,608,271,1.0,6.2,10927.18,68.3
2025-12-09T11:54:48.968118Z,607,272,1.0,12.5,10938.2,68.3
2025-12-09T11:54:48.998245Z,606,272,1.0,6.2,10941.02,68.4
2025-12-09T11:54:49.030848Z,606,272,1.0,6.2,10941.71,68.4
2025-12-09T11:54:49.063520Z,604,272,1.0,50.0,10942.98,68.4
2025-12-09T11:54:49.099496Z,602,273,1.0,12.5,10941.79,68.4
2025-12-09T11:54:49.151398Z,600,276,1.0,75.0,10935.36,68.3
2025-12-09T11:54:49.172301Z,599,279,1.0,100.0,10936.27,68.3
2025-12-09T11:54:49.190147Z,599,282,1.0,0.0,10928.91,68.3
2025-12-09T11:54:49.222136Z,600,284,1.0,6.2,10926.54,68.3
2025-12-09T11:54:49.258444Z,602,285,1.0,56.2,10923.33,68.2
2025-12-09T11:54:49.302873Z,605,286,1.0,4.2,10922.59,68.2
2025-12-09T11:54:49.333537Z,607,288,1.0,12.5,10921.81,68.2
2025-12-09T11:54:49.367587Z,607,289,1.0,6.2,10921.47,68.2
2025-12-09T11:54:49.398089Z,606,288,1.0,6.2,10921.36,68.2
2025-12-09T11:54:49.435337Z,604,289,1.0,12.5,10914.92,68.2
2025-12-09T11:54:49.461963Z,603,288,1.0,10.0,10914.65,68.2
2025-12-09T11:54:49.496167Z,602,289,1.0,4.5,10914.41,68.2
2025-12-09T11:54:49.526840Z,600,289,1.0,6.2,10914.32,68.2
2025-12-09T11:54:49.558899Z,599,290,1.0,18.8,10914.28,68.2
2025-12-09T11:54:49.594086Z,599,289,1.0,50.0,10913.26,68.2
2025-12-09T11:54:49.623268Z,599,288,1.0,6.2,10913.23,68.2
2025-12-09T11:54:49.652608Z,598,287,1.0,6.2,10913.22,68.2
2025-12-09T11:54:49.702376Z,597,287,1.0,33.3,10913.22,68.2
2025-12-09T11:54:49.734259Z,596,286,1.0,50.0,10913.23,68.2
2025-12-09T11:54:49.770578Z,596,286,1.0,6.2,10913.05,68.2
2025-12-09T11:54:49.797315Z,595,285,1.0,18.8,10913.03,68.2
2025-12-09T11:54:49.830948Z,593,283,1.0,0.0,10913.03,68.2
2025-12-09T11:54:49.863472Z,593,283,1.0,6.2,10913.02,68.2
2025-12-09T11:54:49.895148Z,594,283,1.0,6.2,10913.0,68.2
2025-12-09T11:54:49.931494Z,594,284,1.0,15.0,10912.85,68.2
2025-12-09T11:54:49.961795Z,593,284,1.0,0.0,10911.11,68.2
2025-12-09T11:54:49.990973Z,594,285,1.0,6.2,10910.86,68.2
2025-12-09T11:54:50.023226Z,594,284,1.0,6.2,10910.71,68.2
2025-12-09T11:54:50.055229Z,595,283,1.0,6.2,10910.64,68.2
2025-12-09T11:54:50.106287Z,595,283,1.0,15.6,10909.55,68.2
2025-12-09T11:54:50.134788Z,596,283,1.0,0.0,10910.1,68.2
2025-12-09T11:54:50.165791Z,596,283,1.0,5.6,10909.98,68.2
2025-12-09T11:54:50.197536Z,596,282,1.0,6.2,10910.12,68.2
2025-12-09T11:54:50.230224Z,595,282,1.0,6.2,10910.51,68.2
2025-12-09T11:54:50.266788Z,595,281,1.0,0.0,10910.27,68.2
2025-12-09T11:54:50.295080Z,595,281,1.0,6.2,10910.44,68.2
2025-12-09T11:54:50.327920Z,601,279,1.0,6.2,10910.6,68.2
2025-12-09T11:54:50.359052Z,614,278,1.0,50.0,10910.61,68.2
2025-12-09T11:54:50.390882Z,631,277,1.0,52.9,10910.54,68.2
2025-12-09T11:54:50.425482Z,646,276,1.0,6.2,10910.8,68.2
2025-12-09T11:54:50.475842Z,659,276,1.0,33.3,10924.0,68.2
2025-12-09T11:54:50.505354Z,669,275,1.0,12.5,10925.36,68.3
2025-12-09T11:54:50.538778Z,679,273,1.0,6.2,10925.79,68.3
2025-12-09T11:54:50.568191Z,688,272,1.0,6.2,10927.67,68.3
2025-12-09T11:54:50.605278Z,696,271,1.0,12.5,10927.46,68.3
2025-12-09T11:54:50.630645Z,704,270,1.0,0.0,10923.71,68.2
2025-12-09T11:54:50.662884Z,711,267,1.0,6.2,10923.52,68.2
2025-12-09T11:54:50.694212Z,717,266,1.0,6.2,10921.98,68.2
2025-12-09T11:54:50.725847Z,722,264,1.0,6.2,10920.87,68.2
2025-12-09T11:54:50.760147Z,728,263,1.0,12.5,10918.14,68.2
2025-12-09T11:54:50.790816Z,733,261,1.0,8.3,10917.46,68.2
2025-12-09T11:54:50.823346Z,739,260,1.0,15.0,10915.97,68.2
2025-12-09T11:54:50.871704Z,744,260,1.0,4.2,10915.56,68.2
2025-12-09T11:54:50.905377Z,748,261,1.0,6.2,10914.86,68.2
2025-12-09T11:54:50.941005Z,751,262,1.0,11.8,10913.65,68.2
2025-12-09T11:54:50.967340Z,753,264,1.0,56.2,10913.6,68.2
2025-12-09T11:54:50.999147Z,754,265,1.0,6.2,10913.52,68.2
2025-12-09T11:54:51.031264Z,755,265,1.0,50.0,10904.88,68.1
2025-12-09T11:54:51.062788Z,756,265,1.0,50.0,10904.59,68.1
2025-12-09T11:54:51.098306Z,758,265,1.0,6.2,10903.11,68.1
2025-12-09T11:54:51.127602Z,760,265,1.0,50.0,10900.91,68.1
2025-12-09T11:54:51.163166Z,761,266,1.0,0.0,10900.66,68.1
2025-12-09T11:54:51.192355Z,763,266,1.0,6.2,10900.49,68.1
2025-12-09T11:54:51.222585Z,764,266,1.0,6.2,10900.39,68.1
2025-12-09T11:54:51.275296Z,765,266,1.0,26.9,10902.1,68.1
2025-12-09T11:54:51.304162Z,766,264,1.0,0.0,10902.21,68.1
2025-12-09T11:54:51.334247Z,767,264,1.0,23.5,10902.33,68.1
2025-12-09T11:54:51.366607Z,768,265,1.0,6.2,10902.37,68.1
2025-12-09T11:54:51.398700Z,769,265,1.0,6.2,10902.47,68.1
2025-12-09T11:54:51.433882Z,770,264,1.0,13.0,10903.29,68.1
2025-12-09T11:54:51.461937Z,770,263,1.0,9.1,10903.23,68.1
2025-12-09T11:54:51.495369Z,770,262,1.0,4.5,10903.3,68.1
2025-12-09T11:54:51.526285Z,769,261,1.0,25.0,10903.45,68.1
2025-12-09T11:54:51.557878Z,770,260,1.0,13.3,10903.68,68.1
2025-12-09T11:54:51.594066Z,769,260,1.0,0.0,10903.25,68.1
2025-12-09T11:54:51.623181Z,769,260,1.0,6.2,10903.31,68.1
2025-12-09T11:54:51.670776Z,768,260,1.0,20.8,10903.29,68.1
2025-12-09T11:54:51.702090Z,766,260,1.0,50.0,10903.3,68.1
2025-12-09T11:54:51.734548Z,763,260,1.0,50.0,10903.27,68.1
2025-12-09T11:54:51.771123Z,762,260,1.0,0.0,10903.71,68.1
2025-12-09T11:54:51.798213Z,761,261,1.0,6.2,10903.81,68.1
2025-12-09T11:54:51.830974Z,762,261,1.0,0.0,10903.88,68.1
2025-12-09T11:54:51.860631Z,762,261,1.0,12.5,10919.11,68.2
2025-12-09T11:54:51.894716Z,761,260,1.0,6.2,10918.88,68.2
2025-12-09T11:54:51.929237Z,761,259,1.0,12.5,10918.12,68.2
2025-12-09T11:54:51.959807Z,761,259,1.0,17.6,10923.67,68.2
2025-12-09T11:54:51.989448Z,761,260,1.0,6.2,10917.91,68.2
2025-12-09T11:54:52.039385Z,762,260,1.0,4.2,10919.04,68.2
2025-12-09T11:54:52.072114Z,763,261,1.0,11.1,10916.65,68.2
2025-12-09T11:54:52.109332Z,765,261,1.0,9.1,10916.38,68.2
2025-12-09T11:54:52.135570Z,765,261,1.0,13.3,10912.23,68.2
2025-12-09T11:54:52.167921Z,765,261,1.0,6.2,10913.13,68.2
2025-12-09T11:54:52.199425Z,764,261,1.0,5.9,10910.61,68.2
2025-12-09T11:54:52.230564Z,763,260,1.0,6.7,10910.08,68.2
2025-12-09T11:54:52.267738Z,764,259,1.0,11.1,10907.57,68.1
2025-12-09T11:54:52.295645Z,765,256,0.815,12.5,10904.62,68.1
2025-12-09T11:54:52.328752Z,765,254,0.657,12.5,10902.32,68.1
2025-12-09T11:54:52.359596Z,762,251,0.662,0.0,10898.08,68.1
2025-12-09T11:54:52.390832Z,756,250,0.625,50.0,10897.82,68.1
2025-12-09T11:54:52.443085Z,754,248,0.823,4.2,10896.48,68.1
2025-12-09T11:54:52.470341Z,753,246,0.977,6.2,10896.86,68.1
2025-12-09T11:54:52.504630Z,755,246,1.0,0.0,10896.91,68.1
2025-12-09T11:54:52.533271Z,756,246,1.0,25.0,10897.86,68.1
2025-12-09T11:54:52.568331Z,757,246,1.0,37.5,10897.92,68.1
2025-12-09T11:54:52.603987Z,759,248,1.0,15.0,10897.27,68.1
2025-12-09T11:54:52.629580Z,760,248,1.0,8.3,10903.98,68.1
2025-12-09T11:54:52.663433Z,762,249,1.0,12.5,10904.2,68.1
2025-12-09T11:54:52.694030Z,764,249,1.0,12.5,10904.32,68.1
2025-12-09T11:54:52.725774Z,764,250,1.0,18.8,10904.4,68.1
2025-12-09T11:54:52.763682Z,765,252,1.0,20.8,10904.57,68.1
2025-12-09T11:54:52.790697Z,765,252,1.0,50.0,10904.55,68.1
2025-12-09T11:54:52.837832Z,766,254,1.0,20.8,10898.41,68.1
2025-12-09T11:54:52.869747Z,766,255,1.0,27.8,10903.39,68.1
2025-12-09T11:54:52.901715Z,766,257,1.0,26.3,10905.11,68.1
2025-12-09T11:54:52.939257Z,766,256,1.0,6.2,10905.61,68.1
2025-12-09T11:54:52.966074Z,765,257,1.0,12.5,10906.47,68.1
2025-12-09T11:54:52.998344Z,765,258,1.0,62.5,10907.23,68.1
2025-12-09T11:54:53.030260Z,765,259,1.0,18.8,10908.64,68.2
2025-12-09T11:54:53.062138Z,766,260,1.0,56.2,10908.77,68.2
2025-12-09T11:54:53.097082Z,765,261,1.0,23.5,10909.07,68.2
2025-12-09T11:54:53.126964Z,766,260,1.0,100.0,10918.47,68.2
2025-12-09T11:54:53.157909Z,766,259,1.0,25.0,10923.21,68.2
2025-12-09T11:54:53.190827Z,767,258,1.0,6.2,10919.68,68.2
2025-12-09T11:54:53.239063Z,767,258,1.0,33.3,10921.67,68.2
2025-12-09T11:54:53.274606Z,766,259,1.0,16.7,10915.11,68.2
2025-12-09T11:54:53.303604Z,766,260,1.0,0.0,10919.55,68.2
2025-12-09T11:54:53.334739Z,766,260,1.0,17.6,10914.2,68.2
2025-12-09T11:54:53.366812Z,767,262,1.0,6.2,10916.21,68.2
2025-12-09T11:54:53.398560Z,768,263,1.0,6.2,10912.75,68.2
2025-12-09T11:54:53.433593Z,769,263,1.0,12.5,10912.18,68.2
2025-12-09T11:54:53.463398Z,769,261,1.0,6.2,10906.39,68.1
2025-12-09T11:54:53.495210Z,768,260,1.0,13.3,10906.21,68.1
2025-12-09T11:54:53.525991Z,767,259,1.0,5.9,10904.75,68.1
2025-12-09T11:54:53.557737Z,766,258,1.0,23.5,10904.34,68.1
2025-12-09T11:54:53.619446Z,766,258,1.0,0.0,10902.43,68.1
2025-12-09T11:54:53.640078Z,767,259,1.0,0.0,10902.91,68.1
2025-12-09T11:54:53.670580Z,767,258,1.0,6.2,10902.87,68.1
2025-12-09T11:54:53.704366Z,767,258,1.0,50.0,10903.16,68.1
2025-12-09T11:54:53.734352Z,766,258,1.0,6.2,10903.47,68.1
2025-12-09T11:54:53.770361Z,764,259,1.0,6.2,10903.36,68.1
2025-12-09T11:54:53.801161Z,763,259,1.0,6.2,10903.77,68.1
2025-12-09T11:54:53.830815Z,761,259,1.0,6.2,10904.07,68.1
2025-12-09T11:54:53.862643Z,760,259,1.0,6.2,10904.11,68.1
2025-12-09T11:54:53.895063Z,759,259,1.0,50.0,10903.89,68.1
2025-12-09T11:54:53.930077Z,758,260,1.0,18.8,10904.3,68.1
2025-12-09T11:54:53.959396Z,756,261,1.0,6.2,10904.35,68.1
2025-12-09T11:54:54.005490Z,750,262,1.0,12.0,10904.35,68.1
2025-12-09T11:54:54.037609Z,742,261,1.0,6.2,10904.55,68.1
2025-12-09T11:54:54.072754Z,732,259,1.0,10.0,10904.58,68.1
2025-12-09T11:54:54.106323Z,723,258,1.0,10.0,10904.77,68.1
2025-12-09T11:54:54.133687Z,716,257,1.0,11.1,10904.71,68.1
2025-12-09T11:54:54.166316Z,711,257,1.0,4.3,10904.75,68.1
2025-12-09T11:54:54.200043Z,707,256,1.0,6.2,10903.26,68.1
2025-12-09T11:54:54.232027Z,701,255,1.0,6.2,10903.17,68.1
2025-12-09T11:54:54.266912Z,696,254,1.0,50.0,10902.23,68.1
2025-12-09T11:54:54.294486Z,691,254,1.0,25.0,10902.12,68.1
2025-12-09T11:54:54.326517Z,687,254,1.0,6.2,10902.09,68.1
2025-12-09T11:54:54.358788Z,682,253,1.0,43.8,10902.06,68.1
2025-12-09T11:54:54.406519Z,679,251,1.0,33.3,10902.03,68.1
2025-12-09T11:54:54.443991Z,676,250,1.0,6.2,10901.68,68.1
2025-12-09T11:54:54.470828Z,674,250,1.0,6.2,10901.68,68.1
2025-12-09T11:54:54.500380Z,672,252,1.0,6.2,10901.68,68.1
2025-12-09T11:54:54.533820Z,671,254,1.0,0.0,10901.74,68.1
2025-12-09T11:54:54.564655Z,670,254,1.0,18.8,10917.18,68.2
2025-12-09T11:54:54.600408Z,669,255,1.0,6.2,10922.79,68.2
2025-12-09T11:54:54.631258Z,669,255,1.0,6.2,10910.88,68.2
2025-12-09T11:54:54.662072Z,669,255,1.0,17.6,10917.33,68.2
2025-12-09T11:54:54.694321Z,668,255,1.0,6.2,10910.82,68.2
2025-12-09T11:54:54.728099Z,668,255,1.0,6.2,10913.5,68.2
2025-12-09T11:54:54.763233Z,669,255,1.0,12.5,10912.68,68.2
2025-12-09T11:54:54.806426Z,669,254,1.0,15.8,10911.4,68.2
2025-12-09T11:54:54.838682Z,669,253,1.0,5.6,10909.2,68.2
2025-12-09T11:54:54.872465Z,670,252,1.0,5.3,10909.15,68.2
2025-12-09T11:54:54.904325Z,670,251,1.0,6.2,10906.9,68.1
2025-12-09T11:54:54.938752Z,669,249,1.0,0.0,10905.44,68.1
2025-12-09T11:54:54.967684Z,668,248,1.0,25.0,10904.43,68.1
2025-12-09T11:54:55.000130Z,667,247,1.0,50.0,10904.15,68.1
2025-12-09T11:54:55.031855Z,667,246,1.0,50.0,10903.48,68.1
2025-12-09T11:54:55.063324Z,667,246,1.0,50.0,10903.32,68.1
2025-12-09T11:54:55.098997Z,667,246,1.0,6.2,10902.03,68.1
2025-12-09T11:54:55.127842Z,668,245,1.0,17.6,10901.86,68.1
2025-12-09T11:54:55.175288Z,667,246,1.0,4.2,10901.93,68.1
2025-12-09T11:54:55.207253Z,667,246,1.0,50.0,10901.89,68.1
2025-12-09T11:54:55.239215Z,667,245,1.0,12.5,10901.88,68.1
2025-12-09T11:54:55.275415Z,667,245,1.0,12.5,10901.73,68.1
2025-12-09T11:54:55.304248Z,666,245,1.0,33.3,10901.78,68.1
2025-12-09T11:54:55.334248Z,665,245,1.0,41.2,10901.73,68.1
2025-12-09T11:54:55.366095Z,665,246,1.0,6.2,10901.79,68.1
2025-12-09T11:54:55.398972Z,665,248,1.0,6.2,10901.82,68.1
2025-12-09T11:54:55.433755Z,666,249,1.0,12.5,10901.72,68.1
2025-12-09T11:54:55.462850Z,667,250,1.0,10.0,10901.72,68.1
2025-12-09T11:54:55.496107Z,667,251,1.0,4.5,10901.72,68.1
2025-12-09T11:54:55.527346Z,666,251,1.0,14.3,10901.85,68.1
2025-12-09T11:54:55.574441Z,666,250,1.0,19.2,10901.8,68.1
2025-12-09T11:54:55.610063Z,665,249,1.0,37.5,10901.72,68.1
2025-12-09T11:54:55.638240Z,665,250,1.0,6.2,10901.72,68.1
2025-12-09T11:54:55.669874Z,665,251,1.0,12.5,10901.7,68.1
2025-12-09T11:54:55.700755Z,665,253,1.0,13.3,10901.7,68.1
2025-12-09T11:54:55.735127Z,665,253,1.0,0.0,10901.7,68.1
2025-12-09T11:54:55.770252Z,664,253,1.0,17.6,10900.98,68.1
2025-12-09T11:54:55.801123Z,665,252,1.0,6.2,10900.99,68.1
2025-12-09T11:54:55.830252Z,665,253,1.0,6.2,10901.23,68.1
2025-12-09T11:54:55.863183Z,668,252,1.0,0.0,10901.35,68.1
2025-12-09T11:54:55.893256Z,669,251,1.0,6.2,10916.79,68.2
2025-12-09T11:54:55.929418Z,669,250,1.0,25.0,10923.73,68.2
2025-12-09T11:54:55.973406Z,668,251,1.0,4.2,10916.22,68.2
2025-12-09T11:54:56.007578Z,667,251,1.0,6.2,10922.14,68.2
2025-12-09T11:54:56.038491Z,668,251,1.0,6.2,10916.36,68.2
2025-12-09T11:54:56.070762Z,667,250,0.99,31.2,10918.44,68.2
2025-12-09T11:54:56.106319Z,666,248,1.0,12.5,10912.17,68.2
2025-12-09T11:54:56.133704Z,665,247,1.0,0.0,10915.45,68.2
2025-12-09T11:54:56.167046Z,665,246,1.0,8.3,10911.09,68.2
2025-12-09T11:54:56.198922Z,664,247,1.0,7.1,10911.84,68.2
2025-12-09T11:54:56.230786Z,663,248,1.0,5.6,10909.5,68.2
2025-12-09T11:54:56.266089Z,662,248,1.0,62.5,10908.38,68.2
2025-12-09T11:54:56.296322Z,662,248,0.958,17.6,10906.77,68.1
2025-12-09T11:54:56.325646Z,665,249,0.693,23.5,10906.25,68.1
2025-12-09T11:54:56.374907Z,669,250,0.767,36.0,10906.39,68.1
2025-12-09T11:54:56.408644Z,672,252,0.661,18.8,10905.63,68.1
2025-12-09T11:54:56.441954Z,670,254,0.801,12.5,10904.6,68.1
2025-12-09T11:54:56.472270Z,663,256,1.0,12.5,10904.52,68.1
2025-12-09T11:54:56.504645Z,653,258,0.98,6.2,10904.46,68.1
2025-12-09T11:54:56.533875Z,645,258,1.0,18.8,10904.45,68.1
2025-12-09T11:54:56.567216Z,638,257,1.0,50.0,10904.43,68.1
2025-12-09T11:54:56.602523Z,632,257,1.0,31.2,10903.96,68.1
2025-12-09T11:54:56.631358Z,627,258,1.0,6.2,10903.95,68.1
2025-12-09T11:54:56.663594Z,624,259,1.0,6.2,10903.93,68.1
2025-12-09T11:54:56.695184Z,621,260,1.0,6.2,10903.92,68.1
2025-12-09T11:54:56.742764Z,617,261,1.0,4.2,10903.92,68.1
2025-12-09T11:54:56.778129Z,613,263,1.0,13.0,10902.25,68.1
2025-12-09T11:54:56.813436Z,609,265,1.0,55.6,10902.84,68.1
2025-12-09T11:54:56.838741Z,606,266,1.0,6.7,10902.7,68.1
2025-12-09T11:54:56.871278Z,604,266,1.0,11.8,10902.88,68.1
2025-12-09T11:54:56.904289Z,601,267,1.0,6.2,10902.97,68.1
2025-12-09T11:54:56.939322Z,600,268,1.0,6.2,10902.55,68.1
2025-12-09T11:54:56.967549Z,599,270,1.0,6.2,10902.51,68.1
2025-12-09T11:54:56.999937Z,597,273,1.0,6.2,10902.59,68.1
2025-12-09T11:54:57.031159Z,596,274,1.0,50.0,10902.5,68.1
2025-12-09T11:54:57.063869Z,596,275,1.0,50.0,10902.48,68.1
2025-12-09T11:54:57.097967Z,595,276,1.0,6.2,10903.59,68.1
2025-12-09T11:54:57.143570Z,593,277,1.0,4.2,10903.8,68.1
2025-12-09T11:54:57.175359Z,590,278,1.0,50.0,10904.27,68.1
2025-12-09T11:54:57.205459Z,589,279,1.0,12.5,10918.91,68.2
2025-12-09T11:54:57.239225Z,588,280,1.0,12.5,10917.88,68.2
2025-12-09T11:54:57.275857Z,588,280,1.0,17.4,10917.49,68.2
2025-12-09T11:54:57.304911Z,588,282,1.0,44.4,10924.13,68.2
2025-12-09T11:54:57.334143Z,588,284,1.0,6.2,10917.39,68.2
2025-12-09T11:54:57.367566Z,587,285,1.0,11.8,10920.5,68.2
2025-12-09T11:54:57.398459Z,587,285,1.0,13.3,10916.46,68.2
2025-12-09T11:54:57.432733Z,586,284,1.0,12.5,10916.18,68.2
2025-12-09T11:54:57.462796Z,586,282,1.0,10.0,10911.77,68.2
2025-12-09T11:54:57.495266Z,586,281,1.0,5.0,10912.69,68.2
2025-12-09T11:54:57.543642Z,586,281,1.0,3.8,10910.15,68.2
2025-12-09T11:54:57.575465Z,586,281,1.0,13.3,10910.23,68.2
2025-12-09T11:54:57.613561Z,586,282,1.0,0.0,10907.65,68.1
2025-12-09T11:54:57.640262Z,586,281,1.0,12.5,10907.44,68.1
2025-12-09T11:54:57.671217Z,586,279,1.0,0.0,10906.79,68.1
2025-12-09T11:54:57.704097Z,586,277,1.0,47.1,10906.43,68.1
2025-12-09T11:54:57.736680Z,588,272,0.917,0.0,10906.3,68.1
2025-12-09T11:54:57.770372Z,596,267,0.8,25.0,10905.79,68.1
2025-12-09T11:54:57.800284Z,607,261,1.0,6.2,10903.91,68.1
2025-12-09T11:54:57.831097Z,621,257,1.0,50.0,10903.63,68.1
2025-12-09T11:54:57.863211Z,632,256,1.0,18.8,10903.46,68.1
2025-12-09T11:54:57.921054Z,644,255,1.0,59.4,10903.36,68.1
2025-12-09T11:54:57.947565Z,654,254,1.0,18.8,10902.08,68.1
2025-12-09T11:54:57.975532Z,664,253,1.0,12.5,10904.38,68.1
2025-12-09T11:54:58.007065Z,672,252,1.0,6.2,10904.59,68.1
2025-12-09T11:54:58.039038Z,679,251,1.0,6.2,10904.6,68.1
2025-12-09T11:54:58.070372Z,685,250,1.0,43.8,10904.63,68.1
2025-12-09T11:54:58.105637Z,690,250,1.0,12.5,10904.63,68.1
2025-12-09T11:54:58.134827Z,695,248,1.0,7.1,10905.07,68.1
2025-12-09T11:54:58.168131Z,700,247,1.0,5.6,10904.98,68.1
2025-12-09T11:54:58.198737Z,704,245,1.0,6.7,10905.04,68.1
2025-12-09T11:54:58.230812Z,707,244,1.0,17.6,10905.1,68.1
2025-12-09T11:54:58.266118Z,710,243,1.0,47.1,10905.33,68.1
2025-12-09T11:54:58.313430Z,711,244,1.0,36.0,10905.16,68.1
2025-12-09T11:54:58.342289Z,713,245,1.0,6.2,10905.26,68.1
2025-12-09T11:54:58.375242Z,714,247,1.0,50.0,10905.38,68.1
2025-12-09T11:54:58.406821Z,718,246,1.0,50.0,10905.47,68.1
2025-12-09T11:54:58.442632Z,721,245,1.0,6.2,10905.51,68.1
2025-12-09T11:54:58.471710Z,723,244,1.0,6.2,10905.47,68.1
2025-12-09T11:54:58.503635Z,725,243,1.0,50.0,10905.5,68.1
2025-12-09T11:54:58.535137Z,727,243,1.0,50.0,10916.3,68.2
2025-12-09T11:54:58.567294Z,728,242,1.0,25.0,10920.62,68.2
2025-12-09T11:54:58.603350Z,728,240,1.0,22.2,10927.0,68.3
2025-12-09T11:54:58.630498Z,729,239,1.0,0.0,10921.09,68.2
2025-12-09T11:54:58.662094Z,731,238,1.0,6.2,10926.3,68.3
2025-12-09T11:54:58.712236Z,733,239,1.0,3.6,10921.19,68.2
2025-12-09T11:54:58.743185Z,734,239,1.0,7.7,10923.49,68.2
2025-12-09T11:54:58.779727Z,735,241,1.0,9.1,10917.54,68.2
2025-12-09T11:54:58.807764Z,736,242,1.0,17.6,10919.8,68.2
2025-12-09T11:54:58.839491Z,737,243,1.0,6.2,10915.75,68.2
2025-12-09T11:54:58.870715Z,736,243,1.0,6.7,10916.25,68.2
2025-12-09T11:54:58.904715Z,734,243,1.0,11.1,10914.14,68.2
2025-12-09T11:54:58.939683Z,733,242,1.0,0.0,10911.68,68.2
2025-12-09T11:54:58.968413Z,734,242,1.0,43.8,10908.35,68.2
2025-12-09T11:54:58.999525Z,735,241,1.0,6.2,10907.75,68.1
2025-12-09T11:54:59.031911Z,734,240,1.0,50.0,10906.9,68.1
2025-12-09T11:54:59.064002Z,733,240,1.0,50.0,10906.48,68.1
2025-12-09T11:54:59.114366Z,733,240,1.0,8.3,10905.55,68.1
2025-12-09T11:54:59.144184Z,734,240,1.0,6.2,10906.14,68.1
2025-12-09T11:54:59.175409Z,734,237,1.0,50.0,10906.08,68.1
2025-12-09T11:54:59.206884Z,735,233,1.0,43.8,10905.93,68.1
2025-12-09T11:54:59.238458Z,736,232,1.0,58.8,10905.96,68.1
2025-12-09T11:54:59.273342Z,737,230,1.0,12.5,10906.18,68.1
2025-12-09T11:54:59.301940Z,735,230,1.0,6.2,10906.38,68.1
2025-12-09T11:54:59.335903Z,734,230,1.0,18.8,10906.36,68.1
2025-12-09T11:54:59.367102Z,734,229,1.0,6.2,10906.33,68.1
2025-12-09T11:54:59.398551Z,735,228,1.0,6.2,10906.51,68.1
2025-12-09T11:54:59.432928Z,736,228,1.0,20.8,10906.3,68.1
2025-12-09T11:54:59.462813Z,736,230,1.0,10.0,10906.31,68.1
2025-12-09T11:54:59.513504Z,735,231,1.0,3.6,10906.38,68.1
2025-12-09T11:54:59.547773Z,732,233,1.0,27.8,10906.32,68.1
2025-12-09T11:54:59.579132Z,726,234,1.0,38.9,10907.41,68.1
2025-12-09T11:54:59.611034Z,718,234,1.0,6.2,10908.27,68.2
2025-12-09T11:54:59.638360Z,712,234,1.0,12.5,10907.71,68.1
2025-12-09T11:54:59.673219Z,707,234,1.0,50.0,10907.64,68.1
2025-12-09T11:54:59.702140Z,703,234,1.0,31.2,10908.4,68.2
2025-12-09T11:54:59.737051Z,698,236,1.0,31.2,10911.98,68.2
2025-12-09T11:54:59.771998Z,693,236,1.0,82.4,10921.34,68.2
2025-12-09T11:54:59.798730Z,689,235,1.0,68.8,10927.99,68.3
2025-12-09T11:54:59.829848Z,686,235,1.0,56.2,10928.86,68.3
2025-12-09T11:54:59.878794Z,682,235,1.0,0.0,10928.16,68.3
2025-12-09T11:54:59.913775Z,678,236,1.0,31.2,10946.21,68.4
2025-12-09T11:54:59.946612Z,675,238,1.0,31.6,10943.02,68.4
2025-12-09T11:54:59.973326Z,673,239,1.0,7.7,10947.14,68.4
2025-12-09T11:55:00.007252Z,672,240,1.0,37.5,10942.97,68.4
2025-12-09T11:55:00.039115Z,671,240,0.99,25.0,10942.4,68.4
2025-12-09T11:55:00.073063Z,671,239,0.99,43.5,10942.89,68.4
2025-12-09T11:55:00.106934Z,672,238,1.0,38.9,10938.68,68.3
2025-12-09T11:55:00.134857Z,673,237,1.0,35.7,10935.43,68.3
2025-12-09T11:55:00.167772Z,673,237,1.0,27.8,10935.04,68.3
2025-12-09T11:55:00.198686Z,670,239,1.0,18.8,10935.71,68.3
2025-12-09T11:55:00.230656Z,668,240,1.0,18.8,10935.75,68.3
2025-12-09T11:55:00.285535Z,665,240,1.0,41.7,10945.95,68.4
2025-12-09T11:55:00.313460Z,664,238,1.0,68.8,10939.32,68.3
2025-12-09T11:55:00.342452Z,663,238,1.0,56.2,10931.27,68.3
2025-12-09T11:55:00.382464Z,662,237,1.0,50.0,10931.42,68.3
2025-12-09T11:55:00.412067Z,660,238,1.0,56.2,10931.3,68.3
2025-12-09T11:55:00.443988Z,659,238,1.0,18.8,10927.71,68.3
2025-12-09T11:55:00.470616Z,658,238,1.0,62.5,10927.69,68.3
2025-12-09T11:55:00.506564Z,655,237,1.0,6.2,10927.7,68.3
2025-12-09T11:55:00.542243Z,653,237,1.0,8.7,10927.77,68.3
2025-12-09T11:55:00.571215Z,652,238,1.0,0.0,10927.59,68.3
2025-12-09T11:55:00.607674Z,652,239,1.0,20.8,10927.36,68.3
2025-12-09T11:55:00.633997Z,653,238,1.0,0.0,10927.36,68.3
2025-12-09T11:55:00.686573Z,654,239,1.0,15.6,10927.85,68.3
2025-12-09T11:55:00.710270Z,654,239,1.0,0.0,10927.59,68.3
2025-12-09T11:55:00.743108Z,653,239,1.0,9.5,10927.71,68.3
2025-12-09T11:55:00.777730Z,652,237,1.0,10.5,10927.41,68.3
2025-12-09T11:55:00.805950Z,653,236,1.0,7.7,10927.28,68.3
2025-12-09T11:55:00.839344Z,653,236,1.0,10.5,10927.3,68.3
2025-12-09T11:55:00.870936Z,655,236,1.0,6.2,10927.37,68.3
2025-12-09T11:55:00.903538Z,656,236,1.0,25.0,10927.3,68.3
2025-12-09T11:55:00.938957Z,657,236,1.0,50.0,10927.36,68.3
2025-12-09T11:55:00.968384Z,658,235,1.0,50.0,10927.33,68.3
2025-12-09T11:55:01.000782Z,658,234,1.0,0.0,10938.43,68.3
2025-12-09T11:55:01.030189Z,658,235,1.0,6.2,10940.45,68.4
2025-12-09T11:55:01.080154Z,657,236,1.0,0.0,10938.12,68.3
2025-12-09T11:55:01.114704Z,656,237,1.0,12.5,10937.32,68.3
2025-12-09T11:55:01.144551Z,656,236,1.0,17.6,10940.04,68.3
2025-12-09T11:55:01.176113Z,655,235,1.0,17.6,10935.66,68.3
2025-12-09T11:55:01.207968Z,655,235,1.0,6.2,10936.25,68.3
2025-12-09T11:55:01.238475Z,653,237,1.0,6.2,10933.99,68.3
2025-12-09T11:55:01.275862Z,648,240,1.0,12.5,10930.9,68.3
2025-12-09T11:55:01.302835Z,641,243,1.0,0.0,10927.96,68.3
2025-12-09T11:55:01.334797Z,635,245,1.0,35.3,10927.14,68.3
2025-12-09T11:55:01.367253Z,631,247,0.99,6.2,10926.38,68.3
2025-12-09T11:55:01.399526Z,626,248,0.99,5.0,10925.98,68.3
2025-12-09T11:55:01.450517Z,620,248,1.0,7.1,10925.57,68.3
2025-12-09T11:55:01.480321Z,615,250,1.0,6.2,10925.74,68.3
2025-12-09T11:55:01.510629Z,610,251,1.0,6.2,10925.66,68.3
2025-12-09T11:55:01.550038Z,607,254,1.0,25.0,10926.05,68.3
2025-12-09T11:55:01.574478Z,605,254,1.0,18.8,10926.1,68.3
2025-12-09T11:55:01.612362Z,603,255,1.0,0.0,10926.05,68.3
2025-12-09T11:55:01.643059Z,601,256,1.0,43.8,10926.27,68.3
2025-12-09T11:55:01.672903Z,599,257,0.958,50.0,10926.28,68.3
2025-12-09T11:55:01.703960Z,598,257,0.99,50.0,10926.16,68.3
2025-12-09T11:55:01.735397Z,596,256,0.99,50.0,10926.27,68.3
2025-12-09T11:55:01.771130Z,595,255,1.0,17.6,10926.3,68.3
2025-12-09T11:55:01.798606Z,594,256,1.0,17.6,10926.88,68.3
2025-12-09T11:55:01.847290Z,594,256,1.0,0.0,10926.87,68.3
2025-12-09T11:55:01.878902Z,592,257,0.968,50.0,10927.6,68.3
2025-12-09T11:55:01.909120Z,591,257,1.0,6.2,10927.68,68.3
2025-12-09T11:55:01.946726Z,590,258,1.0,30.0,10927.47,68.3
2025-12-09T11:55:01.974489Z,590,261,0.99,0.0,10928.19,68.3
2025-12-09T11:55:02.005719Z,590,262,1.0,12.5,10928.21,68.3
2025-12-09T11:55:02.040645Z,590,262,1.0,20.0,10928.33,68.3
2025-12-09T11:55:02.072074Z,589,262,0.968,0.0,10928.34,68.3
2025-12-09T11:55:02.107900Z,588,263,1.0,33.3,10928.73,68.3
2025-12-09T11:55:02.133608Z,587,265,1.0,0.0,10928.6,68.3
2025-12-09T11:55:02.166145Z,587,265,1.0,16.7,10929.47,68.3
2025-12-09T11:55:02.200216Z,587,263,1.0,5.9,10929.4,68.3
2025-12-09T11:55:02.247187Z,587,260,1.0,4.2,10930.07,68.3
2025-12-09T11:55:02.282249Z,587,259,1.0,50.0,10929.71,68.3
2025-12-09T11:55:02.311166Z,589,260,1.0,43.8,10929.71,68.3
2025-12-09T11:55:02.343115Z,590,262,1.0,0.0,10930.12,68.3
2025-12-09T11:55:02.373989Z,590,263,1.0,6.2,10930.17,68.3
2025-12-09T11:55:02.406074Z,588,265,1.0,50.0,10930.32,68.3
2025-12-09T11:55:02.442378Z,587,266,1.0,6.2,10931.03,68.3
2025-12-09T11:55:02.469704Z,586,266,1.0,17.6,10940.54,68.4
2025-12-09T11:55:02.503294Z,586,263,0.949,0.0,10938.54,68.3
2025-12-09T11:55:02.566146Z,586,260,0.99,28.1,10938.03,68.3
2025-12-09T11:55:02.584100Z,609,273,0.99,37.5,10937.38,68.3
2025-12-09T11:55:02.604871Z,652,301,1.0,35.7,10937.05,68.3
2025-12-09T11:55:02.648031Z,714,342,1.0,0.0,10937.95,68.3
2025-12-09T11:55:02.680353Z,769,377,0.98,6.2,10935.77,68.3
2025-12-09T11:55:02.713185Z,817,409,0.99,15.0,10935.6,68.3
2025-12-09T11:55:02.743519Z,861,437,1.0,7.1,10934.07,68.3
2025-12-09T11:55:02.779291Z,902,465,1.0,18.2,10932.9,68.3
2025-12-09T11:55:02.809521Z,940,490,0.958,23.5,10932.72,68.3
2025-12-09T11:55:02.838420Z,973,512,1.0,0.0,10932.78,68.3
2025-12-09T11:55:02.871407Z,1003,532,1.0,5.9,10932.86,68.3
2025-12-09T11:55:02.904533Z,1004,549,1.0,6.2,10932.82,68.3
2025-12-09T11:55:02.940359Z,983,565,1.0,0.0,10932.55,68.3
2025-12-09T11:55:02.968887Z,942,580,1.0,12.5,10932.54,68.3
2025-12-09T11:55:03.014920Z,903,593,1.0,12.5,10932.47,68.3
2025-12-09T11:55:03.046323Z,865,604,1.0,12.5,10932.56,68.3
2025-12-09T11:55:03.079102Z,828,613,1.0,50.0,10932.62,68.3
2025-12-09T11:55:03.115027Z,780,618,1.0,0.0,10932.54,68.3
2025-12-09T11:55:03.143653Z,721,620,1.0,6.2,10932.57,68.3
2025-12-09T11:55:03.176278Z,649,621,1.0,31.2,10932.66,68.3
2025-12-09T11:55:03.207905Z,585,620,1.0,50.0,10932.83,68.3
2025-12-09T11:55:03.240100Z,527,621,1.0,50.0,10932.77,68.3
2025-12-09T11:55:03.276144Z,474,621,1.0,29.2,10932.73,68.3
2025-12-09T11:55:03.309354Z,427,626,1.0,25.0,10925.71,68.3
2025-12-09T11:55:03.334318Z,385,630,1.0,25.0,10919.73,68.2
2025-12-09T11:55:03.368530Z,347,633,1.0,8.3,10919.73,68.2
2025-12-09T11:55:03.415179Z,312,629,1.0,5.6,10919.78,68.2
2025-12-09T11:55:03.450015Z,281,625,1.0,13.6,10920.11,68.2
2025-12-09T11:55:03.480035Z,254,623,1.0,12.5,10920.2,68.2
2025-12-09T11:55:03.511276Z,228,617,1.0,6.2,10920.23,68.2
2025-12-09T11:55:03.544655Z,214,609,1.0,20.0,10920.18,68.2
2025-12-09T11:55:03.576024Z,210,605,1.0,35.3,10920.5,68.2
2025-12-09T11:55:03.613070Z,222,606,1.0,0.0,10919.59,68.2
2025-12-09T11:55:03.639591Z,244,612,1.0,12.5,10920.07,68.2
2025-12-09T11:55:03.671920Z,275,616,1.0,6.2,10919.86,68.2
2025-12-09T11:55:03.704589Z,296,624,1.0,31.2,10920.41,68.2
2025-12-09T11:55:03.734356Z,299,632,1.0,50.0,10920.51,68.2
2025-12-09T11:55:03.771679Z,284,639,1.0,18.8,10920.46,68.2
2025-12-09T11:55:03.852130Z,264,640,1.0,52.5,10931.29,68.3
2025-12-09T11:55:03.873075Z,244,641,1.0,62.5,10926.45,68.3
2025-12-09T11:55:03.894018Z,224,642,1.0,100.0,10920.13,68.2
2025-12-09T11:55:03.913963Z,204,649,1.0,100.0,10916.27,68.2
2025-12-09T11:55:03.949867Z,193,656,1.0,50.0,10922.83,68.2
2025-12-09T11:55:03.975798Z,198,662,1.0,37.5,10915.64,68.2
2025-12-09T11:55:04.008710Z,220,667,1.0,31.2,10903.73,68.1
2025-12-09T11:55:04.040625Z,251,672,1.0,25.0,10894.03,68.1
2025-12-09T11:55:04.073536Z,293,673,1.0,70.6,10883.76,68.0
2025-12-09T11:55:04.109440Z,333,674,1.0,37.5,10875.66,67.9
2025-12-09T11:55:04.139404Z,371,675,1.0,43.8,10874.73,67.9
2025-12-09T11:55:04.167285Z,400,673,1.0,35.3,10864.13,67.9
2025-12-09T11:55:04.215350Z,431,672,1.0,20.0,10847.74,67.8
2025-12-09T11:55:04.259723Z,455,665,1.0,11.8,10846.67,67.8
2025-12-09T11:55:04.300029Z,469,664,1.0,26.9,10847.15,67.8
2025-12-09T11:55:04.333279Z,458,659,1.0,29.4,10846.65,67.8
2025-12-09T11:55:04.356463Z,430,660,1.0,12.5,10846.54,67.8
2025-12-09T11:55:04.376739Z,388,661,1.0,12.5,10846.7,67.8
2025-12-09T11:55:04.413332Z,350,663,1.0,0.0,10846.65,67.8
2025-12-09T11:55:04.444283Z,315,665,1.0,6.2,10846.0,67.8
2025-12-09T11:55:04.474318Z,284,666,1.0,12.5,10842.77,67.7
2025-12-09T11:55:04.506310Z,256,665,1.0,18.8,10842.88,67.7
2025-12-09T11:55:04.535940Z,231,664,1.0,18.8,10842.82,67.7
2025-12-09T11:55:04.583817Z,208,660,1.0,16.7,10842.89,67.7
2025-12-09T11:55:04.615312Z,187,660,1.0,12.5,10840.06,67.7
2025-12-09T11:55:04.651550Z,169,658,1.0,13.6,10839.43,67.7
2025-12-09T11:55:04.681121Z,152,659,1.0,8.3,10840.91,67.7
2025-12-09T11:55:04.713625Z,138,659,1.0,0.0,10840.74,67.7
2025-12-09T11:55:04.744814Z,124,657,1.0,0.0,10840.77,67.7
2025-12-09T11:55:04.776307Z,112,655,1.0,6.2,10841.08,67.7
2025-12-09T11:55:04.813135Z,101,656,1.0,30.0,10840.97,67.7
2025-12-09T11:55:04.839586Z,91,662,1.0,12.5,10841.36,67.7
2025-12-09T11:55:04.872891Z,83,667,1.0,6.2,10841.7,67.7
2025-12-09T11:55:04.905577Z,75,672,1.0,6.2,10841.94,67.7
2025-12-09T11:55:04.942386Z,68,677,1.0,0.0,10841.84,67.7
2025-12-09T11:55:04.987033Z,61,680,1.0,20.8,10842.45,67.7
2025-12-09T11:55:05.015048Z,55,684,1.0,12.5,10842.34,67.7
2025-12-09T11:55:05.047960Z,50,687,1.0,25.0,10847.64,67.8
2025-12-09T11:55:05.079673Z,46,690,1.0,56.2,10847.13,67.8
2025-12-09T11:55:05.110779Z,41,693,1.0,50.0,10846.14,67.8
2025-12-09T11:55:05.147152Z,38,695,1.0,6.2,10843.73,67.7
2025-12-09T11:55:05.175755Z,34,696,1.0,23.5,10843.59,67.7
2025-12-09T11:55:05.207579Z,31,698,1.0,6.2,10843.71,67.7
2025-12-09T11:55:05.242057Z,28,699,1.0,6.2,10843.5,67.7
2025-12-09T11:55:05.272635Z,26,701,1.0,12.5,10843.61,67.7
2025-12-09T11:55:05.308078Z,24,702,1.0,33.3,10843.38,67.7
2025-12-09T11:55:05.337859Z,22,700,1.0,12.5,10843.47,67.7
2025-12-09T11:55:05.382514Z,20,698,1.0,4.2,10843.43,67.7
2025-12-09T11:55:05.415196Z,18,696,1.0,11.1,10843.47,67.7
2025-12-09T11:55:05.448104Z,17,697,1.0,10.0,10843.48,67.7
2025-12-09T11:55:05.482238Z,15,699,1.0,11.1,10842.67,67.7
2025-12-09T11:55:05.511520Z,14,699,1.0,6.7,10842.79,67.7
2025-12-09T11:55:05.543492Z,13,696,1.0,11.8,10842.79,67.7
2025-12-09T11:55:05.579813Z,12,693,1.0,62.5,10842.8,67.7
2025-12-09T11:55:05.610486Z,11,693,1.0,6.2,10842.9,67.7
2025-12-09T11:55:05.643219Z,10,695,1.0,0.0,10842.86,67.7
2025-12-09T11:55:05.672318Z,10,695,1.0,33.3,10841.48,67.7
2025-12-09T11:55:05.703765Z,9,695,1.0,5.9,10841.32,67.7
2025-12-09T11:55:05.737476Z,9,695,1.0,0.0,10841.21,67.7
2025-12-09T11:55:05.783318Z,8,692,1.0,37.5,10841.15,67.7
2025-12-09T11:55:05.820589Z,8,689,1.0,35.3,10841.42,67.7
2025-12-09T11:55:05.848264Z,7,681,1.0,23.5,10841.68,67.7
2025-12-09T11:55:05.880806Z,7,680,1.0,50.0,10841.75,67.7
2025-12-09T11:55:05.910448Z,6,678,1.0,6.2,10841.95,67.7
2025-12-09T11:55:05.942811Z,6,682,1.0,52.9,10842.41,67.7
2025-12-09T11:55:05.978471Z,6,684,1.0,23.5,10842.12,67.7
2025-12-09T11:55:06.009143Z,6,686,1.0,6.2,10842.14,67.7
2025-12-09T11:55:06.038746Z,18,688,0.949,12.5,10842.16,67.7
2025-12-09T11:55:06.071831Z,51,691,0.601,25.0,10842.26,67.7
2025-12-09T11:55:06.103982Z,123,671,0.963,14.3,10842.45,67.7
2025-12-09T11:55:06.154761Z,218,630,1.0,7.4,10842.39,67.7
2025-12-09T11:55:06.182153Z,323,583,1.0,6.2,10842.63,67.7
2025-12-09T11:55:06.216486Z,418,549,1.0,6.2,10842.9,67.7
2025-12-09T11:55:06.248700Z,504,533,1.0,17.6,10847.73,67.8
2025-12-09T11:55:06.282267Z,581,520,1.0,50.0,10847.45,67.8
2025-12-09T11:55:06.314498Z,650,499,1.0,52.9,10845.92,67.8
2025-12-09T11:55:06.345453Z,712,474,1.0,50.0,10845.2,67.8
2025-12-09T11:55:06.376472Z,768,446,1.0,50.0,10844.7,67.8
2025-12-09T11:55:06.409060Z,819,424,1.0,50.0,10844.68,67.8
2025-12-09T11:55:06.440864Z,864,412,1.0,6.2,10844.64,67.8
2025-12-09T11:55:06.476356Z,905,398,1.0,12.5,10844.43,67.8
2025-12-09T11:55:06.504695Z,942,388,1.0,6.2,10844.61,67.8
2025-12-09T11:55:06.551007Z,975,374,1.0,4.2,10844.67,67.8
2025-12-09T11:55:06.583574Z,1005,355,1.0,23.5,10844.64,67.8
2025-12-09T11:55:06.614644Z,1032,340,1.0,12.5,10844.7,67.8
2025-12-09T11:55:06.650396Z,1056,322,1.0,19.0,10844.5,67.8
2025-12-09T11:55:06.685153Z,1078,315,1.0,5.3,10844.62,67.8
2025-12-09T11:55:06.716783Z,1097,316,1.0,6.2,10844.71,67.8
2025-12-09T11:55:06.744702Z,1115,336,1.0,7.7,10844.77,67.8
2025-12-09T11:55:06.776830Z,1131,354,1.0,10.5,10844.83,67.8
2025-12-09T11:55:06.813337Z,1145,374,1.0,52.9,10844.47,67.8
2025-12-09T11:55:06.838019Z,1158,392,1.0,10.0,10843.33,67.7
2025-12-09T11:55:06.869567Z,1169,421,1.0,11.1,10843.26,67.7
2025-12-09T11:55:06.905198Z,1180,451,1.0,5.3,10843.29,67.7
2025-12-09T11:55:06.952088Z,1189,468,1.0,4.0,10843.21,67.7
2025-12-09T11:55:06.987401Z,1198,484,1.0,0.0,10844.55,67.8
2025-12-09T11:55:07.015511Z,1205,498,1.0,12.5,10844.54,67.8
2025-12-09T11:55:07.048085Z,1212,518,1.0,50.0,10844.66,67.8
2025-12-09T11:55:07.079452Z,1218,531,1.0,52.9,10844.79,67.8
2025-12-09T11:55:07.112006Z,1224,541,1.0,0.0,10844.76,67.8
2025-12-09T11:55:07.148912Z,1229,545,1.0,18.8,10845.56,67.8
2025-12-09T11:55:07.177426Z,1233,543,1.0,6.2,10845.82,67.8
2025-12-09T11:55:07.207772Z,1237,534,1.0,6.2,10845.86,67.8
2025-12-09T11:55:07.239899Z,1241,526,1.0,47.1,10846.18,67.8
2025-12-09T11:55:07.271482Z,1244,528,1.0,12.5,10846.31,67.8
2025-12-09T11:55:07.308696Z,1247,535,1.0,16.7,10846.02,67.8
2025-12-09T11:55:07.353491Z,1250,543,1.0,0.0,10846.06,67.8
2025-12-09T11:55:07.385549Z,1252,551,1.0,14.3,10846.05,67.8
2025-12-09T11:55:07.416121Z,1254,549,1.0,0.0,10846.15,67.8
2025-12-09T11:55:07.449223Z,1256,552,1.0,5.3,10846.25,67.8
2025-12-09T11:55:07.483439Z,1258,552,1.0,13.3,10846.3,67.8
2025-12-09T11:55:07.513547Z,1259,556,1.0,5.9,10846.57,67.8
2025-12-09T11:55:07.545725Z,1261,558,1.0,43.8,10846.5,67.8
2025-12-09T11:55:07.577601Z,1262,563,1.0,41.2,10846.57,67.8
2025-12-09T11:55:07.607128Z,1263,576,1.0,6.2,10846.7,67.8
2025-12-09T11:55:07.644664Z,1264,589,1.0,0.0,10846.66,67.8
2025-12-09T11:55:07.672361Z,1265,596,1.0,12.5,10848.61,67.8
2025-12-09T11:55:07.720163Z,1266,602,1.0,0.0,10850.31,67.8
2025-12-09T11:55:07.751799Z,1267,605,1.0,0.0,10848.75,67.8
2025-12-09T11:55:07.784937Z,1267,613,1.0,11.8,10848.23,67.8
2025-12-09T11:55:07.820760Z,1268,608,1.0,37.5,10847.95,67.8
2025-12-09T11:55:07.854936Z,1269,600,1.0,20.8,10848.01,67.8
2025-12-09T11:55:07.907747Z,1269,581,0.883,66.7,10848.22,67.8
2025-12-09T11:55:07.930686Z,1270,552,0.765,81.8,10847.14,67.8
2025-12-09T11:55:07.950705Z,1270,508,0.735,7.7,10847.07,67.8
2025-12-09T11:55:07.980301Z,1270,458,0.833,13.3,10846.64,67.8
2025-12-09T11:55:08.011338Z,1271,412,0.81,5.9,10845.21,67.8
2025-12-09T11:55:08.041277Z,1271,372,0.828,15.4,10845.09,67.8
2025-12-09T11:55:08.071837Z,1271,335,0.758,40.0,10844.95,67.8
2025-12-09T11:55:08.120399Z,1271,302,0.698,3.7,10844.83,67.8
2025-12-09T11:55:08.155443Z,1272,272,0.687,11.1,10845.95,67.8
2025-12-09T11:55:08.189092Z,1272,252,0.623,6.7,10846.33,67.8
2025-12-09T11:55:08.216019Z,1272,234,0.578,16.7,10846.25,67.8
2025-12-09T11:55:08.247988Z,1272,229,0.532,6.2,10846.54,67.8
2025-12-09T11:55:08.278829Z,1272,217,0.537,6.2,10846.7,67.8
2025-12-09T11:55:08.315154Z,1272,206,0.494,17.6,10846.38,67.8
2025-12-09T11:55:08.344164Z,1272,187,0.546,0.0,10846.49,67.8
2025-12-09T11:55:08.375188Z,1273,172,0.548,6.2,10846.68,67.8
2025-12-09T11:55:08.403366Z,1273,159,0.595,6.2,10846.76,67.8
2025-12-09T11:55:08.441694Z,1273,148,0.55,0.0,10846.79,67.8
2025-12-09T11:55:08.473959Z,1273,136,0.572,56.2,10844.49,67.8
2025-12-09T11:55:08.520286Z,1273,125,0.552,4.2,10844.39,67.8
2025-12-09T11:55:08.550979Z,1273,115,0.488,37.5,10844.38,67.8
2025-12-09T11:55:08.584162Z,1273,110,0.445,68.8,10844.24,67.8
2025-12-09T11:55:08.615053Z,1273,118,0.57,6.2,10844.07,67.7
2025-12-09T11:55:08.650102Z,1273,125,0.546,52.6,10843.28,67.7
2025-12-09T11:55:08.678846Z,1273,125,0.509,0.0,10843.3,67.7
2025-12-09T11:55:08.711365Z,1273,113,0.525,6.2,10843.29,67.7
2025-12-09T11:55:08.744321Z,1247,125,0.53,13.6,10843.3,67.7
2025-12-09T11:55:08.775760Z,1203,161,0.56,0.0,10843.3,67.7
2025-12-09T11:55:08.798015Z,1141,216,0.592,72.7,10843.36,67.7
2025-12-09T11:55:08.839407Z,1070,266,1.0,4.2,10843.27,67.7
2025-12-09T11:55:08.871098Z,989,311,1.0,6.2,10843.22,67.7
2025-12-09T11:55:08.918657Z,896,351,1.0,19.2,10843.21,67.7
2025-12-09T11:55:08.951069Z,815,386,1.0,17.6,10843.24,67.7
2025-12-09T11:55:08.987639Z,737,417,1.0,11.8,10843.15,67.7
2025-12-09T11:55:09.015342Z,682,439,1.0,37.5,10843.18,67.7
2025-12-09T11:55:09.048549Z,636,461,1.0,50.0,10843.22,67.7
2025-12-09T11:55:09.077008Z,594,481,1.0,43.8,10849.29,67.8
2025-12-09T11:55:09.110425Z,540,502,1.0,25.0,10848.49,67.8
2025-12-09T11:55:09.145971Z,495,520,1.0,6.2,10845.25,67.8
2025-12-09T11:55:09.171559Z,459,533,1.0,12.5,10843.44,67.7
2025-12-09T11:55:09.189906Z,428,548,1.0,0.0,10843.04,67.7
2025-12-09T11:55:09.236426Z,400,561,1.0,8.0,10842.74,67.7
2025-12-09T11:55:09.286036Z,371,577,1.0,0.0,10842.6,67.7
2025-12-09T11:55:09.321722Z,345,590,1.0,37.5,10842.25,67.7
2025-12-09T11:55:09.357888Z,311,600,1.0,6.2,10842.8,67.7
2025-12-09T11:55:09.382326Z,281,608,1.0,0.0,10842.73,67.7
2025-12-09T11:55:09.415764Z,253,616,1.0,11.1,10843.07,67.7
2025-12-09T11:55:09.447520Z,228,625,1.0,0.0,10843.14,67.7
2025-12-09T11:55:09.482678Z,205,627,1.0,11.1,10843.69,67.7
2025-12-09T11:55:09.511994Z,211,630,1.0,5.9,10844.09,67.7
2025-12-09T11:55:09.542934Z,249,626,1.0,6.2,10844.55,67.8
2025-12-09T11:55:09.573379Z,312,618,1.0,12.5,10844.95,67.8
2025-12-09T11:55:09.594607Z,374,608,1.0,12.5,10844.96,67.8
2025-12-09T11:55:09.643347Z,430,604,1.0,0.0,10844.93,67.8
2025-12-09T11:55:09.687737Z,489,610,1.0,33.3,10844.91,67.8
2025-12-09T11:55:09.720487Z,551,615,1.0,0.0,10845.12,67.8
2025-12-09T11:55:09.752787Z,591,619,1.0,0.0,10845.24,67.8
2025-12-09T11:55:09.782560Z,592,620,1.0,50.0,10845.26,67.8
2025-12-09T11:55:09.822656Z,565,626,1.0,43.5,10867.25,67.9
2025-12-09T11:55:09.850582Z,530,630,1.0,10.0,10907.29,68.1
2025-12-09T11:55:09.880501Z,498,637,1.0,25.0,10911.01,68.2
2025-12-09T11:55:09.910045Z,457,644,1.0,18.8,10898.56,68.1
2025-12-09T11:55:09.942665Z,434,651,1.0,56.2,10885.86,68.0
2025-12-09T11:55:09.964995Z,435,658,1.0,18.8,10885.36,68.0
2025-12-09T11:55:09.984003Z,464,663,1.0,0.0,10885.37,68.0
2025-12-09T11:55:10.038843Z,488,668,1.0,0.0,10885.38,68.0
2025-12-09T11:55:10.086730Z,509,673,1.0,12.5,10885.05,68.0
2025-12-09T11:55:10.120475Z,519,677,1.0,5.0,10884.94,68.0
2025-12-09T11:55:10.156542Z,542,681,1.0,5.0,10883.84,68.0
2025-12-09T11:55:10.183549Z,566,684,1.0,12.5,10883.88,68.0
2025-12-09T11:55:10.215288Z,593,687,1.0,6.2,10883.88,68.0
2025-12-09T11:55:10.248168Z,586,690,1.0,17.6,10883.88,68.0
2025-12-09T11:55:10.281667Z,552,692,1.0,18.8,10883.88,68.0
2025-12-09T11:55:10.315274Z,498,695,1.0,23.5,10883.72,68.0
2025-12-09T11:55:10.344475Z,448,697,1.0,18.8,10881.64,68.0
2025-12-09T11:55:10.364435Z,404,699,1.0,0.0,10881.4,68.0
2025-12-09T11:55:10.383821Z,364,700,1.0,13.3,10881.26,68.0
2025-12-09T11:55:10.440661Z,328,702,1.0,36.0,10881.16,68.0
2025-12-09T11:55:10.493743Z,295,703,1.0,40.0,10880.39,68.0
2025-12-09T11:55:10.521065Z,266,704,1.0,6.7,10880.56,68.0
2025-12-09T11:55:10.551560Z,240,706,1.0,12.5,10881.44,68.0
2025-12-09T11:55:10.583651Z,218,706,1.0,12.5,10897.03,68.1
2025-12-09T11:55:10.615114Z,228,705,1.0,6.2,10895.94,68.1
2025-12-09T11:55:10.651263Z,280,696,1.0,32.0,10899.52,68.1
2025-12-09T11:55:10.680453Z,366,665,1.0,12.5,10895.58,68.1
2025-12-09T11:55:10.711831Z,457,623,1.0,6.2,10895.91,68.1
2025-12-09T11:55:10.731713Z,539,569,1.0,12.5,10892.43,68.1
2025-12-09T11:55:10.751660Z,612,528,1.0,0.0,10891.74,68.0
2025-12-09T11:55:10.776666Z,678,493,1.0,12.5,10889.77,68.0
2025-12-09T11:55:10.858028Z,738,470,1.0,17.5,10887.79,68.0
2025-12-09T11:55:10.888261Z,791,443,1.0,6.2,10887.25,68.0
2025-12-09T11:55:10.920494Z,839,411,1.0,14.3,10886.82,68.0
2025-12-09T11:55:10.951441Z,883,374,1.0,5.6,10886.56,68.0
2025-12-09T11:55:10.986367Z,922,348,1.0,0.0,10886.17,68.0
2025-12-09T11:55:11.014455Z,957,333,1.0,6.2,10886.12,68.0
2025-12-09T11:55:11.048304Z,989,334,1.0,55.6,10886.11,68.0
2025-12-09T11:55:11.080850Z,1017,341,1.0,68.8,10886.08,68.0
2025-12-09T11:55:11.111989Z,1043,347,1.0,50.0,10886.1,68.0
2025-12-09T11:55:11.133930Z,1066,347,1.0,18.2,10886.12,68.0
2025-12-09T11:55:11.154787Z,1087,341,1.0,7.7,10886.11,68.0
2025-12-09T11:55:11.175999Z,1105,335,1.0,0.0,10886.1,68.0
2025-12-09T11:55:11.258237Z,1122,320,1.0,20.0,10886.15,68.0
2025-12-09T11:55:11.291134Z,1137,297,1.0,18.2,10889.78,68.0
2025-12-09T11:55:11.326610Z,1151,271,1.0,40.0,10889.58,68.0
2025-12-09T11:55:11.352742Z,1163,257,1.0,0.0,10889.57,68.0
2025-12-09T11:55:11.383282Z,1174,252,1.0,6.2,10889.57,68.0
2025-12-09T11:55:11.415074Z,1184,251,1.0,11.1,10889.55,68.0
2025-12-09T11:55:11.447857Z,1193,254,1.0,10.0,10889.55,68.0
2025-12-09T11:55:11.482960Z,1201,264,1.0,11.1,10889.46,68.0
2025-12-09T11:55:11.512924Z,1208,267,1.0,6.2,10888.83,68.0
2025-12-09T11:55:11.532222Z,1215,260,1.0,100.0,10888.66,68.0
2025-12-09T11:55:11.551263Z,1221,250,1.0,12.5,10888.5,68.0
2025-12-09T11:55:11.576294Z,1226,263,1.0,55.6,10888.37,68.0
2025-12-09T11:55:11.661028Z,1231,278,1.0,2.5,10887.71,68.0
2025-12-09T11:55:11.688523Z,1235,297,1.0,56.2,10888.2,68.0
2025-12-09T11:55:11.720810Z,1239,311,1.0,6.2,10888.36,68.0
2025-12-09T11:55:11.752560Z,1242,333,1.0,0.0,10889.01,68.0
2025-12-09T11:55:11.788041Z,1245,350,1.0,6.2,10888.89,68.0
2025-12-09T11:55:11.820085Z,1248,362,1.0,35.3,10889.29,68.0
2025-12-09T11:55:11.847018Z,1251,368,1.0,37.5,10889.33,68.0
2025-12-09T11:55:11.879785Z,1253,368,1.0,50.0,10905.06,68.1
2025-12-09T11:55:11.912801Z,1255,358,1.0,50.0,10903.23,68.1
2025-12-09T11:55:11.931518Z,1257,347,1.0,18.8,10903.63,68.1
2025-12-09T11:55:11.953366Z,1259,342,1.0,12.5,10903.29,68.1
2025-12-09T11:55:11.979294Z,1260,338,1.0,25.0,10901.86,68.1
2025-12-09T11:55:12.054954Z,1261,339,1.0,56.2,10896.43,68.1
2025-12-09T11:55:12.087768Z,1263,338,1.0,25.0,10895.93,68.1
2025-12-09T11:55:12.120119Z,1264,343,1.0,8.3,10893.79,68.1
2025-12-09T11:55:12.153576Z,1265,341,1.0,13.3,10891.85,68.0
2025-12-09T11:55:12.184807Z,1266,339,1.0,12.5,10891.14,68.0
2025-12-09T11:55:12.214898Z,1266,341,1.0,6.2,10890.77,68.0
2025-12-09T11:55:12.247955Z,1267,336,1.0,11.8,10890.5,68.0
2025-12-09T11:55:12.280706Z,1268,341,1.0,20.0,10890.34,68.0
2025-12-09T11:55:12.303846Z,1268,347,1.0,0.0,10890.31,68.0
2025-12-09T11:55:12.331863Z,1269,355,1.0,31.2,10890.28,68.0
2025-12-09T11:55:12.350420Z,1269,367,1.0,75.0,10890.26,68.0
2025-12-09T11:55:12.374959Z,1226,383,1.0,12.5,10890.21,68.0
2025-12-09T11:55:12.460962Z,1146,407,1.0,20.0,10890.21,68.0
2025-12-09T11:55:12.497456Z,1032,427,1.0,21.7,10884.54,68.0
2025-12-09T11:55:12.517477Z,929,443,1.0,11.1,10884.3,68.0
2025-12-09T11:55:12.550910Z,836,460,1.0,18.8,10884.09,68.0
2025-12-09T11:55:12.586243Z,753,473,1.0,25.0,10883.96,68.0
2025-12-09T11:55:12.615250Z,678,485,1.0,6.2,10883.77,68.0
2025-12-09T11:55:12.651150Z,620,494,1.0,13.6,10882.71,68.0
2025-12-09T11:55:12.680157Z,578,496,1.0,0.0,10880.4,68.0
2025-12-09T11:55:12.700247Z,550,499,1.0,12.5,10880.16,68.0
2025-12-09T11:55:12.719471Z,521,510,1.0,100.0,10879.95,68.0
2025-12-09T11:55:12.743317Z,484,528,1.0,10.0,10879.84,68.0
2025-12-09T11:55:12.776373Z,441,546,1.0,4.5,10879.7,68.0
2025-12-09T11:55:12.858921Z,397,563,1.0,7.7,10879.81,68.0
2025-12-09T11:55:12.886562Z,358,578,1.0,5.9,10879.91,68.0
2025-12-09T11:55:12.920311Z,323,592,1.0,6.7,10881.17,68.0
2025-12-09T11:55:12.952017Z,291,604,1.0,6.7,10881.21,68.0
2025-12-09T11:55:12.987517Z,262,615,1.0,0.0,10881.03,68.0
2025-12-09T11:55:13.014881Z,236,625,1.0,56.2,10881.08,68.0
2025-12-09T11:55:13.048635Z,213,634,1.0,50.0,10881.04,68.0
2025-12-09T11:55:13.081707Z,192,642,1.0,18.8,10881.02,68.0
2025-12-09T11:55:13.103209Z,173,650,1.0,100.0,10881.02,68.0
2025-12-09T11:55:13.122967Z,156,656,1.0,23.5,10881.18,68.0
2025-12-09T11:55:13.148325Z,141,656,1.0,12.5,10881.2,68.0
2025-12-09T11:55:13.177266Z,136,656,0.903,6.2,10897.17,68.1
2025-12-09T11:55:13.258893Z,174,632,0.772,5.0,10896.71,68.1
2025-12-09T11:55:13.291523Z,250,593,0.735,11.1,10897.14,68.1
2025-12-09T11:55:13.328736Z,352,534,0.732,27.3,10897.33,68.1
2025-12-09T11:55:13.351203Z,444,481,0.752,0.0,10897.91,68.1
2025-12-09T11:55:13.383172Z,527,434,0.688,6.2,10893.51,68.1
2025-12-09T11:55:13.415129Z,602,391,0.722,11.1,10892.3,68.1
2025-12-09T11:55:13.447612Z,669,352,0.716,14.3,10889.55,68.0
2025-12-09T11:55:13.484847Z,729,317,0.716,11.8,10886.78,68.0
2025-12-09T11:55:13.506200Z,784,286,0.71,0.0,10885.74,68.0
2025-12-09T11:55:13.537175Z,833,258,0.733,6.2,10885.51,68.0
2025-12-09T11:55:13.563722Z,877,233,0.704,17.6,10885.12,68.0
2025-12-09T11:55:13.591864Z,916,210,0.733,6.2,10884.85,68.0
2025-12-09T11:55:13.658808Z,952,189,0.727,9.1,10884.52,68.0
2025-12-09T11:55:13.688191Z,984,171,0.733,31.2,10884.49,68.0
2025-12-09T11:55:13.720327Z,1013,171,0.793,50.0,10884.47,68.0
2025-12-09T11:55:13.753570Z,1039,179,0.862,0.0,10882.26,68.0
2025-12-09T11:55:13.783339Z,1063,200,0.885,6.2,10882.07,68.0
2025-12-09T11:55:13.820268Z,1084,206,0.887,37.5,10880.93,68.0
2025-12-09T11:55:13.847816Z,1103,207,0.913,25.0,10878.88,68.0
2025-12-09T11:55:13.867691Z,1120,196,0.913,100.0,10878.53,68.0
2025-12-09T11:55:13.887253Z,1135,184,0.925,12.5,10878.34,68.0
2025-12-09T11:55:13.911695Z,1149,168,0.9,0.0,10878.18,68.0
2025-12-09T11:55:13.944296Z,1161,155,0.939,17.6,10878.15,68.0
2025-12-09T11:55:13.993550Z,1173,141,0.953,24.1,10877.24,68.0
2025-12-09T11:55:14.056698Z,1183,130,0.939,0.0,10877.83,68.0
2025-12-09T11:55:14.090912Z,1192,122,0.94,21.1,10879.0,68.0
2025-12-09T11:55:14.122343Z,1200,115,0.927,12.5,10879.32,68.0
2025-12-09T11:55:14.155365Z,1207,108,0.968,12.5,10878.69,68.0
2025-12-09T11:55:14.185093Z,1214,103,0.927,6.2,10879.13,68.0
2025-12-09T11:55:14.217887Z,1220,101,0.968,0.0,10879.42,68.0
2025-12-09T11:55:14.248429Z,1225,99,0.996,12.5,10879.43,68.0
2025-12-09T11:55:14.269364Z,1230,93,0.94,0.0,10879.61,68.0
2025-12-09T11:55:14.289295Z,1234,84,0.953,100.0,10879.72,68.0
2025-12-09T11:55:14.314263Z,1238,77,0.982,37.5,10879.36,68.0
2025-12-09T11:55:14.343559Z,1242,71,0.98,18.8,10879.78,68.0
2025-12-09T11:55:14.391406Z,1245,65,0.953,33.3,10879.98,68.0
2025-12-09T11:55:14.457556Z,1248,60,0.996,25.0,10880.01,68.0
2025-12-09T11:55:14.491541Z,1250,55,0.996,12.5,10879.77,68.0
2025-12-09T11:55:14.521150Z,1253,51,0.982,6.2,10879.79,68.0
2025-12-09T11:55:14.550510Z,1255,48,1.0,6.2,10880.09,68.0
2025-12-09T11:55:14.584663Z,1257,49,1.0,31.2,10880.12,68.0
2025-12-09T11:55:14.614990Z,1258,48,1.0,6.2,10895.53,68.1
2025-12-09T11:55:14.649971Z,1260,47,0.98,16.7,10901.95,68.1
2025-12-09T11:55:14.669921Z,1261,43,0.98,7.7,10894.36,68.1
2025-12-09T11:55:14.689662Z,1262,40,0.98,0.0,10897.0,68.1
2025-12-09T11:55:14.712643Z,1264,38,1.0,11.1,10892.25,68.1
2025-12-09T11:55:14.742093Z,1265,36,0.98,0.0,10891.84,68.0
2025-12-09T11:55:14.790918Z,1265,33,1.0,7.7,10889.19,68.0
2025-12-09T11:55:14.858628Z,1266,30,0.98,5.3,10887.09,68.0
2025-12-09T11:55:14.890623Z,1267,28,0.993,6.2,10885.48,68.0
2025-12-09T11:55:14.924499Z,1268,25,1.0,11.8,10885.27,68.0
2025-12-09T11:55:14.951142Z,1268,25,0.975,6.2,10884.41,68.0
2025-12-09T11:55:14.988635Z,1269,24,1.0,6.2,10883.52,68.0
2025-12-09T11:55:15.015259Z,1269,23,0.975,56.2,10881.33,68.0
2025-12-09T11:55:15.047725Z,1270,21,0.975,52.9,10881.01,68.0
2025-12-09T11:55:15.068740Z,1270,20,0.975,44.4,10880.82,68.0
2025-12-09T11:55:15.089484Z,1270,18,0.988,25.0,10880.72,68.0
2025-12-09T11:55:15.112760Z,1271,17,1.0,22.2,10880.6,68.0
2025-12-09T11:55:15.162865Z,1271,16,0.988,8.3,10879.91,68.0
2025-12-09T11:55:15.190917Z,1271,14,1.0,6.2,10880.95,68.0
2025-12-09T11:55:15.255572Z,1271,13,1.0,18.8,10881.71,68.0
2025-12-09T11:55:15.289504Z,1272,13,1.0,6.2,10881.9,68.0
2025-12-09T11:55:15.324213Z,1272,12,1.0,25.0,10881.24,68.0
2025-12-09T11:55:15.354655Z,1272,27,1.0,6.2,10881.7,68.0
2025-12-09T11:55:15.384764Z,1272,57,1.0,10.0,10881.66,68.0
2025-12-09T11:55:15.414715Z,1272,108,1.0,0.0,10882.34,68.0
2025-12-09T11:55:15.439711Z,1272,160,1.0,12.5,10882.2,68.0
2025-12-09T11:55:15.478606Z,1273,214,1.0,100.0,10883.21,68.0
2025-12-09T11:55:15.503339Z,1273,259,1.0,0.0,10882.58,68.0
2025-12-09T11:55:15.528355Z,1273,301,1.0,13.3,10882.44,68.0
2025-12-09T11:55:15.560247Z,1263,339,0.99,11.8,10882.41,68.0
2025-12-09T11:55:15.591977Z,1211,375,1.0,6.2,10882.4,68.0
2025-12-09T11:55:15.659323Z,1123,405,1.0,0.0,10882.03,68.0
2025-12-09T11:55:15.688960Z,1011,434,1.0,58.8,10882.13,68.0
2025-12-09T11:55:15.721211Z,910,455,1.0,50.0,10882.11,68.0
2025-12-09T11:55:15.751863Z,819,476,1.0,50.0,10886.02,68.0
2025-12-09T11:55:15.783169Z,738,491,1.0,52.9,10900.61,68.1
2025-12-09T11:55:15.819073Z,666,508,1.0,43.8,10902.22,68.1
2025-12-09T11:55:15.840017Z,602,516,1.0,12.5,10901.89,68.1
2025-12-09T11:55:15.871289Z,544,526,1.0,14.3,10902.03,68.1
2025-12-09T11:55:15.899609Z,490,537,1.0,14.3,10901.95,68.1
2025-12-09T11:55:15.920567Z,443,554,1.0,8.3,10902.21,68.1
2025-12-09T11:55:15.960524Z,404,570,1.0,0.0,10902.25,68.1
2025-12-09T11:55:15.995549Z,387,583,1.0,13.0,10902.13,68.1
2025-12-09T11:55:16.054109Z,396,597,1.0,4.0,10915.67,68.2
2025-12-09T11:55:16.086687Z,438,602,1.0,6.2,10912.18,68.2
2025-12-09T11:55:16.121013Z,485,606,1.0,10.0,10914.08,68.2
2025-12-09T11:55:16.155005Z,522,610,1.0,10.0,10908.94,68.2
2025-12-09T11:55:16.182323Z,537,621,1.0,6.7,10904.84,68.1
2025-12-09T11:55:16.215458Z,537,630,1.0,5.9,10903.84,68.1
2025-12-09T11:55:16.237751Z,532,639,1.0,22.2,10902.67,68.1
2025-12-09T11:55:16.258693Z,523,646,1.0,12.5,10901.79,68.1
2025-12-09T11:55:16.280042Z,522,653,1.0,23.5,10901.32,68.1
2025-12-09T11:55:16.324440Z,525,659,1.0,33.3,10900.12,68.1
2025-12-09T11:55:16.358170Z,535,665,1.0,6.2,10899.61,68.1
2025-12-09T11:55:16.391635Z,543,666,1.0,25.0,10899.55,68.1
2025-12-09T11:55:16.457549Z,544,667,1.0,0.0,10899.57,68.1
2025-12-09T11:55:16.494691Z,540,668,1.0,37.5,10899.12,68.1
2025-12-09T11:55:16.518282Z,531,672,1.0,0.0,10897.69,68.1
2025-12-09T11:55:16.553285Z,524,677,1.0,6.2,10897.38,68.1
2025-12-09T11:55:16.584728Z,500,680,1.0,37.5,10897.3,68.1
2025-12-09T11:55:16.615226Z,463,684,1.0,12.5,10897.21,68.1
2025-12-09T11:55:16.638143Z,417,687,1.0,18.8,10897.16,68.1
2025-12-09T11:55:16.658117Z,379,690,1.0,100.0,10897.11,68.1
2025-12-09T11:55:16.680054Z,345,692,1.0,0.0,10897.1,68.1
2025-12-09T11:55:16.727233Z,315,695,1.0,8.3,10897.06,68.1
2025-12-09T11:55:16.758192Z,284,697,1.0,6.2,10897.42,68.1
2025-12-09T11:55:16.797916Z,256,696,1.0,17.4,10897.4,68.1
2025-12-09T11:55:16.856241Z,233,695,1.0,40.0,10897.28,68.1
2025-12-09T11:55:16.888145Z,212,692,1.0,25.0,10897.28,68.1
2025-12-09T11:55:16.921144Z,196,692,1.0,6.2,10897.28,68.1
2025-12-09T11:55:16.951364Z,181,693,1.0,6.2,10897.28,68.1
2025-12-09T11:55:16.988463Z,172,695,1.0,6.2,10897.26,68.1
2025-12-09T11:55:17.009363Z,165,697,1.0,62.5,10897.35,68.1
2025-12-09T11:55:17.029611Z,167,699,1.0,12.5,10897.35,68.1
2025-12-09T11:55:17.053885Z,170,700,1.0,12.5,10897.34,68.1
2025-12-09T11:55:17.085174Z,184,700,1.0,25.0,10897.38,68.1
2025-12-09T11:55:17.127748Z,198,700,1.0,4.2,10897.8,68.1
2025-12-09T11:55:17.162457Z,208,700,1.0,12.5,10897.73,68.1
2025-12-09T11:55:17.190729Z,208,702,1.0,6.2,10897.73,68.1
2025-12-09T11:55:17.258380Z,203,703,1.0,28.1,10897.74,68.1
2025-12-09T11:55:17.287264Z,204,704,1.0,17.6,10897.81,68.1
2025-12-09T11:55:17.323961Z,208,704,1.0,45.8,10897.21,68.1
2025-12-09T11:55:17.351731Z,221,704,1.0,0.0,10897.14,68.1
2025-12-09T11:55:17.386037Z,236,705,1.0,8.3,10899.77,68.1
2025-12-09T11:55:17.406326Z,250,706,1.0,25.0,10911.2,68.2
2025-12-09T11:55:17.429966Z,275,707,1.0,0.0,10908.41,68.2
2025-12-09T11:55:17.459232Z,320,707,1.0,6.2,10909.53,68.2
2025-12-09T11:55:17.481864Z,384,708,1.0,18.8,10908.38,68.2
2025-12-09T11:55:17.525475Z,444,709,1.0,8.3,10904.49,68.1
2025-12-09T11:55:17.559880Z,499,709,1.0,43.8,10905.52,68.1
2025-12-09T11:55:17.591783Z,540,710,1.0,35.3,10903.62,68.1
2025-12-09T11:55:17.658085Z,580,710,1.0,25.0,10902.32,68.1
2025-12-09T11:55:17.686659Z,613,710,1.0,6.2,10901.62,68.1
2025-12-09T11:55:17.721005Z,615,711,1.0,50.0,10901.35,68.1
2025-12-09T11:55:17.750968Z,586,711,1.0,50.0,10901.19,68.1
2025-12-09T11:55:17.783110Z,529,712,1.0,12.5,10900.23,68.1
2025-12-09T11:55:17.801994Z,476,712,1.0,12.5,10895.62,68.1
2025-12-09T11:55:17.821873Z,429,712,1.0,66.7,10895.17,68.1
2025-12-09T11:55:17.848069Z,387,713,1.0,12.5,10895.07,68.1
2025-12-09T11:55:17.879541Z,348,713,1.0,50.0,10895.04,68.1
2025-12-09T11:55:17.926970Z,314,713,1.0,37.0,10894.94,68.1
2025-12-09T11:55:17.963705Z,283,713,1.0,11.1,10894.91,68.1
2025-12-09T11:55:17.996681Z,255,714,1.0,9.1,10894.3,68.1
2025-12-09T11:55:18.054721Z,230,714,1.0,0.0,10894.21,68.1
2025-12-09T11:55:18.087116Z,207,714,1.0,12.5,10894.18,68.1
2025-12-09T11:55:18.121284Z,187,714,1.0,8.3,10893.79,68.1
2025-12-09T11:55:18.156183Z,168,711,1.0,12.5,10892.59,68.1
2025-12-09T11:55:18.183997Z,152,708,1.0,6.2,10892.57,68.1
2025-12-09T11:55:18.205397Z,138,705,1.0,100.0,10892.57,68.1
2025-12-09T11:55:18.241345Z,129,706,1.0,0.0,10892.57,68.1
2025-12-09T11:55:18.260855Z,121,707,1.0,12.5,10892.56,68.1
2025-12-09T11:55:18.296255Z,118,705,1.0,18.8,10892.54,68.1
2025-12-09T11:55:18.331011Z,112,704,1.0,37.5,10891.17,68.0
2025-12-09T11:55:18.364501Z,105,702,1.0,6.2,10890.92,68.0
2025-12-09T11:55:18.391477Z,95,704,1.0,50.0,10890.76,68.0
2025-12-09T11:55:18.455992Z,86,705,1.0,25.0,10890.68,68.0
2025-12-09T11:55:18.495740Z,78,706,1.0,45.8,10891.34,68.0
2025-12-09T11:55:18.518481Z,70,707,1.0,25.0,10891.44,68.0
2025-12-09T11:55:18.551352Z,64,708,1.0,50.0,10892.19,68.1
2025-12-09T11:55:18.571364Z,58,708,1.0,37.5,10892.07,68.0
2025-12-09T11:55:18.600245Z,52,709,1.0,18.8,10892.13,68.0
2025-12-09T11:55:18.620686Z,47,710,1.0,12.5,10892.25,68.1
2025-12-09T11:55:18.650118Z,43,710,1.0,12.5,10891.77,68.0
2025-12-09T11:55:18.696456Z,39,711,1.0,8.3,10891.73,68.0
2025-12-09T11:55:18.727414Z,35,711,1.0,0.0,10891.6,68.0
2025-12-09T11:55:18.758427Z,32,712,1.0,37.5,10906.74,68.1
2025-12-09T11:55:18.792395Z,29,712,1.0,12.5,10906.13,68.1
2025-12-09T11:55:18.855003Z,27,712,1.0,9.4,10903.89,68.1
2025-12-09T11:55:18.888456Z,24,713,1.0,18.8,10906.23,68.1
2025-12-09T11:55:18.921293Z,22,713,1.0,13.3,10901.67,68.1
2025-12-09T11:55:18.951219Z,20,713,1.0,6.2,10901.25,68.1
2025-12-09T11:55:18.975800Z,19,713,1.0,0.0,10898.61,68.1
2025-12-09T11:55:19.007192Z,17,714,1.0,12.5,10897.98,68.1
2025-12-09T11:55:19.038400Z,16,714,1.0,6.2,10896.73,68.1
2025-12-09T11:55:19.058345Z,15,714,1.0,25.0,10896.5,68.1
2025-12-09T11:55:19.097318Z,14,714,1.0,6.2,10895.96,68.1
2025-12-09T11:55:19.127292Z,13,714,1.0,31.2,10895.76,68.1
2025-12-09T11:55:19.163054Z,12,714,1.0,25.0,10895.02,68.1
2025-12-09T11:55:19.195863Z,11,715,1.0,6.2,10894.99,68.1
2025-12-09T11:55:19.256643Z,22,715,1.0,3.1,10894.98,68.1
2025-12-09T11:55:19.289564Z,71,715,1.0,6.2,10894.96,68.1
2025-12-09T11:55:19.324030Z,152,715,1.0,16.7,10894.82,68.1
2025-12-09T11:55:19.350883Z,252,714,1.0,12.5,10894.8,68.1
2025-12-09T11:55:19.370317Z,339,714,1.0,6.7,10894.79,68.1
2025-12-09T11:55:19.390248Z,414,714,1.0,11.1,10894.79,68.1
2025-12-09T11:55:19.416020Z,482,714,1.0,10.0,10894.79,68.1
2025-12-09T11:55:19.446890Z,551,705,1.0,6.2,10894.79,68.1
2025-12-09T11:55:19.498531Z,620,683,1.0,6.7,10891.98,68.0
2025-12-09T11:55:19.528497Z,686,645,1.0,6.2,10892.63,68.1
2025-12-09T11:55:19.558192Z,744,604,1.0,18.8,10892.73,68.1
2025-12-09T11:55:19.591848Z,797,565,1.0,6.2,10893.05,68.1
2025-12-09T11:55:19.659264Z,845,535,1.0,0.0,10893.15,68.1
2025-12-09T11:55:19.687716Z,888,515,1.0,75.0,10893.07,68.1
2025-12-09T11:55:19.720592Z,926,502,1.0,0.0,10893.39,68.1
2025-12-09T11:55:19.752601Z,961,501,1.0,6.2,10893.66,68.1
2025-12-09T11:55:19.772532Z,992,506,1.0,0.0,10894.64,68.1
2025-12-09T11:55:19.792854Z,1020,508,1.0,31.2,10895.13,68.1
2025-12-09T11:55:19.827762Z,1046,500,1.0,68.8,10895.32,68.1
2025-12-09T11:55:19.867013Z,1068,476,1.0,56.2,10895.59,68.1
2025-12-09T11:55:19.895895Z,1089,455,1.0,6.2,10894.95,68.1
2025-12-09T11:55:19.927858Z,1107,435,1.0,12.5,10894.92,68.1
2025-12-09T11:55:19.959967Z,1124,420,1.0,6.2,10894.91,68.1
2025-12-09T11:55:19.995500Z,1139,400,1.0,20.0,10908.71,68.2
2025-12-09T11:55:20.056079Z,1152,378,1.0,3.8,10905.77,68.1
2025-12-09T11:55:20.088039Z,1165,362,1.0,13.6,10907.8,68.1
2025-12-09T11:55:20.119751Z,1175,347,1.0,30.8,10902.56,68.1
2025-12-09T11:55:20.143049Z,1185,327,1.0,33.3,10902.73,68.1
2025-12-09T11:55:20.162995Z,1194,311,1.0,12.5,10901.38,68.1
2025-12-09T11:55:20.183013Z,1202,303,1.0,26.7,10899.38,68.1
2025-12-09T11:55:20.214830Z,1209,309,1.0,5.9,10898.15,68.1
2025-12-09T11:55:20.264140Z,1216,312,1.0,4.2,10897.58,68.1
2025-12-09T11:55:20.295426Z,1221,321,1.0,13.3,10896.72,68.1
2025-12-09T11:55:20.330344Z,1227,330,1.0,17.6,10895.44,68.1
2025-12-09T11:55:20.360105Z,1231,335,1.0,0.0,10895.45,68.1
2025-12-09T11:55:20.390732Z,1235,337,1.0,6.2,10895.37,68.1
2025-12-09T11:55:20.457772Z,1239,340,1.0,0.0,10889.05,68.0
2025-12-09T11:55:20.494793Z,1243,346,1.0,13.6,10887.27,68.0
2025-12-09T11:55:20.519740Z,1246,354,1.0,10.0,10879.21,68.0
2025-12-09T11:55:20.539685Z,1249,359,1.0,100.0,10878.78,68.0
2025-12-09T11:55:20.559649Z,1251,362,1.0,18.8,10878.57,68.0
2025-12-09T11:55:20.582515Z,1253,367,1.0,25.0,10878.42,68.0
2025-12-09T11:55:20.615063Z,1255,366,1.0,17.6,10878.36,68.0
2025-12-09T11:55:20.667436Z,1257,372,1.0,9.7,10877.42,68.0
2025-12-09T11:55:20.695706Z,1259,373,1.0,0.0,10878.33,68.0
2025-12-09T11:55:20.727985Z,1260,379,1.0,11.1,10878.38,68.0
2025-12-09T11:55:20.759918Z,1262,369,1.0,0.0,10878.58,68.0
2025-12-09T11:55:20.789845Z,1263,361,1.0,0.0,10878.95,68.0
2025-12-09T11:55:20.853858Z,1264,351,1.0,18.4,10878.69,68.0
2025-12-09T11:55:20.888294Z,1265,348,1.0,5.6,10878.75,68.0
2025-12-09T11:55:20.919460Z,1266,346,1.0,6.2,10878.96,68.0
2025-12-09T11:55:20.940789Z,1266,342,1.0,0.0,10878.9,68.0
2025-12-09T11:55:20.974519Z,1253,352,1.0,43.8,10879.22,68.0
2025-12-09T11:55:20.992971Z,1198,372,1.0,12.5,10879.04,68.0
2025-12-09T11:55:21.014289Z,1108,403,1.0,18.8,10879.23,68.0
2025-12-09T11:55:21.063935Z,1006,423,1.0,33.3,10879.67,68.0
2025-12-09T11:55:21.094228Z,924,437,1.0,64.7,10879.57,68.0
2025-12-09T11:55:21.127200Z,864,453,1.0,50.0,10879.77,68.0
2025-12-09T11:55:21.162136Z,809,474,1.0,12.5,10879.73,68.0
2025-12-09T11:55:21.191744Z,750,498,1.0,18.8,10879.72,68.0
2025-12-09T11:55:21.254386Z,685,520,1.0,3.1,10879.92,68.0
2025-12-09T11:55:21.287569Z,625,539,1.0,6.2,10879.91,68.0
2025-12-09T11:55:21.323434Z,582,557,1.0,33.3,10879.9,68.0
2025-12-09T11:55:21.343358Z,549,572,1.0,33.3,10879.96,68.0
2025-12-09T11:55:21.363511Z,527,586,1.0,0.0,10880.11,68.0
2025-12-09T11:55:21.382807Z,516,599,1.0,12.5,10880.16,68.0
2025-12-09T11:55:21.430608Z,513,611,1.0,4.2,10880.14,68.0
2025-12-09T11:55:21.463858Z,506,621,1.0,16.7,10882.75,68.0
2025-12-09T11:55:21.497579Z,503,631,1.0,13.3,10893.48,68.1
2025-12-09T11:55:21.527985Z,507,639,1.0,5.9,10901.31,68.1
2025-12-09T11:55:21.560508Z,527,647,1.0,31.2,10893.83,68.1
2025-12-09T11:55:21.591167Z,544,653,1.0,6.2,10897.84,68.1
2025-12-09T11:55:21.658523Z,539,659,1.0,0.0,10889.95,68.0
2025-12-09T11:55:21.688760Z,528,665,1.0,50.0,10888.23,68.0
2025-12-09T11:55:21.709749Z,515,670,1.0,0.0,10884.32,68.0
2025-12-09T11:55:21.728159Z,502,674,1.0,21.4,10884.75,68.0
2025-12-09T11:55:21.752176Z,473,679,1.0,0.0,10882.5,68.0
2025-12-09T11:55:21.783236Z,440,682,1.0,6.2,10882.28,68.0
2025-12-09T11:55:21.835917Z,423,685,1.0,25.0,10880.49,68.0
2025-12-09T11:55:21.863440Z,429,688,1.0,6.2,10878.91,68.0
2025-12-09T11:55:21.896670Z,454,691,1.0,58.8,10878.57,68.0
2025-12-09T11:55:21.927828Z,484,693,1.0,6.2,10878.38,68.0
2025-12-09T11:55:21.958807Z,505,695,1.0,6.2,10878.31,68.0
2025-12-09T11:55:21.995274Z,522,697,1.0,20.8,10877.41,68.0
2025-12-09T11:55:22.056472Z,544,699,1.0,3.8,10877.41,68.0
2025-12-09T11:55:22.090448Z,575,701,1.0,22.7,10877.5,68.0
2025-12-09T11:55:22.111347Z,605,702,1.0,12.5,10877.48,68.0
2025-12-09T11:55:22.130763Z,627,703,1.0,0.0,10877.45,68.0
2025-12-09T11:55:22.155573Z,639,704,1.0,18.8,10876.94,68.0
2025-12-09T11:55:22.184131Z,635,705,1.0,6.2,10876.94,68.0
2025-12-09T11:55:22.231459Z,619,706,1.0,4.2,10876.93,68.0
2025-12-09T11:55:22.264383Z,603,707,1.0,6.7,10876.92,68.0
2025-12-09T11:55:22.295929Z,587,708,1.0,11.8,10876.92,68.0
2025-12-09T11:55:22.331060Z,578,709,1.0,31.2,10876.67,68.0
2025-12-09T11:55:22.359564Z,563,709,1.0,56.2,10876.67,68.0
2025-12-09T11:55:22.391140Z,549,710,1.0,31.2,10876.66,68.0
2025-12-09T11:55:22.456898Z,529,710,1.0,0.0,10876.66,68.0
2025-12-09T11:55:22.493876Z,500,711,1.0,50.0,10876.57,68.0
2025-12-09T11:55:22.514489Z,461,711,1.0,10.0,10876.56,68.0
2025-12-09T11:55:22.534427Z,424,712,1.0,0.0,10876.56,68.0
2025-12-09T11:55:22.555314Z,391,712,1.0,100.0,10876.56,68.0
2025-12-09T11:55:22.582264Z,366,712,1.0,12.5,10876.56,68.0
2025-12-09T11:55:22.630494Z,334,713,1.0,12.0,10876.54,68.0
2025-12-09T11:55:22.666663Z,308,713,1.0,12.5,10879.41,68.0
2025-12-09T11:55:22.695106Z,285,713,1.0,0.0,10892.38,68.1
2025-12-09T11:55:22.728345Z,266,713,1.0,11.1,10891.55,68.0
2025-12-09T11:55:22.760568Z,246,714,1.0,0.0,10893.81,68.1
2025-12-09T11:55:22.790805Z,223,714,1.0,7.1,10889.19,68.0
2025-12-09T11:55:22.856663Z,217,714,1.0,13.2,10887.77,68.0
2025-12-09T11:55:22.889608Z,215,714,1.0,6.2,10889.29,68.0
2025-12-09T11:55:22.910594Z,214,714,1.0,22.2,10885.49,68.0
2025-12-09T11:55:22.937758Z,199,714,1.0,12.5,10884.79,68.0
2025-12-09T11:55:22.969906Z,190,714,1.0,50.0,10883.01,68.0
2025-12-09T11:55:23.001587Z,190,714,1.0,0.0,10881.04,68.0
2025-12-09T11:55:23.031122Z,201,715,1.0,6.2,10879.95,68.0
2025-12-09T11:55:23.063268Z,213,715,1.0,50.0,10879.96,68.0
2025-12-09T11:55:23.095495Z,227,715,1.0,68.8,10879.55,68.0
2025-12-09T11:55:23.127517Z,237,715,1.0,0.0,10879.26,68.0
2025-12-09T11:55:23.163224Z,237,715,1.0,6.2,10878.88,68.0
2025-12-09T11:55:23.191779Z,225,715,1.0,18.8,10878.84,68.0
2025-12-09T11:55:23.254412Z,205,715,1.0,25.0,10878.74,68.0
2025-12-09T11:55:23.276691Z,186,715,1.0,12.5,10878.75,68.0
2025-12-09T11:55:23.296284Z,169,715,1.0,55.6,10878.71,68.0
2025-12-09T11:55:23.325516Z,153,715,1.0,50.0,10878.59,68.0
2025-12-09T11:55:23.358381Z,140,715,1.0,6.2,10878.59,68.0
2025-12-09T11:55:23.399229Z,153,691,0.986,0.0,10878.59,68.0
2025-12-09T11:55:23.431580Z,207,646,0.917,13.6,10878.59,68.0
2025-12-09T11:55:23.464712Z,263,582,0.813,5.6,10878.59,68.0
2025-12-09T11:55:23.498496Z,314,525,0.767,12.5,10878.58,68.0
2025-12-09T11:55:23.528932Z,320,479,0.722,6.7,10878.58,68.0
2025-12-09T11:55:23.559609Z,347,438,0.716,17.6,10878.58,68.0
2025-12-09T11:55:23.591312Z,369,421,0.733,6.2,10878.58,68.0
2025-12-09T11:55:23.659724Z,419,399,0.755,6.2,10878.61,68.0
2025-12-09T11:55:23.679667Z,446,378,0.755,77.8,10878.74,68.0
2025-12-09T11:55:23.699627Z,468,341,0.718,12.5,10878.67,68.0
2025-12-09T11:55:23.720334Z,491,307,0.725,100.0,10878.67,68.0
2025-12-09T11:55:23.750262Z,527,277,0.725,50.0,10878.66,68.0
2025-12-09T11:55:23.799371Z,558,250,0.693,0.0,10879.17,68.0
2025-12-09T11:55:23.835259Z,591,225,0.71,18.8,10879.09,68.0
2025-12-09T11:55:23.863683Z,637,203,0.748,12.5,10878.82,68.0
2025-12-09T11:55:23.895781Z,701,183,0.742,50.0,10878.71,68.0
2025-12-09T11:55:23.927171Z,756,166,0.742,6.2,10878.6,68.0
2025-12-09T11:55:23.960166Z,782,149,0.767,17.6,10878.56,68.0
