timestamp,gaze_x,gaze_y,confidence,cpu_percent,memory_used_mb,memory_percent
2025-12-09T18:04:10.959315Z,751,312,1.0,16.2,11684.31,73.0
2025-12-09T18:04:10.981917Z,801,282,1.0,12.5,11694.83,73.1
2025-12-09T18:04:11.001098Z,817,259,1.0,0.0,11690.55,73.0
2025-12-09T18:04:11.023388Z,821,243,1.0,100.0,11695.63,73.1
2025-12-09T18:04:11.041301Z,818,224,1.0,18.8,11690.48,73.0
2025-12-09T18:04:11.063796Z,826,219,1.0,12.5,11695.55,73.1
2025-12-09T18:04:11.099717Z,818,213,1.0,17.6,11691.83,73.0
2025-12-09T18:04:11.127848Z,804,219,1.0,6.2,11693.86,73.1
2025-12-09T18:04:11.159857Z,791,216,1.0,50.0,11691.04,73.0
2025-12-09T18:04:11.192701Z,791,215,1.0,50.0,11694.52,73.1
2025-12-09T18:04:11.215712Z,798,217,1.0,12.5,11691.11,73.0
2025-12-09T18:04:11.233528Z,801,227,1.0,100.0,11694.99,73.1
2025-12-09T18:04:11.261703Z,800,229,1.0,12.5,11693.66,73.1
2025-12-09T18:04:11.291560Z,814,226,1.0,43.8,11693.57,73.1
2025-12-09T18:04:11.337183Z,819,222,1.0,31.2,11692.85,73.1
2025-12-09T18:04:11.367856Z,822,221,1.0,6.2,11694.54,73.1
2025-12-09T18:04:11.399861Z,816,213,1.0,11.1,11692.32,73.0
2025-12-09T18:04:11.437146Z,822,208,1.0,9.1,11692.46,73.0
2025-12-09T18:04:11.496677Z,832,205,1.0,3.2,11688.28,73.0
2025-12-09T18:04:11.529002Z,823,214,1.0,17.6,11686.61,73.0
2025-12-09T18:04:11.561624Z,791,215,1.0,41.2,11683.29,73.0
2025-12-09T18:04:11.596547Z,750,213,1.0,6.2,11686.39,73.0
2025-12-09T18:04:11.621952Z,718,205,1.0,12.5,11687.2,73.0
2025-12-09T18:04:11.652925Z,698,207,1.0,6.2,11686.1,73.0
2025-12-09T18:04:11.684857Z,688,212,1.0,6.2,11687.43,73.0
2025-12-09T18:04:11.705059Z,675,215,1.0,0.0,11685.34,73.0
2025-12-09T18:04:11.738708Z,663,220,1.0,6.2,11686.78,73.0
2025-12-09T18:04:11.773699Z,649,222,1.0,18.8,11685.47,73.0
2025-12-09T18:04:11.798710Z,640,224,1.0,37.5,11682.84,73.0
2025-12-09T18:04:11.864974Z,636,227,1.0,21.9,11682.63,73.0
2025-12-09T18:04:11.897546Z,639,226,1.0,6.2,11681.3,73.0
2025-12-09T18:04:11.932375Z,650,227,1.0,23.5,11679.91,73.0
2025-12-09T18:04:11.960371Z,658,227,1.0,12.5,11683.79,73.0
2025-12-09T18:04:11.993291Z,677,235,1.0,50.0,11687.32,73.0
2025-12-09T18:04:12.012609Z,698,248,1.0,21.4,11686.3,73.0
2025-12-09T18:04:12.043492Z,720,259,1.0,37.5,11688.53,73.0
2025-12-09T18:04:12.061825Z,738,261,1.0,37.5,11683.91,73.0
2025-12-09T18:04:12.109177Z,747,261,1.0,8.3,11685.86,73.0
2025-12-09T18:04:12.138316Z,752,265,1.0,6.7,11690.41,73.0
2025-12-09T18:04:12.169012Z,750,272,1.0,20.0,11687.0,73.0
2025-12-09T18:04:12.198993Z,749,273,1.0,5.6,11687.3,73.0
2025-12-09T18:04:12.235177Z,740,275,1.0,5.9,11688.13,73.0
2025-12-09T18:04:12.296523Z,718,269,1.0,9.4,11690.43,73.0
2025-12-09T18:04:12.328950Z,692,265,1.0,37.5,11685.55,73.0
2025-12-09T18:04:12.359650Z,674,261,1.0,6.2,11689.37,73.0
2025-12-09T18:04:12.379881Z,667,263,1.0,0.0,11686.55,73.0
2025-12-09T18:04:12.416619Z,669,256,1.0,24.0,11691.02,73.0
2025-12-09T18:04:12.435893Z,682,249,1.0,12.5,11684.71,73.0
2025-12-09T18:04:12.456716Z,703,233,1.0,0.0,11689.86,73.0
2025-12-09T18:04:12.503090Z,737,234,1.0,37.5,11685.44,73.0
2025-12-09T18:04:12.536624Z,761,228,1.0,18.8,11688.8,73.0
2025-12-09T18:04:12.568992Z,780,235,1.0,25.0,11686.24,73.0
2025-12-09T18:04:12.601684Z,780,235,1.0,25.0,11688.06,73.0
2025-12-09T18:04:12.631513Z,778,240,1.0,6.2,11683.86,73.0
2025-12-09T18:04:12.696376Z,779,246,1.0,6.1,11687.95,73.0
2025-12-09T18:04:12.729930Z,778,254,1.0,10.0,11683.84,73.0
2025-12-09T18:04:12.763839Z,774,265,1.0,15.8,11687.35,73.0
2025-12-09T18:04:12.789456Z,765,273,1.0,50.0,11686.85,73.0
2025-12-09T18:04:12.819713Z,764,283,1.0,29.4,11687.51,73.0
2025-12-09T18:04:12.839487Z,770,284,1.0,21.4,11686.1,73.0
2025-12-09T18:04:12.866195Z,773,279,1.0,0.0,11687.59,73.0
2025-12-09T18:04:12.903895Z,778,277,1.0,8.3,11685.46,73.0
2025-12-09T18:04:12.938334Z,782,271,1.0,52.9,11685.97,73.0
2025-12-09T18:04:12.969713Z,788,271,1.0,50.0,11685.42,73.0
2025-12-09T18:04:13.001204Z,785,271,1.0,0.0,11685.21,73.0
2025-12-09T18:04:13.031972Z,784,275,1.0,18.8,11683.27,73.0
2025-12-09T18:04:13.098655Z,784,276,1.0,27.3,11681.89,73.0
2025-12-09T18:04:13.128544Z,787,269,1.0,6.2,11681.33,73.0
2025-12-09T18:04:13.160507Z,782,265,1.0,50.0,11680.13,73.0
2025-12-09T18:04:13.181437Z,777,264,1.0,12.5,11679.15,73.0
2025-12-09T18:04:13.202327Z,773,266,1.0,12.5,11678.28,73.0
2025-12-09T18:04:13.223910Z,777,263,1.0,0.0,11677.17,73.0
2025-12-09T18:04:13.260858Z,789,263,1.0,12.5,11675.7,72.9
2025-12-09T18:04:13.305247Z,800,255,1.0,37.5,11675.12,72.9
2025-12-09T18:04:13.335166Z,799,255,1.0,12.5,11682.82,73.0
2025-12-09T18:04:13.366152Z,798,250,1.0,25.0,11687.13,73.0
2025-12-09T18:04:13.402017Z,799,251,1.0,8.3,11687.93,73.0
2025-12-09T18:04:13.436608Z,803,250,1.0,18.8,11684.55,73.0
2025-12-09T18:04:13.497112Z,803,254,1.0,3.1,11690.67,73.0
2025-12-09T18:04:13.527596Z,797,256,1.0,18.8,11685.65,73.0
2025-12-09T18:04:13.561497Z,795,255,1.0,43.8,11690.07,73.0
2025-12-09T18:04:13.582371Z,792,250,1.0,0.0,11684.65,73.0
2025-12-09T18:04:13.601626Z,795,247,1.0,12.5,11686.09,73.0
2025-12-09T18:04:13.625387Z,796,254,1.0,12.5,11679.95,73.0
2025-12-09T18:04:13.673948Z,793,266,1.0,0.0,11685.82,73.0
2025-12-09T18:04:13.709136Z,790,272,1.0,0.0,11681.01,73.0
2025-12-09T18:04:13.742106Z,787,270,1.0,6.2,11685.24,73.0
2025-12-09T18:04:13.772860Z,782,266,1.0,12.5,11688.96,73.0
2025-12-09T18:04:13.799621Z,774,268,1.0,18.8,11687.39,73.0
2025-12-09T18:04:13.831831Z,767,265,1.0,29.4,11688.22,73.0
2025-12-09T18:04:13.895741Z,767,259,1.0,25.0,11688.12,73.0
2025-12-09T18:04:13.931702Z,773,257,1.0,16.7,11689.2,73.0
2025-12-09T18:04:13.950646Z,780,261,1.0,7.1,11686.18,73.0
2025-12-09T18:04:13.967832Z,791,261,1.0,100.0,11688.27,73.0
2025-12-09T18:04:13.993449Z,798,263,1.0,10.0,11686.84,73.0
2025-12-09T18:04:14.024937Z,800,256,1.0,12.5,11687.36,73.0
2025-12-09T18:04:14.073068Z,798,262,1.0,10.0,11687.61,73.0
2025-12-09T18:04:14.106980Z,796,256,1.0,12.5,11688.34,73.0
2025-12-09T18:04:14.136261Z,793,260,1.0,6.7,11686.77,73.0
2025-12-09T18:04:14.167273Z,787,263,1.0,16.7,11687.21,73.0
2025-12-09T18:04:14.200772Z,782,268,1.0,6.2,11686.87,73.0
2025-12-09T18:04:14.267747Z,787,268,1.0,0.0,11687.72,73.0
2025-12-09T18:04:14.297292Z,797,260,1.0,62.5,11685.27,73.0
2025-12-09T18:04:14.328598Z,820,246,1.0,56.2,11686.75,73.0
2025-12-09T18:04:14.348719Z,844,229,1.0,0.0,11684.98,73.0
2025-12-09T18:04:14.367042Z,830,210,0.744,25.0,11685.26,73.0
2025-12-09T18:04:14.392954Z,784,189,0.833,6.2,11684.33,73.0
2025-12-09T18:04:14.427683Z,742,165,0.838,12.5,11683.75,73.0
2025-12-09T18:04:14.472605Z,728,156,1.0,4.2,11681.54,73.0
2025-12-09T18:04:14.504151Z,718,167,1.0,6.2,11681.49,73.0
2025-12-09T18:04:14.533912Z,694,186,1.0,12.5,11680.24,73.0
2025-12-09T18:04:14.569660Z,675,203,1.0,55.6,11679.19,73.0
2025-12-09T18:04:14.605373Z,666,210,1.0,20.0,11681.48,73.0
2025-12-09T18:04:14.631303Z,659,222,1.0,8.3,11686.28,73.0
2025-12-09T18:04:14.695188Z,657,226,1.0,6.2,11687.07,73.0
2025-12-09T18:04:14.728367Z,655,237,1.0,11.8,11686.79,73.0
2025-12-09T18:04:14.755054Z,652,244,1.0,6.7,11684.57,73.0
2025-12-09T18:04:14.783942Z,650,249,1.0,18.8,11688.29,73.0
2025-12-09T18:04:14.802958Z,651,247,1.0,100.0,11681.42,73.0
2025-12-09T18:04:14.825182Z,657,244,1.0,18.8,11685.97,73.0
2025-12-09T18:04:14.871989Z,661,244,1.0,12.0,11682.36,73.0
2025-12-09T18:04:14.904083Z,672,228,0.885,7.1,11683.68,73.0
2025-12-09T18:04:14.938527Z,679,212,0.805,0.0,11685.49,73.0
2025-12-09T18:04:14.967678Z,691,189,1.0,6.2,11688.33,73.0
2025-12-09T18:04:15.002518Z,703,187,1.0,0.0,11684.88,73.0
2025-12-09T18:04:15.032340Z,721,195,1.0,56.2,11689.1,73.0
2025-12-09T18:04:15.097484Z,737,217,1.0,15.2,11679.75,73.0
2025-12-09T18:04:15.131571Z,746,232,1.0,25.0,11678.66,73.0
2025-12-09T18:04:15.152117Z,750,239,1.0,12.5,11677.96,73.0
2025-12-09T18:04:15.171447Z,753,244,1.0,12.5,11679.59,73.0
2025-12-09T18:04:15.192705Z,757,250,1.0,0.0,11677.11,73.0
2025-12-09T18:04:15.239591Z,759,251,1.0,4.2,11680.33,73.0
2025-12-09T18:04:15.277184Z,762,243,1.0,45.8,11680.15,73.0
2025-12-09T18:04:15.305353Z,770,245,1.0,50.0,11678.26,73.0
2025-12-09T18:04:15.337208Z,777,244,1.0,35.3,11678.59,73.0
2025-12-09T18:04:15.368405Z,782,248,1.0,6.2,11677.63,73.0
2025-12-09T18:04:15.400395Z,781,247,1.0,12.5,11679.79,73.0
2025-12-09T18:04:15.463510Z,783,252,1.0,8.8,11676.07,72.9
2025-12-09T18:04:15.496113Z,788,253,1.0,4.5,11679.47,73.0
2025-12-09T18:04:15.514063Z,796,252,1.0,25.0,11675.88,72.9
2025-12-09T18:04:15.538997Z,798,252,1.0,22.2,11679.41,73.0
2025-12-09T18:04:15.559233Z,796,251,1.0,50.0,11676.13,72.9
2025-12-09T18:04:15.595582Z,787,250,1.0,11.8,11678.04,73.0
2025-12-09T18:04:15.641426Z,781,249,1.0,33.3,11674.9,72.9
2025-12-09T18:04:15.677643Z,777,253,1.0,0.0,11676.93,73.0
2025-12-09T18:04:15.705426Z,775,252,1.0,6.2,11673.64,72.9
2025-12-09T18:04:15.739999Z,781,251,1.0,12.5,11677.47,73.0
2025-12-09T18:04:15.772912Z,793,242,1.0,37.5,11684.05,73.0
2025-12-09T18:04:15.798886Z,780,228,0.745,43.8,11687.57,73.0
2025-12-09T18:04:15.864452Z,754,207,1.0,3.1,11689.49,73.0
2025-12-09T18:04:15.896369Z,719,200,1.0,18.8,11696.28,73.1
2025-12-09T18:04:15.927418Z,707,203,1.0,18.8,11696.74,73.1
2025-12-09T18:04:15.958422Z,695,215,1.0,6.2,11699.35,73.1
2025-12-09T18:04:15.987374Z,684,225,1.0,25.0,11693.13,73.1
2025-12-09T18:04:16.017054Z,675,233,1.0,12.5,11698.14,73.1
2025-12-09T18:04:16.039630Z,666,242,1.0,37.5,11692.67,73.1
2025-12-09T18:04:16.072145Z,663,249,1.0,12.5,11697.22,73.1
2025-12-09T18:04:16.109262Z,659,253,1.0,16.7,11700.46,73.1
2025-12-09T18:04:16.144884Z,661,248,1.0,0.0,11698.37,73.1
2025-12-09T18:04:16.169830Z,674,232,0.927,12.5,11699.4,73.1
2025-12-09T18:04:16.200994Z,689,219,0.743,17.6,11699.23,73.1
2025-12-09T18:04:16.231497Z,712,208,0.856,6.2,11697.8,73.1
2025-12-09T18:04:16.294976Z,712,207,1.0,6.5,11697.64,73.1
2025-12-09T18:04:16.313888Z,707,208,1.0,88.9,11700.47,73.1
2025-12-09T18:04:16.345874Z,691,215,1.0,0.0,11698.45,73.1
2025-12-09T18:04:16.376597Z,683,224,1.0,52.9,11699.68,73.1
2025-12-09T18:04:16.410963Z,679,235,1.0,0.0,11699.11,73.1
2025-12-09T18:04:16.446039Z,680,245,1.0,18.8,11699.7,73.1
2025-12-09T18:04:16.470920Z,685,250,1.0,6.2,11698.13,73.1
2025-12-09T18:04:16.503325Z,686,252,1.0,6.2,11699.35,73.1
2025-12-09T18:04:16.534114Z,683,254,1.0,50.0,11698.47,73.1
2025-12-09T18:04:16.569713Z,673,251,1.0,43.8,11699.04,73.1
2025-12-09T18:04:16.604436Z,669,253,1.0,41.2,11697.07,73.1
2025-12-09T18:04:16.631329Z,666,251,1.0,0.0,11698.91,73.1
2025-12-09T18:04:16.695919Z,666,251,1.0,3.1,11697.12,73.1
2025-12-09T18:04:16.715841Z,667,250,1.0,12.5,11698.43,73.1
2025-12-09T18:04:16.732796Z,673,249,1.0,28.6,11697.39,73.1
2025-12-09T18:04:16.764137Z,696,255,1.0,17.6,11698.16,73.1
2025-12-09T18:04:16.807648Z,728,259,1.0,29.2,11696.33,73.1
2025-12-09T18:04:16.840343Z,754,264,1.0,6.2,11697.47,73.1
2025-12-09T18:04:16.870362Z,763,263,1.0,6.2,11695.76,73.1
2025-12-09T18:04:16.904265Z,765,264,1.0,6.2,11695.9,73.1
2025-12-09T18:04:16.939611Z,767,263,1.0,0.0,11692.91,73.1
2025-12-09T18:04:16.973848Z,773,264,1.0,6.2,11693.48,73.1
2025-12-09T18:04:17.005467Z,778,259,1.0,6.2,11691.56,73.0
2025-12-09T18:04:17.064605Z,784,256,1.0,25.0,11691.31,73.0
2025-12-09T18:04:17.099482Z,787,254,1.0,12.5,11692.45,73.0
2025-12-09T18:04:17.119464Z,790,256,1.0,33.3,11694.95,73.1
2025-12-09T18:04:17.148559Z,785,259,1.0,0.0,11693.29,73.1
2025-12-09T18:04:17.167674Z,760,258,1.0,12.5,11694.92,73.1
2025-12-09T18:04:17.209532Z,717,264,1.0,0.0,11694.34,73.1
2025-12-09T18:04:17.239660Z,671,267,1.0,6.2,11692.85,73.1
2025-12-09T18:04:17.274615Z,636,273,1.0,29.2,11695.91,73.1
2025-12-09T18:04:17.304131Z,618,268,1.0,11.1,11701.06,73.1
2025-12-09T18:04:17.335794Z,607,267,1.0,25.0,11696.36,73.1
2025-12-09T18:04:17.367782Z,604,266,1.0,6.2,11701.91,73.1
2025-12-09T18:04:17.401737Z,600,269,1.0,8.7,11696.57,73.1
2025-12-09T18:04:17.435101Z,597,273,1.0,12.5,11699.53,73.1
2025-12-09T18:04:17.464023Z,596,273,1.0,5.9,11697.11,73.1
2025-12-09T18:04:17.496731Z,603,269,1.0,6.7,11700.33,73.1
2025-12-09T18:04:17.528452Z,620,263,1.0,11.8,11696.98,73.1
2025-12-09T18:04:17.560926Z,642,263,1.0,18.8,11701.0,73.1
2025-12-09T18:04:17.611378Z,660,266,1.0,0.0,11698.71,73.1
2025-12-09T18:04:17.646968Z,675,272,1.0,0.0,11699.22,73.1
2025-12-09T18:04:17.670312Z,680,267,1.0,13.3,11698.38,73.1
2025-12-09T18:04:17.704824Z,684,266,1.0,0.0,11700.01,73.1
2025-12-09T18:04:17.736494Z,680,263,1.0,0.0,11697.86,73.1
2025-12-09T18:04:17.770772Z,683,267,1.0,12.5,11698.19,73.1
2025-12-09T18:04:17.801464Z,697,264,1.0,56.2,11699.71,73.1
2025-12-09T18:04:17.830451Z,719,258,1.0,50.0,11700.75,73.1
2025-12-09T18:04:17.864547Z,746,254,1.0,6.2,11701.42,73.1
2025-12-09T18:04:17.896252Z,763,249,1.0,6.2,11700.59,73.1
2025-12-09T18:04:17.931416Z,767,247,1.0,12.5,11701.7,73.1
2025-12-09T18:04:17.960306Z,766,247,1.0,6.2,11699.43,73.1
2025-12-09T18:04:18.008641Z,752,255,1.0,4.2,11701.29,73.1
2025-12-09T18:04:18.040067Z,728,270,1.0,25.0,11699.5,73.1
2025-12-09T18:04:18.072569Z,705,286,1.0,50.0,11700.22,73.1
2025-12-09T18:04:18.108644Z,689,306,1.0,16.0,11697.91,73.1
2025-12-09T18:04:18.137546Z,686,323,1.0,6.2,11698.8,73.1
2025-12-09T18:04:18.167006Z,679,342,1.0,6.7,11696.59,73.1
2025-12-09T18:04:18.201094Z,677,361,1.0,16.7,11696.45,73.1
2025-12-09T18:04:18.233015Z,669,379,1.0,6.2,11694.99,73.1
2025-12-09T18:04:18.268446Z,662,392,1.0,6.2,11666.41,72.9
2025-12-09T18:04:18.296662Z,657,401,1.0,75.0,11664.29,72.9
2025-12-09T18:04:18.328473Z,654,410,1.0,17.6,11668.21,72.9
2025-12-09T18:04:18.377791Z,653,418,1.0,8.3,11672.64,72.9
2025-12-09T18:04:18.409344Z,648,424,1.0,50.0,11671.42,72.9
2025-12-09T18:04:18.444317Z,652,426,1.0,37.5,11671.9,72.9
2025-12-09T18:04:18.473605Z,660,428,1.0,6.2,11679.24,73.0
2025-12-09T18:04:18.505457Z,673,429,1.0,6.2,11672.24,72.9
2025-12-09T18:04:18.535516Z,679,429,1.0,12.5,11680.31,73.0
2025-12-09T18:04:18.566691Z,682,428,1.0,18.8,11672.51,72.9
2025-12-09T18:04:18.603565Z,676,426,1.0,22.2,11677.89,73.0
2025-12-09T18:04:18.631627Z,671,429,1.0,0.0,11675.07,72.9
2025-12-09T18:04:18.664676Z,670,433,1.0,6.2,11678.95,73.0
2025-12-09T18:04:18.696138Z,666,434,1.0,6.2,11673.94,72.9
2025-12-09T18:04:18.727319Z,660,439,1.0,6.2,11679.98,73.0
2025-12-09T18:04:18.777929Z,654,450,1.0,9.7,11677.24,73.0
2025-12-09T18:04:18.807983Z,655,467,1.0,29.4,11677.36,73.0
2025-12-09T18:04:18.839236Z,644,461,1.0,6.2,11675.6,72.9
2025-12-09T18:04:18.872704Z,646,459,1.0,6.7,11678.42,73.0
2025-12-09T18:04:18.907302Z,602,463,0.97,0.0,11674.94,72.9
2025-12-09T18:04:18.939759Z,545,487,1.0,0.0,11676.21,72.9
2025-12-09T18:04:18.969610Z,508,500,0.92,50.0,11677.7,73.0
2025-12-09T18:04:19.000618Z,498,503,0.944,0.0,11677.13,73.0
2025-12-09T18:04:19.033002Z,496,504,0.912,0.0,11676.13,72.9
2025-12-09T18:04:19.064146Z,479,497,0.93,43.8,11677.95,73.0
2025-12-09T18:04:19.098559Z,512,463,1.0,12.5,11677.7,73.0
2025-12-09T18:04:19.128052Z,576,442,1.0,6.2,11675.82,72.9
2025-12-09T18:04:19.175321Z,629,429,1.0,37.5,11676.54,73.0
2025-12-09T18:04:19.208869Z,640,452,1.0,6.2,11676.18,72.9
2025-12-09T18:04:19.239718Z,648,462,1.0,6.2,11675.07,72.9
2025-12-09T18:04:19.275689Z,649,459,1.0,20.8,11674.2,72.9
2025-12-09T18:04:19.304750Z,648,446,1.0,62.5,11675.68,72.9
2025-12-09T18:04:19.336654Z,640,422,1.0,6.2,11673.99,72.9
2025-12-09T18:04:19.368037Z,633,410,1.0,6.2,11674.13,72.9
2025-12-09T18:04:19.399495Z,634,396,1.0,11.1,11673.14,72.9
2025-12-09T18:04:19.436214Z,637,388,1.0,9.5,11668.81,72.9
2025-12-09T18:04:19.464303Z,645,378,1.0,6.2,11666.24,72.9
2025-12-09T18:04:19.496532Z,660,379,1.0,5.9,11666.51,72.9
2025-12-09T18:04:19.529420Z,676,384,1.0,12.5,11664.6,72.9
2025-12-09T18:04:19.575067Z,688,391,1.0,20.8,11664.21,72.9
2025-12-09T18:04:19.611029Z,698,391,1.0,0.0,11663.0,72.9
2025-12-09T18:04:19.642704Z,706,389,1.0,0.0,11663.79,72.9
2025-12-09T18:04:19.674670Z,710,388,1.0,12.5,11673.3,72.9
2025-12-09T18:04:19.703355Z,721,381,1.0,76.5,11673.8,72.9
2025-12-09T18:04:19.736719Z,728,373,1.0,0.0,11678.0,73.0
2025-12-09T18:04:19.771789Z,744,366,1.0,12.5,11676.31,72.9
2025-12-09T18:04:19.799912Z,749,366,1.0,6.2,11679.0,73.0
2025-12-09T18:04:19.831997Z,758,370,1.0,50.0,11675.98,72.9
2025-12-09T18:04:19.863811Z,755,377,1.0,12.5,11678.75,73.0
2025-12-09T18:04:19.895673Z,748,381,1.0,6.2,11675.67,72.9
2025-12-09T18:04:19.946046Z,733,379,1.0,29.2,11679.09,73.0
2025-12-09T18:04:19.976254Z,716,373,1.0,6.2,11676.17,72.9
2025-12-09T18:04:20.007685Z,703,364,1.0,6.2,11679.06,73.0
2025-12-09T18:04:20.041158Z,691,360,1.0,45.8,11674.77,72.9
2025-12-09T18:04:20.072775Z,689,358,1.0,0.0,11678.0,73.0
2025-12-09T18:04:20.108691Z,686,364,1.0,12.5,11675.77,72.9
2025-12-09T18:04:20.144543Z,688,361,1.0,0.0,11677.33,73.0
2025-12-09T18:04:20.167721Z,686,367,1.0,20.0,11674.85,72.9
2025-12-09T18:04:20.200284Z,687,375,1.0,5.9,11677.8,73.0
2025-12-09T18:04:20.231922Z,691,403,1.0,6.2,11674.91,72.9
2025-12-09T18:04:20.267395Z,698,432,1.0,0.0,11676.25,72.9
2025-12-09T18:04:20.296472Z,703,456,1.0,12.5,11675.54,72.9
2025-12-09T18:04:20.342893Z,706,461,1.0,30.8,11677.17,73.0
2025-12-09T18:04:20.376971Z,702,461,1.0,50.0,11675.36,72.9
2025-12-09T18:04:20.407858Z,702,461,1.0,0.0,11677.16,73.0
2025-12-09T18:04:20.443216Z,703,463,1.0,6.2,11675.79,72.9
2025-12-09T18:04:20.472910Z,709,462,1.0,6.2,11675.75,72.9
2025-12-09T18:04:20.504839Z,711,454,1.0,6.2,11675.26,72.9
2025-12-09T18:04:20.536409Z,715,446,1.0,6.2,11676.0,72.9
2025-12-09T18:04:20.568437Z,713,440,1.0,18.8,11674.65,72.9
2025-12-09T18:04:20.605513Z,715,432,1.0,20.8,11670.71,72.9
2025-12-09T18:04:20.631142Z,712,423,1.0,0.0,11670.4,72.9
2025-12-09T18:04:20.664845Z,710,409,1.0,6.2,11670.32,72.9
2025-12-09T18:04:20.697073Z,698,389,1.0,6.2,11669.36,72.9
2025-12-09T18:04:20.742862Z,687,357,1.0,12.5,11669.87,72.9
2025-12-09T18:04:20.779101Z,681,315,1.0,17.4,11671.84,72.9
2025-12-09T18:04:20.809577Z,678,280,1.0,23.5,11670.35,72.9
2025-12-09T18:04:20.839236Z,676,255,1.0,25.0,11670.62,72.9
2025-12-09T18:04:20.871352Z,674,245,1.0,6.2,11668.44,72.9
2025-12-09T18:04:20.904275Z,676,244,1.0,6.7,11668.46,72.9
2025-12-09T18:04:20.941458Z,683,248,1.0,0.0,11666.26,72.9
2025-12-09T18:04:20.967364Z,685,252,1.0,20.0,11670.59,72.9
2025-12-09T18:04:20.999313Z,689,252,1.0,18.8,11676.76,73.0
2025-12-09T18:04:21.032604Z,686,248,1.0,11.1,11674.95,72.9
2025-12-09T18:04:21.064572Z,694,248,1.0,25.0,11679.9,73.0
2025-12-09T18:04:21.099457Z,701,249,1.0,6.2,11679.19,73.0
2025-12-09T18:04:21.146363Z,704,256,1.0,4.2,11679.11,73.0
2025-12-09T18:04:21.174972Z,700,261,1.0,6.2,11677.95,73.0
2025-12-09T18:04:21.206894Z,696,266,1.0,6.2,11679.78,73.0
2025-12-09T18:04:21.240299Z,697,269,1.0,6.2,11676.96,73.0
2025-12-09T18:04:21.276449Z,710,269,1.0,12.5,11678.44,73.0
2025-12-09T18:04:21.311686Z,730,266,1.0,43.8,11678.74,73.0
2025-12-09T18:04:21.336972Z,750,265,1.0,0.0,11678.97,73.0
2025-12-09T18:04:21.371307Z,763,250,1.0,8.7,11677.95,73.0
2025-12-09T18:04:21.400173Z,758,236,1.0,9.1,11679.31,73.0
2025-12-09T18:04:21.436242Z,755,259,0.944,9.1,11679.42,73.0
2025-12-09T18:04:21.464144Z,743,319,0.817,6.2,11678.39,73.0
2025-12-09T18:04:21.512620Z,752,372,1.0,4.2,11678.96,73.0
2025-12-09T18:04:21.543920Z,772,394,1.0,13.3,11678.92,73.0
2025-12-09T18:04:21.575892Z,785,392,1.0,52.9,11678.49,73.0
2025-12-09T18:04:21.612701Z,774,389,1.0,0.0,11677.53,73.0
2025-12-09T18:04:21.640955Z,755,346,1.0,6.2,11679.34,73.0
2025-12-09T18:04:21.672231Z,748,309,1.0,50.0,11678.14,73.0
2025-12-09T18:04:21.703864Z,748,276,1.0,0.0,11678.35,73.0
2025-12-09T18:04:21.735615Z,748,272,1.0,0.0,11678.53,73.0
2025-12-09T18:04:21.772821Z,752,263,1.0,6.2,11675.24,72.9
2025-12-09T18:04:21.800719Z,757,259,1.0,12.5,11673.17,72.9
2025-12-09T18:04:21.832202Z,762,265,1.0,50.0,11674.18,72.9
2025-12-09T18:04:21.864631Z,766,274,1.0,6.2,11672.67,72.9
2025-12-09T18:04:21.912365Z,772,284,1.0,4.2,11673.09,72.9
2025-12-09T18:04:21.947118Z,780,289,1.0,18.8,11675.81,72.9
2025-12-09T18:04:21.979335Z,778,293,1.0,18.2,11676.2,72.9
2025-12-09T18:04:22.010701Z,775,293,1.0,17.6,11674.21,72.9
2025-12-09T18:04:22.039469Z,770,289,1.0,0.0,11674.77,72.9
2025-12-09T18:04:22.073236Z,765,285,1.0,13.0,11672.44,72.9
2025-12-09T18:04:22.107848Z,758,276,1.0,11.8,11671.39,72.9
2025-12-09T18:04:22.135742Z,748,266,1.0,6.2,11670.3,72.9
2025-12-09T18:04:22.170595Z,740,244,1.0,6.2,11669.74,72.9
2025-12-09T18:04:22.200382Z,727,240,1.0,6.2,11668.52,72.9
2025-12-09T18:04:22.233075Z,715,238,1.0,6.2,11668.01,72.9
2025-12-09T18:04:22.267916Z,718,233,1.0,0.0,11665.79,72.9
2025-12-09T18:04:22.313058Z,728,219,1.0,41.7,11666.78,72.9
2025-12-09T18:04:22.343976Z,743,211,1.0,12.5,11674.59,72.9
2025-12-09T18:04:22.376788Z,743,224,1.0,56.2,11677.31,73.0
2025-12-09T18:04:22.407507Z,745,235,1.0,11.8,11678.07,73.0
2025-12-09T18:04:22.442815Z,744,252,1.0,6.2,11675.25,72.9
2025-12-09T18:04:22.472094Z,754,258,0.977,6.2,11682.05,73.0
2025-12-09T18:04:22.503470Z,751,264,1.0,50.0,11676.29,72.9
2025-12-09T18:04:22.536969Z,754,260,1.0,23.5,11680.64,73.0
2025-12-09T18:04:22.567163Z,757,268,1.0,12.5,11677.17,73.0
2025-12-09T18:04:22.603313Z,767,278,1.0,31.2,11680.89,73.0
2025-12-09T18:04:22.635618Z,773,289,1.0,11.1,11675.55,72.9
2025-12-09T18:04:22.664638Z,774,296,1.0,0.0,11681.38,73.0
2025-12-09T18:04:22.712192Z,773,294,1.0,4.2,11676.23,72.9
2025-12-09T18:04:22.744510Z,775,292,1.0,9.5,11680.45,73.0
2025-12-09T18:04:22.780169Z,774,287,1.0,15.8,11676.0,72.9
2025-12-09T18:04:22.810657Z,768,289,1.0,41.2,11680.35,73.0
2025-12-09T18:04:22.841230Z,764,287,1.0,6.2,11676.34,72.9
2025-12-09T18:04:22.874396Z,765,288,1.0,6.2,11680.56,73.0
2025-12-09T18:04:22.904760Z,772,285,1.0,6.2,11676.74,73.0
2025-12-09T18:04:22.939915Z,771,281,1.0,11.8,11675.37,72.9
2025-12-09T18:04:22.967251Z,775,276,1.0,12.5,11672.79,72.9
2025-12-09T18:04:23.000773Z,774,271,1.0,6.2,11675.86,72.9
2025-12-09T18:04:23.032953Z,776,275,1.0,50.0,11672.07,72.9
2025-12-09T18:04:23.080305Z,775,269,1.0,4.2,11675.99,72.9
2025-12-09T18:04:23.116202Z,780,267,1.0,12.5,11679.23,73.0
2025-12-09T18:04:23.144584Z,785,261,1.0,6.2,11676.75,73.0
2025-12-09T18:04:23.176073Z,787,268,1.0,6.2,11678.77,73.0
2025-12-09T18:04:23.208495Z,792,264,1.0,12.5,11677.02,73.0
2025-12-09T18:04:23.239496Z,795,260,1.0,6.2,11677.42,73.0
2025-12-09T18:04:23.275397Z,796,252,1.0,16.7,11676.07,72.9
2025-12-09T18:04:23.304553Z,790,245,1.0,14.3,11677.49,73.0
2025-12-09T18:04:23.335976Z,781,243,1.0,29.4,11675.23,72.9
2025-12-09T18:04:23.366968Z,776,244,1.0,6.2,11675.37,72.9
2025-12-09T18:04:23.398968Z,771,251,1.0,6.2,11673.78,72.9
2025-12-09T18:04:23.436910Z,775,253,1.0,8.3,11672.62,72.9
2025-12-09T18:04:23.480136Z,768,254,1.0,4.3,11670.91,72.9
2025-12-09T18:04:23.513880Z,751,257,1.0,6.2,11670.82,72.9
2025-12-09T18:04:23.544118Z,729,251,1.0,5.9,11669.27,72.9
2025-12-09T18:04:23.577498Z,715,240,1.0,58.8,11668.87,72.9
2025-12-09T18:04:23.612672Z,707,227,1.0,6.2,11666.61,72.9
2025-12-09T18:04:23.641595Z,705,226,1.0,100.0,11668.24,72.9
2025-12-09T18:04:23.672513Z,709,226,1.0,18.8,11676.04,72.9
2025-12-09T18:04:23.704741Z,713,228,1.0,6.2,11677.74,73.0
2025-12-09T18:04:23.735875Z,715,229,1.0,11.8,11680.13,73.0
2025-12-09T18:04:23.771969Z,710,233,1.0,17.6,11675.54,72.9
2025-12-09T18:04:23.798590Z,702,240,1.0,12.5,11682.88,73.0
2025-12-09T18:04:23.830765Z,688,248,1.0,31.2,11676.52,73.0
2025-12-09T18:04:23.879936Z,684,256,1.0,4.2,11691.0,73.0
2025-12-09T18:04:23.913211Z,682,263,1.0,12.5,11688.25,73.0
2025-12-09T18:04:23.948040Z,687,264,1.0,20.0,11693.06,73.1
2025-12-09T18:04:23.975921Z,686,269,1.0,0.0,11686.86,73.0
2025-12-09T18:04:24.009056Z,685,273,1.0,6.2,11693.27,73.1
2025-12-09T18:04:24.040981Z,679,277,1.0,22.2,11687.16,73.0
2025-12-09T18:04:24.072285Z,678,277,1.0,40.0,11692.44,73.0
2025-12-09T18:04:24.108933Z,679,273,1.0,11.1,11684.1,73.0
2025-12-09T18:04:24.134699Z,681,268,1.0,10.0,11687.79,73.0
2025-12-09T18:04:24.168734Z,690,263,1.0,4.5,11684.24,73.0
2025-12-09T18:04:24.200311Z,708,265,1.0,6.2,11687.53,73.0
2025-12-09T18:04:24.231259Z,732,266,1.0,6.2,11683.91,73.0
2025-12-09T18:04:24.284019Z,750,273,1.0,4.2,11688.48,73.0
2025-12-09T18:04:24.311520Z,761,275,1.0,76.5,11691.82,73.0
2025-12-09T18:04:24.344224Z,765,283,1.0,6.2,11688.81,73.0
2025-12-09T18:04:24.375179Z,765,287,1.0,6.2,11690.82,73.0
2025-12-09T18:04:24.407997Z,761,289,1.0,50.0,11689.13,73.0
2025-12-09T18:04:24.444928Z,761,282,1.0,6.2,11691.43,73.0
2025-12-09T18:04:24.471994Z,759,275,1.0,6.2,11687.74,73.0
2025-12-09T18:04:24.503443Z,756,273,1.0,6.2,11690.9,73.0
2025-12-09T18:04:24.536722Z,739,279,1.0,6.2,11688.25,73.0
2025-12-09T18:04:24.568611Z,718,287,1.0,43.8,11690.07,73.0
2025-12-09T18:04:24.603326Z,695,289,1.0,68.8,11686.81,73.0
2025-12-09T18:04:24.647592Z,680,288,1.0,4.2,11688.99,73.0
2025-12-09T18:04:24.680361Z,669,286,1.0,6.2,11686.25,73.0
2025-12-09T18:04:24.715341Z,665,288,1.0,8.3,11687.52,73.0
2025-12-09T18:04:24.746018Z,673,291,1.0,6.2,11684.92,73.0
2025-12-09T18:04:24.779926Z,697,294,1.0,25.0,11683.05,73.0
2025-12-09T18:04:24.809779Z,724,286,1.0,18.8,11682.17,73.0
2025-12-09T18:04:24.842913Z,745,274,1.0,6.2,11681.21,73.0
2025-12-09T18:04:24.872249Z,754,266,1.0,6.2,11679.89,73.0
2025-12-09T18:04:24.906032Z,759,271,1.0,12.5,11679.71,73.0
2025-12-09T18:04:24.941221Z,762,277,1.0,0.0,11677.52,73.0
2025-12-09T18:04:24.968419Z,762,276,1.0,58.8,11677.03,73.0
2025-12-09T18:04:25.003985Z,767,272,1.0,0.0,11678.73,73.0
2025-12-09T18:04:25.046938Z,767,274,1.0,50.0,11691.36,73.0
2025-12-09T18:04:25.080478Z,773,278,1.0,18.8,11686.75,73.0
2025-12-09T18:04:25.115431Z,772,288,1.0,12.5,11689.36,73.0
2025-12-09T18:04:25.144846Z,773,290,1.0,6.2,11692.0,73.0
2025-12-09T18:04:25.180991Z,772,289,1.0,6.2,11690.1,73.0
2025-12-09T18:04:25.209145Z,773,280,1.0,6.2,11690.13,73.0
2025-12-09T18:04:25.241666Z,774,277,1.0,17.6,11690.98,73.0
2025-12-09T18:04:25.276870Z,771,277,1.0,16.7,11692.3,73.0
2025-12-09T18:04:25.303675Z,765,280,1.0,37.5,11684.46,73.0
2025-12-09T18:04:25.335287Z,761,274,1.0,31.2,11687.69,73.0
2025-12-09T18:04:25.368263Z,762,267,1.0,6.2,11685.39,73.0
2025-12-09T18:04:25.398721Z,770,257,1.0,6.2,11686.42,73.0
2025-12-09T18:04:25.453787Z,775,261,1.0,34.4,11690.14,73.0
2025-12-09T18:04:25.479618Z,776,267,1.0,6.2,11691.17,73.0
2025-12-09T18:04:25.514436Z,776,284,1.0,12.5,11687.12,73.0
2025-12-09T18:04:25.544305Z,782,293,0.958,23.5,11690.07,73.0
2025-12-09T18:04:25.576430Z,773,295,0.757,50.0,11686.59,73.0
2025-12-09T18:04:25.612386Z,752,299,0.805,0.0,11688.37,73.0
2025-12-09T18:04:25.641610Z,745,288,1.0,18.8,11690.88,73.0
2025-12-09T18:04:25.673365Z,758,271,1.0,50.0,11689.6,73.0
2025-12-09T18:04:25.703389Z,781,249,1.0,0.0,11689.67,73.0
2025-12-09T18:04:25.738655Z,780,248,1.0,0.0,11690.3,73.0
2025-12-09T18:04:25.771327Z,775,258,1.0,23.5,11690.79,73.0
2025-12-09T18:04:25.802876Z,771,267,1.0,12.5,11687.45,73.0
2025-12-09T18:04:25.847978Z,773,272,1.0,28.0,11689.18,73.0
2025-12-09T18:04:25.881325Z,766,275,1.0,6.2,11687.92,73.0
2025-12-09T18:04:25.913725Z,760,266,1.0,12.5,11688.55,73.0
2025-12-09T18:04:25.947237Z,753,252,1.0,14.3,11686.36,73.0
2025-12-09T18:04:25.976968Z,753,247,1.0,33.3,11688.71,73.0
2025-12-09T18:04:26.010153Z,758,247,1.0,20.8,11686.05,73.0
2025-12-09T18:04:26.042056Z,761,253,1.0,23.1,11686.89,73.0
2025-12-09T18:04:26.073399Z,768,254,1.0,15.0,11684.76,73.0
2025-12-09T18:04:26.109026Z,775,258,1.0,23.5,11683.96,73.0
2025-12-09T18:04:26.137247Z,782,257,1.0,6.2,11682.22,73.0
2025-12-09T18:04:26.166968Z,783,261,1.0,23.5,11681.84,73.0
2025-12-09T18:04:26.216157Z,775,263,1.0,4.2,11681.91,73.0
2025-12-09T18:04:26.247071Z,769,267,1.0,37.5,11686.36,73.0
2025-12-09T18:04:26.283008Z,762,267,1.0,12.5,11685.71,73.0
2025-12-09T18:04:26.315305Z,767,270,1.0,56.2,11694.57,73.1
2025-12-09T18:04:26.344696Z,766,265,1.0,62.5,11686.8,73.0
2025-12-09T18:04:26.381281Z,771,265,1.0,0.0,11694.14,73.1
2025-12-09T18:04:26.408791Z,767,265,1.0,6.2,11687.87,73.0
2025-12-09T18:04:26.445790Z,772,276,1.0,6.2,11693.12,73.1
2025-12-09T18:04:26.474941Z,773,283,1.0,6.2,11682.83,73.0
2025-12-09T18:04:26.504663Z,774,288,1.0,18.8,11689.84,73.0
2025-12-09T18:04:26.538046Z,770,287,1.0,6.2,11683.1,73.0
2025-12-09T18:04:26.571243Z,769,286,1.0,62.5,11689.71,73.0
2025-12-09T18:04:26.619653Z,767,282,1.0,15.6,11693.3,73.1
2025-12-09T18:04:26.648066Z,766,277,1.0,0.0,11688.75,73.0
2025-12-09T18:04:26.680892Z,761,277,1.0,4.5,11692.31,73.0
2025-12-09T18:04:26.714221Z,759,278,1.0,11.8,11689.75,73.0
2025-12-09T18:04:26.746180Z,757,279,1.0,5.9,11691.18,73.0
2025-12-09T18:04:26.780437Z,760,274,1.0,25.0,11688.53,73.0
2025-12-09T18:04:26.816099Z,762,270,1.0,31.2,11693.88,73.1
2025-12-09T18:04:26.839907Z,767,264,1.0,62.5,11689.27,73.0
2025-12-09T18:04:26.880662Z,771,259,1.0,17.6,11693.37,73.1
2025-12-09T18:04:26.905826Z,774,255,1.0,12.5,11689.76,73.0
2025-12-09T18:04:26.941584Z,772,258,1.0,0.0,11693.22,73.1
2025-12-09T18:04:26.967785Z,768,256,1.0,12.5,11689.12,73.0
2025-12-09T18:04:27.016290Z,767,257,1.0,0.0,11692.93,73.1
2025-12-09T18:04:27.047805Z,789,256,1.0,56.2,11688.96,73.0
2025-12-09T18:04:27.080146Z,804,258,0.672,31.2,11692.05,73.0
2025-12-09T18:04:27.115063Z,799,263,0.754,12.5,11688.04,73.0
2025-12-09T18:04:27.145126Z,767,270,0.772,6.2,11691.74,73.0
2025-12-09T18:04:27.176687Z,750,289,0.805,6.2,11688.2,73.0
2025-12-09T18:04:27.208412Z,758,298,0.815,6.2,11691.27,73.0
2025-12-09T18:04:27.241790Z,770,288,0.95,6.2,11687.08,73.0
2025-12-09T18:04:27.277851Z,762,267,1.0,25.0,11687.58,73.0
2025-12-09T18:04:27.304564Z,732,252,1.0,0.0,11685.76,73.0
2025-12-09T18:04:27.337566Z,702,260,1.0,33.3,11686.07,73.0
2025-12-09T18:04:27.367414Z,679,271,1.0,6.2,11684.02,73.0
2025-12-09T18:04:27.416449Z,670,278,1.0,6.2,11684.43,73.0
2025-12-09T18:04:27.453351Z,666,285,1.0,25.0,11689.29,73.0
2025-12-09T18:04:27.480353Z,671,290,1.0,13.3,11691.48,73.0
2025-12-09T18:04:27.514904Z,674,294,1.0,16.7,11692.6,73.1
2025-12-09T18:04:27.543600Z,671,292,1.0,31.2,11692.57,73.1
2025-12-09T18:04:27.579938Z,667,286,1.0,31.2,11691.01,73.0
2025-12-09T18:04:27.612850Z,668,284,1.0,6.2,11689.82,73.0
2025-12-09T18:04:27.640829Z,672,282,1.0,37.5,11691.81,73.0
2025-12-09T18:04:27.673970Z,674,284,1.0,50.0,11686.93,73.0
2025-12-09T18:04:27.705686Z,670,287,1.0,6.2,11690.49,73.0
2025-12-09T18:04:27.738246Z,670,287,1.0,0.0,11688.07,73.0
2025-12-09T18:04:27.788749Z,669,286,1.0,20.8,11693.44,73.1
2025-12-09T18:04:27.815740Z,672,287,1.0,12.5,11691.48,73.0
2025-12-09T18:04:27.847606Z,676,289,1.0,37.5,11694.57,73.1
2025-12-09T18:04:27.880329Z,680,294,1.0,6.2,11691.1,73.0
2025-12-09T18:04:27.913215Z,683,292,1.0,17.6,11695.44,73.1
2025-12-09T18:04:27.948123Z,679,289,1.0,16.7,11692.84,73.1
2025-12-09T18:04:27.977083Z,672,284,1.0,0.0,11691.75,73.0
2025-12-09T18:04:28.009822Z,667,282,1.0,11.1,11692.25,73.0
2025-12-09T18:04:28.041806Z,662,281,1.0,9.5,11692.68,73.1
2025-12-09T18:04:28.071707Z,659,280,1.0,22.2,11691.7,73.0
2025-12-09T18:04:28.109294Z,659,281,1.0,20.8,11690.81,73.0
2025-12-09T18:04:28.136437Z,657,280,1.0,6.2,11693.67,73.1
2025-12-09T18:04:28.184294Z,658,284,1.0,4.2,11691.25,73.0
2025-12-09T18:04:28.215631Z,657,283,1.0,6.2,11692.5,73.1
2025-12-09T18:04:28.250660Z,661,279,1.0,0.0,11691.88,73.0
2025-12-09T18:04:28.282676Z,666,278,1.0,0.0,11693.58,73.1
2025-12-09T18:04:28.312995Z,673,285,1.0,100.0,11689.94,73.0
2025-12-09T18:04:28.346260Z,673,291,1.0,0.0,11692.35,73.0
2025-12-09T18:04:28.377090Z,668,284,1.0,37.5,11690.26,73.0
2025-12-09T18:04:28.408797Z,660,275,1.0,6.2,11691.38,73.0
2025-12-09T18:04:28.443670Z,656,267,1.0,12.5,11688.3,73.0
2025-12-09T18:04:28.478769Z,658,271,1.0,13.0,11689.64,73.0
2025-12-09T18:04:28.505845Z,660,271,1.0,11.1,11686.81,73.0
2025-12-09T18:04:28.540565Z,664,280,1.0,14.3,11686.98,73.0
2025-12-09T18:04:28.584265Z,664,282,1.0,15.8,11685.63,73.0
2025-12-09T18:04:28.618911Z,667,283,1.0,12.5,11683.9,73.0
2025-12-09T18:04:28.649034Z,668,278,1.0,6.2,11682.91,73.0
2025-12-09T18:04:28.681113Z,669,272,1.0,10.0,11682.31,73.0
2025-12-09T18:04:28.712023Z,665,270,1.0,8.3,11690.72,73.0
2025-12-09T18:04:28.743176Z,663,268,1.0,18.8,11692.13,73.0
2025-12-09T18:04:28.779836Z,660,270,1.0,16.7,11692.95,73.1
2025-12-09T18:04:28.807892Z,643,272,1.0,47.1,11685.35,73.0
2025-12-09T18:04:28.840029Z,623,289,1.0,17.6,11692.96,73.1
2025-12-09T18:04:28.873461Z,600,301,1.0,6.2,11686.49,73.0
2025-12-09T18:04:28.904067Z,595,313,1.0,6.2,11691.58,73.0
2025-12-09T18:04:28.940397Z,586,304,1.0,6.2,11695.73,73.1
2025-12-09T18:04:28.982412Z,586,302,1.0,8.3,11693.05,73.1
2025-12-09T18:04:29.016041Z,580,294,1.0,6.2,11694.09,73.1
2025-12-09T18:04:29.047740Z,573,294,1.0,56.2,11694.19,73.1
2025-12-09T18:04:29.080370Z,566,291,1.0,43.8,11692.3,73.0
2025-12-09T18:04:29.114332Z,565,299,1.0,37.5,11691.96,73.0
2025-12-09T18:04:29.143895Z,566,306,1.0,6.2,11695.72,73.1
2025-12-09T18:04:29.176184Z,563,308,1.0,6.2,11692.78,73.1
2025-12-09T18:04:29.208606Z,561,312,1.0,12.5,11694.02,73.1
2025-12-09T18:04:29.242396Z,569,313,1.0,6.2,11691.68,73.0
2025-12-09T18:04:29.277773Z,582,313,1.0,24.0,11695.43,73.1
2025-12-09T18:04:29.304745Z,588,304,1.0,22.2,11691.57,73.0
2025-12-09T18:04:29.354858Z,588,294,1.0,20.0,11695.91,73.1
2025-12-09T18:04:29.383285Z,582,300,1.0,0.0,11691.29,73.0
2025-12-09T18:04:29.416475Z,576,309,1.0,11.1,11695.87,73.1
2025-12-09T18:04:29.453830Z,572,321,1.0,22.7,11692.67,73.1
2025-12-09T18:04:29.479774Z,571,316,1.0,6.2,11694.46,73.1
2025-12-09T18:04:29.515674Z,578,311,1.0,6.2,11692.2,73.0
2025-12-09T18:04:29.544383Z,582,306,1.0,31.2,11694.24,73.1
2025-12-09T18:04:29.576000Z,577,306,1.0,25.0,11690.96,73.0
2025-12-09T18:04:29.611107Z,575,306,1.0,11.8,11692.1,73.0
2025-12-09T18:04:29.641361Z,576,310,1.0,25.0,11691.96,73.0
2025-12-09T18:04:29.679019Z,585,313,1.0,0.0,11691.48,73.0
2025-12-09T18:04:29.704451Z,590,310,1.0,6.2,11689.63,73.0
2025-12-09T18:04:29.752660Z,588,304,1.0,0.0,11689.95,73.0
2025-12-09T18:04:29.788430Z,580,299,1.0,12.5,11688.04,73.0
2025-12-09T18:04:29.817655Z,570,298,1.0,37.5,11686.43,73.0
2025-12-09T18:04:29.848302Z,563,301,1.0,12.5,11685.91,73.0
2025-12-09T18:04:29.879812Z,572,315,1.0,6.2,11684.88,73.0
2025-12-09T18:04:29.913157Z,576,326,1.0,6.2,11683.98,73.0
2025-12-09T18:04:29.947621Z,586,332,1.0,26.1,11679.39,73.0
2025-12-09T18:04:29.976939Z,584,324,1.0,0.0,11678.91,73.0
2025-12-09T18:04:30.008854Z,584,327,1.0,18.8,11686.84,73.0
2025-12-09T18:04:30.039846Z,579,324,1.0,25.0,11691.39,73.0
2025-12-09T18:04:30.072996Z,583,327,1.0,24.0,11692.53,73.1
2025-12-09T18:04:30.106667Z,587,323,1.0,12.5,11691.71,73.0
2025-12-09T18:04:30.152941Z,585,317,1.0,4.2,11697.32,73.1
2025-12-09T18:04:30.184628Z,585,312,1.0,6.2,11692.38,73.0
2025-12-09T18:04:30.217965Z,587,305,1.0,0.0,11696.14,73.1
2025-12-09T18:04:30.248509Z,587,302,1.0,6.2,11692.99,73.1
2025-12-09T18:04:30.282571Z,579,299,1.0,0.0,11696.88,73.1
2025-12-09T18:04:30.312622Z,578,301,1.0,68.8,11691.74,73.0
2025-12-09T18:04:30.343710Z,582,305,1.0,12.5,11696.58,73.1
2025-12-09T18:04:30.375459Z,585,303,1.0,50.0,11692.77,73.1
2025-12-09T18:04:30.408462Z,580,303,1.0,0.0,11695.62,73.1
2025-12-09T18:04:30.444770Z,579,300,1.0,64.7,11692.85,73.1
2025-12-09T18:04:30.471699Z,583,303,1.0,12.5,11697.07,73.1
2025-12-09T18:04:30.519527Z,589,300,1.0,16.7,11693.51,73.1
2025-12-09T18:04:30.549491Z,588,299,1.0,25.0,11697.04,73.1
2025-12-09T18:04:30.582427Z,585,296,1.0,58.8,11694.29,73.1
2025-12-09T18:04:30.618984Z,590,296,1.0,18.8,11696.61,73.1
2025-12-09T18:04:30.648456Z,596,293,1.0,6.2,11696.14,73.1
2025-12-09T18:04:30.681540Z,597,293,1.0,6.2,11697.15,73.1
2025-12-09T18:04:30.713038Z,594,294,1.0,11.8,11695.19,73.1
2025-12-09T18:04:30.744386Z,584,299,1.0,9.1,11696.91,73.1
2025-12-09T18:04:30.779697Z,579,297,1.0,17.6,11695.82,73.1
2025-12-09T18:04:30.812580Z,572,286,1.0,6.2,11695.68,73.1
2025-12-09T18:04:30.844463Z,572,282,1.0,50.0,11695.18,73.1
2025-12-09T18:04:30.875182Z,572,283,1.0,52.9,11695.84,73.1
2025-12-09T18:04:30.920233Z,570,294,1.0,4.2,11693.99,73.1
2025-12-09T18:04:30.954635Z,571,296,1.0,0.0,11692.79,73.1
2025-12-09T18:04:30.984841Z,575,298,1.0,56.2,11692.52,73.1
2025-12-09T18:04:31.017367Z,581,304,1.0,0.0,11692.3,73.0
2025-12-09T18:04:31.048212Z,588,315,1.0,47.1,11690.5,73.0
2025-12-09T18:04:31.081014Z,588,316,1.0,23.5,11690.41,73.0
2025-12-09T18:04:31.114494Z,589,306,1.0,58.8,11689.3,73.0
2025-12-09T18:04:31.144972Z,589,297,1.0,6.2,11687.55,73.0
2025-12-09T18:04:31.176766Z,593,297,1.0,6.2,11687.2,73.0
2025-12-09T18:04:31.209320Z,590,300,1.0,6.2,11686.12,73.0
2025-12-09T18:04:31.239930Z,589,294,1.0,6.2,11685.23,73.0
2025-12-09T18:04:31.276916Z,585,292,1.0,12.5,11684.38,73.0
2025-12-09T18:04:31.319735Z,586,291,1.0,43.8,11695.84,73.1
2025-12-09T18:04:31.352163Z,587,299,1.0,12.5,11692.35,73.0
2025-12-09T18:04:31.385155Z,590,300,1.0,11.1,11697.13,73.1
2025-12-09T18:04:31.416815Z,592,296,1.0,4.8,11692.52,73.1
2025-12-09T18:04:31.452164Z,590,289,1.0,12.5,11696.44,73.1
2025-12-09T18:04:31.480297Z,586,288,1.0,6.2,11695.41,73.1
2025-12-09T18:04:31.512878Z,583,287,1.0,5.9,11697.31,73.1
2025-12-09T18:04:31.545732Z,585,293,1.0,12.5,11694.25,73.1
2025-12-09T18:04:31.576445Z,584,296,1.0,25.0,11697.28,73.1
2025-12-09T18:04:31.611424Z,584,297,1.0,0.0,11696.43,73.1
2025-12-09T18:04:31.641562Z,580,293,1.0,37.5,11696.33,73.1
2025-12-09T18:04:31.672346Z,586,288,1.0,50.0,11695.84,73.1
2025-12-09T18:04:31.720941Z,590,287,1.0,0.0,11696.94,73.1
2025-12-09T18:04:31.750196Z,595,282,1.0,17.6,11694.85,73.1
2025-12-09T18:04:31.788186Z,597,282,1.0,6.2,11694.86,73.1
2025-12-09T18:04:31.815554Z,593,286,1.0,37.5,11696.43,73.1
2025-12-09T18:04:31.848442Z,595,300,1.0,56.2,11695.47,73.1
2025-12-09T18:04:31.879729Z,597,308,1.0,6.2,11696.06,73.1
2025-12-09T18:04:31.912115Z,604,304,1.0,6.2,11696.3,73.1
2025-12-09T18:04:31.946596Z,606,300,1.0,31.6,11696.54,73.1
2025-12-09T18:04:31.975926Z,604,303,1.0,0.0,11690.84,73.0
2025-12-09T18:04:32.008739Z,604,312,1.0,6.2,11692.07,73.0
2025-12-09T18:04:32.040960Z,604,317,1.0,16.7,11691.2,73.0
2025-12-09T18:04:32.096685Z,601,316,1.0,38.7,11690.33,73.0
2025-12-09T18:04:32.126962Z,600,313,1.0,62.5,11693.99,73.1
2025-12-09T18:04:32.154193Z,597,309,1.0,6.2,11694.56,73.1
2025-12-09T18:04:32.184313Z,597,303,1.0,6.2,11693.82,73.1
2025-12-09T18:04:32.215875Z,597,304,1.0,6.2,11694.33,73.1
2025-12-09T18:04:32.248622Z,598,308,1.0,6.2,11692.83,73.1
2025-12-09T18:04:32.282293Z,604,317,1.0,6.2,11691.96,73.0
2025-12-09T18:04:32.311434Z,603,320,1.0,43.8,11691.06,73.0
2025-12-09T18:04:32.345742Z,602,316,1.0,0.0,11690.68,73.0
2025-12-09T18:04:32.376418Z,601,313,1.0,56.2,11689.14,73.0
2025-12-09T18:04:32.407824Z,598,306,1.0,11.8,11688.72,73.0
2025-12-09T18:04:32.443879Z,595,304,1.0,6.2,11686.04,73.0
2025-12-09T18:04:32.489406Z,596,299,1.0,12.5,11685.91,73.0
2025-12-09T18:04:32.521199Z,602,297,1.0,6.2,11684.73,73.0
2025-12-09T18:04:32.553058Z,605,295,1.0,18.8,11684.34,73.0
2025-12-09T18:04:32.582464Z,599,291,1.0,37.5,11683.36,73.0
2025-12-09T18:04:32.621630Z,594,293,1.0,21.7,11686.48,73.0
2025-12-09T18:04:32.646540Z,598,293,1.0,11.1,11691.95,73.0
2025-12-09T18:04:32.680462Z,604,298,1.0,12.5,11694.34,73.1
2025-12-09T18:04:32.711922Z,600,296,1.0,11.1,11696.18,73.1
2025-12-09T18:04:32.751419Z,598,295,1.0,72.7,11694.93,73.1
2025-12-09T18:04:32.781372Z,602,297,1.0,56.2,11699.81,73.1
2025-12-09T18:04:32.808149Z,612,299,1.0,31.2,11693.54,73.1
2025-12-09T18:04:32.840720Z,610,301,1.0,56.2,11700.95,73.1
2025-12-09T18:04:32.886859Z,598,294,1.0,4.5,11694.22,73.1
2025-12-09T18:04:32.919666Z,591,288,1.0,5.9,11701.3,73.1
2025-12-09T18:04:32.956720Z,587,287,1.0,5.9,11695.75,73.1
2025-12-09T18:04:32.985406Z,591,297,1.0,100.0,11704.23,73.1
2025-12-09T18:04:33.015326Z,591,302,1.0,31.2,11700.86,73.1
2025-12-09T18:04:33.047263Z,597,307,1.0,12.5,11705.56,73.1
2025-12-09T18:04:33.079675Z,594,305,1.0,25.0,11700.16,73.1
2025-12-09T18:04:33.115073Z,598,303,1.0,23.5,11699.12,73.1
2025-12-09T18:04:33.145413Z,590,300,1.0,6.2,11698.63,73.1
2025-12-09T18:04:33.177116Z,589,300,1.0,6.2,11700.13,73.1
2025-12-09T18:04:33.210028Z,582,306,1.0,6.2,11697.57,73.1
2025-12-09T18:04:33.239382Z,587,310,1.0,6.2,11701.0,73.1
2025-12-09T18:04:33.292494Z,591,315,1.0,16.1,11705.8,73.1
2025-12-09T18:04:33.327383Z,597,318,1.0,27.8,11701.03,73.1
2025-12-09T18:04:33.352170Z,595,322,1.0,0.0,11705.82,73.1
2025-12-09T18:04:33.387184Z,598,320,1.0,12.5,11701.28,73.1
2025-12-09T18:04:33.418381Z,605,312,1.0,6.7,11704.86,73.1
2025-12-09T18:04:33.450179Z,608,306,1.0,11.8,11701.02,73.1
2025-12-09T18:04:33.479299Z,606,298,1.0,6.2,11704.64,73.1
2025-12-09T18:04:33.513371Z,602,300,1.0,6.7,11700.72,73.1
2025-12-09T18:04:33.546569Z,603,298,1.0,17.6,11703.88,73.1
2025-12-09T18:04:33.576624Z,603,297,1.0,25.0,11700.14,73.1
2025-12-09T18:04:33.610096Z,601,293,1.0,50.0,11701.29,73.1
2025-12-09T18:04:33.656554Z,604,294,1.0,38.5,11698.63,73.1
2025-12-09T18:04:33.688173Z,605,301,1.0,50.0,11699.82,73.1
2025-12-09T18:04:33.720022Z,605,301,1.0,62.5,11716.54,73.2
2025-12-09T18:04:33.750937Z,600,304,1.0,56.2,11737.02,73.3
2025-12-09T18:04:33.787840Z,597,300,1.0,12.5,11753.77,73.4
2025-12-09T18:04:33.820930Z,601,293,1.0,12.5,11751.71,73.4
2025-12-09T18:04:33.850595Z,604,288,1.0,25.0,11751.43,73.4
2025-12-09T18:04:33.880981Z,608,288,1.0,6.2,11750.91,73.4
2025-12-09T18:04:33.911934Z,605,295,1.0,35.3,11760.44,73.5
2025-12-09T18:04:33.947741Z,605,298,1.0,27.8,11760.55,73.5
2025-12-09T18:04:33.976614Z,601,306,1.0,0.0,11769.09,73.5
2025-12-09T18:04:34.008506Z,596,316,1.0,6.2,11761.62,73.5
2025-12-09T18:04:34.056403Z,593,321,1.0,14.3,11769.48,73.5
2025-12-09T18:04:34.088431Z,592,313,1.0,5.0,11762.54,73.5
2025-12-09T18:04:34.124375Z,591,302,1.0,12.5,11767.66,73.5
2025-12-09T18:04:34.152838Z,588,291,1.0,12.5,11761.52,73.5
2025-12-09T18:04:34.184709Z,581,298,1.0,12.5,11768.59,73.5
2025-12-09T18:04:34.216967Z,579,303,1.0,6.7,11762.06,73.5
2025-12-09T18:04:34.248080Z,581,307,1.0,6.2,11769.27,73.5
2025-12-09T18:04:34.283469Z,591,300,1.0,11.8,11765.07,73.5
2025-12-09T18:04:34.314382Z,605,295,0.907,70.6,11763.21,73.5
2025-12-09T18:04:34.346245Z,638,284,0.9,100.0,11760.09,73.5
2025-12-09T18:04:34.377992Z,671,263,0.927,37.5,11763.07,73.5
2025-12-09T18:04:34.408445Z,678,252,1.0,12.5,11759.91,73.5
2025-12-09T18:04:34.460409Z,651,264,1.0,8.3,11764.96,73.5
2025-12-09T18:04:34.489359Z,614,286,1.0,6.2,11768.43,73.5
2025-12-09T18:04:34.525263Z,601,302,1.0,62.5,11768.57,73.5
2025-12-09T18:04:34.557177Z,597,302,1.0,87.5,11766.27,73.5
2025-12-09T18:04:34.583135Z,595,302,1.0,56.2,11769.65,73.5
2025-12-09T18:04:34.622051Z,585,303,1.0,25.0,11764.23,73.5
2025-12-09T18:04:34.647824Z,579,297,1.0,0.0,11764.65,73.5
2025-12-09T18:04:34.688774Z,573,291,1.0,8.3,11761.62,73.5
2025-12-09T18:04:34.714778Z,573,283,1.0,71.4,11762.84,73.5
2025-12-09T18:04:34.745751Z,576,281,1.0,5.6,11760.28,73.5
2025-12-09T18:04:34.779916Z,583,279,1.0,20.0,11759.7,73.5
2025-12-09T18:04:34.814803Z,590,275,1.0,5.9,11758.14,73.5
2025-12-09T18:04:34.857019Z,595,281,1.0,46.2,11757.87,73.5
2025-12-09T18:04:34.888760Z,599,289,1.0,12.5,11756.74,73.5
2025-12-09T18:04:34.920849Z,599,297,1.0,6.2,11756.5,73.5
2025-12-09T18:04:34.956242Z,592,294,1.0,18.8,11755.7,73.4
2025-12-09T18:04:34.988613Z,588,290,1.0,6.2,11755.14,73.4
2025-12-09T18:04:35.016531Z,579,291,1.0,56.2,11754.79,73.4
2025-12-09T18:04:35.048440Z,580,297,1.0,25.0,11756.82,73.5
2025-12-09T18:04:35.080354Z,581,302,1.0,62.5,11767.82,73.5
2025-12-09T18:04:35.115502Z,583,302,1.0,6.2,11772.11,73.5
2025-12-09T18:04:35.146095Z,580,306,1.0,6.2,11769.77,73.5
2025-12-09T18:04:35.177286Z,580,303,1.0,6.2,11771.2,73.5
2025-12-09T18:04:35.224428Z,588,297,1.0,4.2,11770.18,73.5
2025-12-09T18:04:35.257403Z,595,285,1.0,6.2,11770.95,73.5
2025-12-09T18:04:35.293199Z,598,284,1.0,36.0,11768.14,73.5
2025-12-09T18:04:35.319559Z,593,276,1.0,75.0,11771.3,73.5
2025-12-09T18:04:35.349256Z,590,277,1.0,29.4,11768.72,73.5
2025-12-09T18:04:35.386578Z,591,274,1.0,8.7,11770.82,73.5
2025-12-09T18:04:35.415476Z,596,279,1.0,10.0,11768.73,73.5
2025-12-09T18:04:35.453996Z,602,280,1.0,8.7,11766.51,73.5
2025-12-09T18:04:35.481064Z,601,282,1.0,58.8,11766.16,73.5
2025-12-09T18:04:35.512291Z,606,286,1.0,12.5,11767.56,73.5
2025-12-09T18:04:35.545283Z,605,290,1.0,25.0,11766.97,73.5
2025-12-09T18:04:35.581192Z,599,291,1.0,25.0,11767.84,73.5
2025-12-09T18:04:35.630278Z,592,286,1.0,20.8,11771.14,73.5
2025-12-09T18:04:35.657739Z,587,280,1.0,56.2,11770.45,73.5
2025-12-09T18:04:35.689088Z,584,278,1.0,56.2,11770.89,73.5
2025-12-09T18:04:35.721075Z,584,283,1.0,0.0,11769.71,73.5
2025-12-09T18:04:35.753488Z,588,281,1.0,6.2,11769.72,73.5
2025-12-09T18:04:35.788285Z,596,276,1.0,56.2,11767.86,73.5
2025-12-09T18:04:35.816642Z,603,272,1.0,18.8,11767.53,73.5
2025-12-09T18:04:35.848795Z,610,277,1.0,6.2,11766.34,73.5
2025-12-09T18:04:35.881211Z,615,280,1.0,6.2,11765.86,73.5
2025-12-09T18:04:35.915504Z,615,283,1.0,6.2,11764.77,73.5
2025-12-09T18:04:35.946968Z,609,278,1.0,20.0,11763.11,73.5
2025-12-09T18:04:35.975762Z,601,275,1.0,0.0,11762.06,73.5
2025-12-09T18:04:36.023017Z,597,275,1.0,4.2,11761.54,73.5
2025-12-09T18:04:36.056733Z,600,281,1.0,41.7,11760.58,73.5
2025-12-09T18:04:36.087142Z,607,284,1.0,72.7,11760.06,73.5
2025-12-09T18:04:36.125224Z,624,280,1.0,40.9,11758.66,73.5
2025-12-09T18:04:36.152551Z,656,279,1.0,6.7,11758.54,73.5
2025-12-09T18:04:36.183242Z,697,286,1.0,6.2,11758.02,73.5
2025-12-09T18:04:36.217492Z,727,291,1.0,5.9,11760.09,73.5
2025-12-09T18:04:36.248381Z,736,292,1.0,25.0,11770.29,73.5
2025-12-09T18:04:36.282980Z,737,290,1.0,6.2,11773.87,73.6
2025-12-09T18:04:36.312717Z,737,292,1.0,62.5,11773.64,73.6
2025-12-09T18:04:36.346703Z,739,289,1.0,29.4,11772.74,73.6
2025-12-09T18:04:36.376554Z,742,288,1.0,58.8,11774.51,73.6
2025-12-09T18:04:36.424143Z,742,287,1.0,0.0,11771.62,73.5
2025-12-09T18:04:36.460761Z,742,290,1.0,62.5,11772.33,73.5
2025-12-09T18:04:36.489167Z,743,285,1.0,6.2,11772.99,73.6
2025-12-09T18:04:36.520409Z,745,283,1.0,12.5,11773.25,73.6
2025-12-09T18:04:36.553893Z,748,277,1.0,12.5,11773.04,73.6
2025-12-09T18:04:36.583327Z,749,279,1.0,37.5,11771.11,73.5
2025-12-09T18:04:36.620599Z,749,277,1.0,13.0,11767.63,73.5
2025-12-09T18:04:36.647078Z,751,281,1.0,0.0,11765.83,73.5
2025-12-09T18:04:36.680121Z,750,280,1.0,6.2,11767.81,73.5
2025-12-09T18:04:36.712598Z,748,284,1.0,11.1,11765.48,73.5
2025-12-09T18:04:36.742827Z,749,285,1.0,0.0,11767.12,73.5
2025-12-09T18:04:36.796380Z,751,289,1.0,28.1,11770.66,73.5
2025-12-09T18:04:36.828758Z,756,284,1.0,75.0,11769.45,73.5
2025-12-09T18:04:36.856624Z,755,282,1.0,25.0,11769.77,73.5
2025-12-09T18:04:36.889476Z,758,286,1.0,6.2,11769.09,73.5
2025-12-09T18:04:36.922020Z,761,293,1.0,6.2,11768.13,73.5
2025-12-09T18:04:36.955180Z,765,297,1.0,0.0,11766.67,73.5
2025-12-09T18:04:36.987174Z,767,294,1.0,50.0,11766.79,73.5
2025-12-09T18:04:37.017158Z,762,289,1.0,50.0,11765.05,73.5
2025-12-09T18:04:37.048536Z,757,288,1.0,12.5,11764.63,73.5
2025-12-09T18:04:37.079531Z,751,291,1.0,56.2,11763.36,73.5
2025-12-09T18:04:37.115305Z,754,293,1.0,25.0,11761.62,73.5
2025-12-09T18:04:37.144296Z,757,289,1.0,6.2,11760.41,73.5
2025-12-09T18:04:37.191637Z,761,287,1.0,16.0,11760.03,73.5
2025-12-09T18:04:37.224209Z,766,289,1.0,6.2,11759.25,73.5
2025-12-09T18:04:37.256201Z,771,298,1.0,12.5,11759.0,73.5
2025-12-09T18:04:37.290488Z,774,300,1.0,21.1,11757.45,73.5
2025-12-09T18:04:37.319880Z,771,296,1.0,61.5,11757.13,73.5
2025-12-09T18:04:37.352602Z,763,287,1.0,25.0,11756.93,73.5
2025-12-09T18:04:37.388641Z,760,278,1.0,8.3,11756.57,73.5
2025-12-09T18:04:37.417783Z,760,281,1.0,7.7,11756.49,73.4
2025-12-09T18:04:37.452549Z,766,282,1.0,10.5,11763.44,73.5
2025-12-09T18:04:37.479013Z,771,284,1.0,12.5,11770.46,73.5
2025-12-09T18:04:37.512595Z,773,276,1.0,6.7,11771.35,73.5
2025-12-09T18:04:37.544298Z,766,277,1.0,23.5,11771.85,73.5
2025-12-09T18:04:37.591299Z,758,280,1.0,20.8,11768.75,73.5
2025-12-09T18:04:37.627649Z,753,283,1.0,0.0,11769.16,73.5
2025-12-09T18:04:37.656599Z,758,282,1.0,62.5,11774.84,73.6
2025-12-09T18:04:37.688307Z,762,285,1.0,50.0,11770.3,73.5
2025-12-09T18:04:37.721133Z,769,282,1.0,0.0,11773.06,73.6
2025-12-09T18:04:37.753594Z,770,287,1.0,17.6,11771.44,73.5
2025-12-09T18:04:37.787743Z,769,284,1.0,56.2,11769.93,73.5
2025-12-09T18:04:37.816166Z,761,289,1.0,18.8,11764.93,73.5
2025-12-09T18:04:37.848320Z,754,288,1.0,37.5,11769.11,73.5
2025-12-09T18:04:37.880483Z,754,290,1.0,6.2,11765.89,73.5
2025-12-09T18:04:37.912695Z,755,293,1.0,17.6,11768.52,73.5
2025-12-09T18:04:37.946416Z,755,290,1.0,55.6,11770.92,73.5
2025-12-09T18:04:37.991992Z,752,288,1.0,0.0,11771.12,73.5
2025-12-09T18:04:38.024220Z,750,288,1.0,6.2,11769.98,73.5
2025-12-09T18:04:38.057505Z,754,285,1.0,26.1,11771.02,73.5
2025-12-09T18:04:38.089645Z,757,282,1.0,11.8,11769.21,73.5
2025-12-09T18:04:38.126375Z,759,276,1.0,18.8,11768.99,73.5
2025-12-09T18:04:38.154517Z,755,275,1.0,18.8,11769.37,73.5
2025-12-09T18:04:38.186227Z,751,275,1.0,6.2,11768.45,73.5
2025-12-09T18:04:38.216270Z,752,277,1.0,12.5,11767.21,73.5
2025-12-09T18:04:38.246907Z,759,284,1.0,6.2,11767.03,73.5
2025-12-09T18:04:38.281386Z,765,290,1.0,50.0,11765.26,73.5
2025-12-09T18:04:38.312563Z,766,292,1.0,62.5,11763.5,73.5
2025-12-09T18:04:38.359940Z,766,287,1.0,33.3,11763.43,73.5
2025-12-09T18:04:38.392443Z,762,289,1.0,0.0,11762.31,73.5
2025-12-09T18:04:38.425122Z,760,289,1.0,6.2,11761.68,73.5
2025-12-09T18:04:38.460443Z,757,294,1.0,62.5,11759.61,73.5
2025-12-09T18:04:38.489290Z,762,290,1.0,6.2,11759.47,73.5
2025-12-09T18:04:38.522031Z,762,283,1.0,6.2,11758.7,73.5
2025-12-09T18:04:38.551775Z,760,274,1.0,6.2,11758.34,73.5
2025-12-09T18:04:38.584594Z,761,267,1.0,37.5,11757.94,73.5
2025-12-09T18:04:38.620784Z,764,262,1.0,22.2,11757.16,73.5
2025-12-09T18:04:38.649436Z,761,262,1.0,0.0,11756.85,73.5
2025-12-09T18:04:38.680505Z,756,263,1.0,6.2,11756.95,73.5
2025-12-09T18:04:38.712354Z,750,274,1.0,21.1,11768.28,73.5
2025-12-09T18:04:38.759714Z,747,277,1.0,4.5,11770.38,73.5
2025-12-09T18:04:38.795839Z,749,281,1.0,9.1,11775.54,73.6
2025-12-09T18:04:38.825124Z,753,285,1.0,29.4,11768.01,73.5
2025-12-09T18:04:38.855645Z,757,291,1.0,6.2,11776.02,73.6
2025-12-09T18:04:38.887670Z,754,293,1.0,6.7,11769.09,73.5
2025-12-09T18:04:38.921537Z,749,291,1.0,5.9,11775.63,73.6
2025-12-09T18:04:38.955368Z,750,287,1.0,0.0,11773.93,73.6
2025-12-09T18:04:38.991723Z,752,279,1.0,6.2,11771.52,73.5
2025-12-09T18:04:39.014768Z,758,273,1.0,12.5,11772.68,73.6
2025-12-09T18:04:39.036832Z,761,273,1.0,0.0,11772.59,73.6
2025-12-09T18:04:39.081170Z,768,282,1.0,26.9,11770.88,73.5
2025-12-09T18:04:39.116071Z,764,288,1.0,56.2,11769.86,73.5
2025-12-09T18:04:39.160250Z,759,290,1.0,4.2,11772.84,73.6
2025-12-09T18:04:39.195674Z,753,290,1.0,6.2,11771.12,73.5
2025-12-09T18:04:39.225378Z,755,292,1.0,6.2,11771.5,73.5
2025-12-09T18:04:39.256651Z,758,292,1.0,6.2,11771.56,73.5
2025-12-09T18:04:39.291357Z,765,293,1.0,28.0,11772.91,73.6
2025-12-09T18:04:39.320772Z,767,286,1.0,12.5,11769.43,73.5
2025-12-09T18:04:39.352712Z,765,280,1.0,43.8,11771.24,73.5
2025-12-09T18:04:39.384004Z,756,277,1.0,11.1,11769.59,73.5
2025-12-09T18:04:39.415568Z,755,277,1.0,0.0,11769.77,73.5
2025-12-09T18:04:39.452439Z,758,284,1.0,8.7,11767.77,73.5
2025-12-09T18:04:39.487750Z,760,281,1.0,0.0,11768.25,73.5
2025-12-09T18:04:39.512420Z,755,278,1.0,14.3,11766.03,73.5
2025-12-09T18:04:39.560331Z,753,270,1.0,19.2,11765.8,73.5
2025-12-09T18:04:39.591042Z,758,266,1.0,12.5,11764.64,73.5
2025-12-09T18:04:39.629941Z,773,263,0.873,0.0,11763.16,73.5
2025-12-09T18:04:39.659581Z,783,254,0.791,58.8,11761.32,73.5
2025-12-09T18:04:39.689033Z,783,251,0.755,50.0,11761.37,73.5
2025-12-09T18:04:39.720535Z,778,259,0.856,12.5,11760.16,73.5
2025-12-09T18:04:39.751504Z,777,256,1.0,6.2,11760.02,73.5
2025-12-09T18:04:39.788783Z,778,252,1.0,12.5,11758.95,73.5
2025-12-09T18:04:39.816795Z,770,248,1.0,12.5,11758.72,73.5
2025-12-09T18:04:39.848877Z,767,254,1.0,41.2,11758.43,73.5
2025-12-09T18:04:39.881129Z,764,264,1.0,6.2,11758.13,73.5
2025-12-09T18:04:39.928255Z,763,268,1.0,4.2,11758.18,73.5
2025-12-09T18:04:39.964217Z,760,277,1.0,16.7,11762.03,73.5
2025-12-09T18:04:39.992149Z,762,276,1.0,25.0,11773.0,73.6
2025-12-09T18:04:40.025089Z,765,278,1.0,4.8,11772.36,73.5
2025-12-09T18:04:40.057245Z,766,275,1.0,42.1,11773.98,73.6
2025-12-09T18:04:40.089112Z,761,282,1.0,56.2,11772.57,73.6
2025-12-09T18:04:40.123870Z,760,281,1.0,12.5,11774.44,73.6
2025-12-09T18:04:40.152650Z,760,282,1.0,6.2,11777.86,73.6
2025-12-09T18:04:40.182117Z,759,278,1.0,6.2,11774.98,73.6
2025-12-09T18:04:40.204373Z,756,276,1.0,100.0,11776.48,73.6
2025-12-09T18:04:40.247841Z,760,277,1.0,17.4,11775.12,73.6
2025-12-09T18:04:40.282239Z,759,277,1.0,0.0,11777.02,73.6
2025-12-09T18:04:40.332368Z,762,276,1.0,62.5,11774.22,73.6
2025-12-09T18:04:40.361047Z,753,269,1.0,25.0,11776.28,73.6
2025-12-09T18:04:40.392317Z,748,265,1.0,0.0,11774.04,73.6
2025-12-09T18:04:40.425316Z,738,264,1.0,0.0,11776.34,73.6
2025-12-09T18:04:40.459380Z,738,269,1.0,56.2,11774.69,73.6
2025-12-09T18:04:40.488179Z,745,268,1.0,6.2,11775.28,73.6
2025-12-09T18:04:40.520910Z,755,271,1.0,12.5,11773.84,73.6
2025-12-09T18:04:40.552408Z,761,263,1.0,12.5,11775.14,73.6
2025-12-09T18:04:40.584843Z,760,263,1.0,50.0,11773.85,73.6
2025-12-09T18:04:40.607163Z,760,260,1.0,18.8,11774.39,73.6
2025-12-09T18:04:40.647195Z,760,271,1.0,0.0,11773.2,73.6
2025-12-09T18:04:40.681137Z,762,286,1.0,6.2,11772.46,73.5
2025-12-09T18:04:40.729301Z,762,291,1.0,14.8,11770.91,73.5
2025-12-09T18:04:40.761379Z,763,289,1.0,4.8,11770.78,73.5
2025-12-09T18:04:40.796286Z,760,279,1.0,56.2,11768.89,73.5
2025-12-09T18:04:40.825033Z,755,275,1.0,56.2,11768.26,73.5
2025-12-09T18:04:40.872831Z,749,278,1.0,95.8,11767.8,73.5
2025-12-09T18:04:40.893927Z,746,283,1.0,87.5,11764.33,73.5
2025-12-09T18:04:40.920183Z,741,289,1.0,12.5,11763.25,73.5
2025-12-09T18:04:40.956646Z,739,287,1.0,6.2,11761.55,73.5
2025-12-09T18:04:40.985614Z,736,283,1.0,100.0,11758.39,73.5
2025-12-09T18:04:41.008357Z,737,284,1.0,0.0,11757.74,73.5
2025-12-09T18:04:41.047865Z,742,288,1.0,37.5,11757.33,73.5
2025-12-09T18:04:41.080436Z,744,293,1.0,18.8,11757.1,73.5
2025-12-09T18:04:41.130367Z,749,286,1.0,12.5,11756.17,73.4
2025-12-09T18:04:41.160085Z,749,282,1.0,6.2,11756.79,73.5
2025-12-09T18:04:41.193647Z,754,275,1.0,6.2,11756.54,73.5
2025-12-09T18:04:41.222502Z,757,270,1.0,12.5,11766.91,73.5
2025-12-09T18:04:41.257672Z,759,263,1.0,23.5,11770.8,73.5
2025-12-09T18:04:41.291523Z,757,263,1.0,19.0,11777.32,73.6
2025-12-09T18:04:41.319548Z,754,268,1.0,18.2,11772.11,73.5
2025-12-09T18:04:41.350909Z,753,275,1.0,25.0,11777.46,73.6
2025-12-09T18:04:41.384214Z,750,277,1.0,11.8,11772.19,73.5
2025-12-09T18:04:41.410081Z,749,282,1.0,12.5,11777.34,73.6
2025-12-09T18:04:41.452348Z,736,279,1.0,12.5,11772.95,73.6
2025-12-09T18:04:41.496507Z,718,276,1.0,4.2,11776.7,73.6
2025-12-09T18:04:41.528595Z,695,267,1.0,31.2,11766.88,73.5
2025-12-09T18:04:41.561628Z,679,262,1.0,37.5,11769.97,73.5
2025-12-09T18:04:41.593287Z,667,259,1.0,64.7,11766.73,73.5
2025-12-09T18:04:41.628669Z,665,255,1.0,0.0,11768.37,73.5
2025-12-09T18:04:41.659413Z,662,254,1.0,6.2,11765.89,73.5
2025-12-09T18:04:41.688405Z,661,257,1.0,93.8,11768.83,73.5
2025-12-09T18:04:41.721347Z,655,259,1.0,0.0,11765.85,73.5
2025-12-09T18:04:41.752210Z,657,262,1.0,6.2,11768.71,73.5
2025-12-09T18:04:41.783975Z,663,265,1.0,50.0,11766.74,73.5
2025-12-09T18:04:41.815199Z,665,266,1.0,68.8,11764.96,73.5
2025-12-09T18:04:41.851186Z,665,269,1.0,6.2,11767.37,73.5
2025-12-09T18:04:41.895937Z,662,270,1.0,4.2,11764.93,73.5
2025-12-09T18:04:41.929527Z,662,264,1.0,6.2,11765.48,73.5
2025-12-09T18:04:41.964405Z,663,258,1.0,12.5,11762.27,73.5
2025-12-09T18:04:41.992072Z,662,255,1.0,0.0,11763.34,73.5
2025-12-09T18:04:42.023547Z,661,260,1.0,6.2,11761.02,73.5
2025-12-09T18:04:42.057174Z,659,264,1.0,19.0,11761.35,73.5
2025-12-09T18:04:42.088825Z,663,262,1.0,36.8,11759.67,73.5
2025-12-09T18:04:42.126410Z,667,259,1.0,50.0,11757.94,73.5
2025-12-09T18:04:42.152170Z,669,257,1.0,6.2,11756.13,73.4
2025-12-09T18:04:42.187837Z,666,262,1.0,0.0,11756.18,73.4
2025-12-09T18:04:42.207642Z,665,261,1.0,0.0,11754.92,73.4
2025-12-09T18:04:42.248847Z,669,263,1.0,8.7,11754.68,73.4
2025-12-09T18:04:42.303104Z,671,261,1.0,0.0,11753.04,73.4
2025-12-09T18:04:42.329933Z,668,261,1.0,62.5,11752.62,73.4
2025-12-09T18:04:42.359835Z,665,255,1.0,56.2,11752.45,73.4
2025-12-09T18:04:42.391518Z,666,249,1.0,50.0,11752.13,73.4
2025-12-09T18:04:42.424077Z,670,254,1.0,0.0,11751.99,73.4
2025-12-09T18:04:42.460575Z,669,261,1.0,56.2,11757.16,73.5
2025-12-09T18:04:42.487504Z,668,267,1.0,18.8,11767.95,73.5
2025-12-09T18:04:42.519880Z,666,267,1.0,6.2,11764.78,73.5
2025-12-09T18:04:42.552295Z,666,262,1.0,6.2,11768.85,73.5
2025-12-09T18:04:42.576100Z,666,261,1.0,31.2,11764.7,73.5
2025-12-09T18:04:42.609654Z,666,257,1.0,18.8,11768.8,73.5
2025-12-09T18:04:42.647521Z,665,264,1.0,0.0,11767.74,73.5
2025-12-09T18:04:42.696182Z,662,261,1.0,4.2,11767.98,73.5
2025-12-09T18:04:42.729397Z,659,269,1.0,13.6,11766.69,73.5
2025-12-09T18:04:42.760689Z,660,265,1.0,8.3,11768.72,73.5
2025-12-09T18:04:42.795714Z,665,267,1.0,9.5,11769.59,73.5
2025-12-09T18:04:42.829221Z,663,263,1.0,52.9,11767.3,73.5
2025-12-09T18:04:42.855401Z,662,265,1.0,18.8,11768.15,73.5
2025-12-09T18:04:42.891020Z,659,263,1.0,50.0,11767.72,73.5
2025-12-09T18:04:42.922212Z,664,258,1.0,0.0,11766.12,73.5
2025-12-09T18:04:42.954526Z,665,261,1.0,0.0,11765.41,73.5
2025-12-09T18:04:42.985194Z,665,266,1.0,52.9,11768.36,73.5
2025-12-09T18:04:43.013642Z,665,263,1.0,6.2,11765.67,73.5
2025-12-09T18:04:43.064969Z,662,252,1.0,4.2,11766.9,73.5
2025-12-09T18:04:43.096270Z,663,238,1.0,50.0,11765.85,73.5
2025-12-09T18:04:43.132040Z,662,245,1.0,31.2,11762.07,73.5
2025-12-09T18:04:43.160079Z,663,253,1.0,6.2,11758.95,73.5
2025-12-09T18:04:43.192894Z,663,265,1.0,6.2,11760.95,73.5
2025-12-09T18:04:43.223571Z,666,258,1.0,6.2,11758.5,73.5
2025-12-09T18:04:43.255673Z,671,252,1.0,6.2,11758.75,73.5
2025-12-09T18:04:43.292938Z,672,247,1.0,13.0,11759.2,73.5
2025-12-09T18:04:43.319431Z,670,253,1.0,44.4,11758.43,73.5
2025-12-09T18:04:43.343594Z,664,259,1.0,31.2,11756.78,73.5
2025-12-09T18:04:43.374370Z,663,259,1.0,6.2,11756.51,73.5
2025-12-09T18:04:43.408127Z,660,261,1.0,0.0,11755.03,73.4
2025-12-09T18:04:43.466924Z,660,260,1.0,6.5,11753.78,73.4
2025-12-09T18:04:43.496294Z,658,259,1.0,6.2,11752.91,73.4
2025-12-09T18:04:43.529041Z,659,248,1.0,5.9,11752.54,73.4
2025-12-09T18:04:43.559839Z,663,247,1.0,25.0,11752.04,73.4
2025-12-09T18:04:43.592414Z,664,252,1.0,29.4,11751.81,73.4
2025-12-09T18:04:43.627916Z,667,262,1.0,0.0,11750.83,73.4
2025-12-09T18:04:43.657543Z,662,263,1.0,50.0,11750.57,73.4
2025-12-09T18:04:43.688866Z,657,261,1.0,0.0,11750.38,73.4
2025-12-09T18:04:43.721018Z,650,260,1.0,0.0,11750.36,73.4
2025-12-09T18:04:43.748364Z,646,259,1.0,53.3,11750.26,73.4
2025-12-09T18:04:43.771672Z,645,257,1.0,0.0,11750.13,73.4
2025-12-09T18:04:43.791571Z,650,254,1.0,25.0,11750.04,73.4
2025-12-09T18:04:43.862097Z,653,256,1.0,15.2,11765.38,73.5
2025-12-09T18:04:43.895795Z,655,262,1.0,31.2,11764.72,73.5
2025-12-09T18:04:43.928713Z,655,266,1.0,6.2,11767.48,73.5
2025-12-09T18:04:43.962622Z,655,267,1.0,17.6,11770.58,73.5
2025-12-09T18:04:43.991904Z,654,268,1.0,0.0,11764.84,73.5
2025-12-09T18:04:44.022909Z,649,268,1.0,6.2,11768.66,73.5
2025-12-09T18:04:44.059640Z,650,269,1.0,16.7,11765.98,73.5
2025-12-09T18:04:44.088215Z,659,263,0.893,0.0,11758.83,73.5
2025-12-09T18:04:44.124432Z,696,257,0.844,29.2,11755.54,73.4
2025-12-09T18:04:44.151954Z,740,244,0.9,6.7,11761.09,73.5
2025-12-09T18:04:44.173163Z,765,239,0.838,55.6,11756.59,73.5
2025-12-09T18:04:44.197538Z,750,232,1.0,6.7,11760.39,73.5
2025-12-09T18:04:44.263863Z,717,234,1.0,3.0,11757.51,73.5
2025-12-09T18:04:44.298661Z,688,236,1.0,12.5,11758.67,73.5
2025-12-09T18:04:44.328881Z,675,246,1.0,100.0,11759.02,73.5
2025-12-09T18:04:44.361418Z,664,255,1.0,12.5,11759.07,73.5
2025-12-09T18:04:44.391751Z,663,261,1.0,37.5,11757.43,73.5
2025-12-09T18:04:44.425565Z,660,268,1.0,0.0,11759.68,73.5
2025-12-09T18:04:44.459137Z,663,272,1.0,56.2,11758.88,73.5
2025-12-09T18:04:44.488865Z,665,272,1.0,6.2,11757.12,73.5
2025-12-09T18:04:44.520464Z,668,271,1.0,6.2,11758.33,73.5
2025-12-09T18:04:44.543388Z,668,275,1.0,18.8,11757.1,73.5
2025-12-09T18:04:44.572886Z,667,275,1.0,25.0,11756.17,73.4
2025-12-09T18:04:44.606939Z,668,269,1.0,6.2,11755.56,73.4
2025-12-09T18:04:44.637128Z,670,262,1.0,18.8,11754.66,73.4
2025-12-09T18:04:44.695516Z,671,256,1.0,0.0,11752.51,73.4
2025-12-09T18:04:44.731990Z,670,255,1.0,8.3,11751.96,73.4
2025-12-09T18:04:44.761136Z,664,254,1.0,6.2,11750.91,73.4
2025-12-09T18:04:44.795645Z,657,260,1.0,31.2,11749.57,73.4
2025-12-09T18:04:44.825210Z,655,265,1.0,18.8,11748.08,73.4
2025-12-09T18:04:44.857389Z,659,267,1.0,6.2,11748.28,73.4
2025-12-09T18:04:44.888948Z,663,261,1.0,6.2,11747.0,73.4
2025-12-09T18:04:44.915320Z,659,255,1.0,11.1,11746.82,73.4
2025-12-09T18:04:44.937789Z,653,257,1.0,0.0,11746.28,73.4
2025-12-09T18:04:44.960051Z,653,261,1.0,0.0,11745.88,73.4
2025-12-09T18:04:44.984586Z,657,265,1.0,50.0,11745.57,73.4
2025-12-09T18:04:45.066083Z,662,259,1.0,20.0,11745.49,73.4
2025-12-09T18:04:45.096481Z,666,261,1.0,31.2,11745.27,73.4
2025-12-09T18:04:45.130611Z,668,262,1.0,6.2,11744.75,73.4
2025-12-09T18:04:45.161924Z,670,265,1.0,6.2,11744.71,73.4
2025-12-09T18:04:45.191712Z,664,269,1.0,6.2,11748.59,73.4
2025-12-09T18:04:45.223626Z,660,273,1.0,18.8,11760.88,73.5
2025-12-09T18:04:45.257144Z,653,280,1.0,6.2,11757.95,73.5
2025-12-09T18:04:45.291407Z,652,278,1.0,17.4,11759.88,73.5
2025-12-09T18:04:45.324274Z,650,273,1.0,17.6,11759.47,73.5
2025-12-09T18:04:45.345285Z,654,264,1.0,50.0,11754.09,73.4
2025-12-09T18:04:45.371620Z,657,260,1.0,6.2,11758.65,73.5
2025-12-09T18:04:45.404595Z,662,264,1.0,6.2,11754.6,73.4
2025-12-09T18:04:45.433652Z,661,270,1.0,6.7,11759.09,73.5
2025-12-09T18:04:45.495343Z,660,276,1.0,6.2,11762.54,73.5
2025-12-09T18:04:45.528720Z,657,274,1.0,5.9,11760.72,73.5
2025-12-09T18:04:45.560568Z,657,271,1.0,18.8,11762.02,73.5
2025-12-09T18:04:45.593172Z,658,267,1.0,18.8,11761.66,73.5
2025-12-09T18:04:45.626234Z,657,268,1.0,11.8,11763.09,73.5
2025-12-09T18:04:45.655625Z,658,264,1.0,0.0,11760.11,73.5
2025-12-09T18:04:45.687608Z,663,261,1.0,6.2,11762.4,73.5
2025-12-09T18:04:45.711946Z,670,259,1.0,10.0,11760.52,73.5
2025-12-09T18:04:45.745126Z,672,255,1.0,4.5,11764.88,73.5
2025-12-09T18:04:45.764033Z,666,254,1.0,12.5,11762.05,73.5
2025-12-09T18:04:45.787013Z,656,255,1.0,12.5,11764.39,73.5
2025-12-09T18:04:45.864754Z,652,260,1.0,10.0,11744.58,73.4
2025-12-09T18:04:45.896073Z,658,261,1.0,6.2,11745.18,73.4
2025-12-09T18:04:45.928896Z,666,265,1.0,6.2,11743.27,73.4
2025-12-09T18:04:45.962861Z,667,266,1.0,12.5,11741.94,73.4
2025-12-09T18:04:45.993458Z,663,266,1.0,6.2,11741.15,73.4
2025-12-09T18:04:46.024738Z,648,269,1.0,6.2,11740.17,73.3
2025-12-09T18:04:46.057346Z,631,271,1.0,21.7,11738.99,73.3
2025-12-09T18:04:46.089206Z,616,277,1.0,47.1,11738.09,73.3
2025-12-09T18:04:46.111456Z,608,275,1.0,25.0,11737.06,73.3
2025-12-09T18:04:46.134791Z,606,282,1.0,22.2,11735.5,73.3
2025-12-09T18:04:46.165056Z,599,282,1.0,16.7,11734.81,73.3
2025-12-09T18:04:46.202515Z,596,289,1.0,0.0,11734.11,73.3
2025-12-09T18:04:46.232867Z,600,290,1.0,6.2,11733.6,73.3
2025-12-09T18:04:46.297350Z,602,296,1.0,6.2,11732.17,73.3
2025-12-09T18:04:46.328252Z,599,297,1.0,81.2,11731.97,73.3
2025-12-09T18:04:46.361198Z,593,302,1.0,0.0,11731.7,73.3
2025-12-09T18:04:46.393234Z,590,309,1.0,6.2,11731.48,73.3
2025-12-09T18:04:46.424644Z,592,308,1.0,0.0,11731.41,73.3
2025-12-09T18:04:46.460055Z,588,295,1.0,18.8,11729.09,73.3
2025-12-09T18:04:46.492500Z,584,279,1.0,6.2,11728.66,73.3
2025-12-09T18:04:46.513482Z,576,272,1.0,12.5,11728.41,73.3
2025-12-09T18:04:46.532392Z,576,279,1.0,12.5,11728.24,73.3
2025-12-09T18:04:46.554334Z,578,280,1.0,100.0,11728.14,73.3
2025-12-09T18:04:46.598845Z,583,279,1.0,41.7,11736.93,73.3
2025-12-09T18:04:46.664678Z,583,277,1.0,9.4,11740.21,73.3
2025-12-09T18:04:46.696738Z,583,278,1.0,11.1,11748.62,73.4
2025-12-09T18:04:46.731097Z,586,279,1.0,4.5,11741.22,73.4
2025-12-09T18:04:46.760836Z,583,282,1.0,6.2,11749.76,73.4
2025-12-09T18:04:46.795811Z,578,286,1.0,18.8,11744.81,73.4
2025-12-09T18:04:46.823787Z,572,293,1.0,25.0,11747.24,73.4
2025-12-09T18:04:46.855386Z,574,294,1.0,6.2,11743.3,73.4
2025-12-09T18:04:46.882273Z,581,298,1.0,0.0,11748.32,73.4
2025-12-09T18:04:46.902699Z,587,296,1.0,12.5,11743.12,73.4
2025-12-09T18:04:46.930536Z,587,290,1.0,0.0,11749.01,73.4
2025-12-09T18:04:46.956735Z,584,287,1.0,6.2,11746.35,73.4
2025-12-09T18:04:46.999299Z,584,282,1.0,41.7,11746.89,73.4
2025-12-09T18:04:47.030858Z,585,282,1.0,12.5,11745.28,73.4
2025-12-09T18:04:47.095719Z,588,281,1.0,34.4,11748.07,73.4
2025-12-09T18:04:47.131473Z,587,286,1.0,31.2,11750.09,73.4
2025-12-09T18:04:47.158905Z,587,289,1.0,18.8,11747.07,73.4
2025-12-09T18:04:47.196538Z,582,282,1.0,68.8,11753.0,73.4
2025-12-09T18:04:47.223431Z,582,277,1.0,31.2,11750.1,73.4
2025-12-09T18:04:47.256258Z,595,276,0.9,18.8,11755.11,73.4
2025-12-09T18:04:47.282152Z,627,272,0.794,31.2,11752.0,73.4
2025-12-09T18:04:47.305088Z,679,261,0.85,100.0,11755.52,73.4
2025-12-09T18:04:47.326032Z,718,262,0.733,58.8,11753.78,73.4
2025-12-09T18:04:47.353957Z,718,271,0.81,62.5,11756.44,73.4
2025-12-09T18:04:47.400623Z,680,288,0.992,16.7,11753.53,73.4
2025-12-09T18:04:47.433748Z,638,287,1.0,16.7,11755.25,73.4
2025-12-09T18:04:47.496225Z,615,287,1.0,15.2,11754.85,73.4
2025-12-09T18:04:47.527070Z,603,281,1.0,18.8,11752.58,73.4
2025-12-09T18:04:47.561440Z,594,282,1.0,12.5,11752.79,73.4
2025-12-09T18:04:47.591434Z,590,288,1.0,50.0,11751.19,73.4
2025-12-09T18:04:47.628522Z,587,299,1.0,0.0,11750.32,73.4
2025-12-09T18:04:47.658477Z,587,300,1.0,6.2,11745.98,73.4
2025-12-09T18:04:47.681553Z,583,300,1.0,15.4,11745.74,73.4
2025-12-09T18:04:47.703728Z,582,296,1.0,9.1,11744.61,73.4
2025-12-09T18:04:47.736186Z,579,295,1.0,52.9,11744.54,73.4
2025-12-09T18:04:47.769584Z,581,287,1.0,6.2,11743.72,73.4
2025-12-09T18:04:47.804574Z,586,287,1.0,18.8,11748.32,73.4
2025-12-09T18:04:47.830502Z,597,298,1.0,68.8,11757.52,73.5
2025-12-09T18:04:47.895489Z,604,305,1.0,12.5,11760.23,73.5
2025-12-09T18:04:47.929191Z,607,303,1.0,12.5,11761.04,73.5
2025-12-09T18:04:47.963436Z,606,294,1.0,26.1,11763.6,73.5
2025-12-09T18:04:47.993997Z,598,294,1.0,11.1,11761.68,73.5
2025-12-09T18:04:48.023967Z,594,295,1.0,31.2,11763.95,73.5
2025-12-09T18:04:48.046905Z,597,294,1.0,43.8,11763.71,73.5
2025-12-09T18:04:48.070843Z,602,292,1.0,100.0,11767.44,73.5
2025-12-09T18:04:48.093779Z,605,293,1.0,88.2,11757.03,73.5
2025-12-09T18:04:48.126690Z,599,294,1.0,62.5,11757.71,73.5
2025-12-09T18:04:48.165586Z,597,296,1.0,18.2,11756.96,73.5
2025-12-09T18:04:48.207539Z,593,288,1.0,5.6,11758.48,73.5
2025-12-09T18:04:48.271288Z,590,291,1.0,6.2,11755.58,73.4
2025-12-09T18:04:48.299963Z,585,288,1.0,18.8,11757.06,73.5
2025-12-09T18:04:48.334045Z,581,293,1.0,41.2,11757.24,73.5
2025-12-09T18:04:48.360798Z,581,295,1.0,62.5,11757.23,73.5
2025-12-09T18:04:48.396297Z,583,299,1.0,0.0,11756.93,73.5
2025-12-09T18:04:48.426572Z,583,307,1.0,17.6,11757.38,73.5
2025-12-09T18:04:48.459131Z,581,303,1.0,12.5,11757.27,73.5
2025-12-09T18:04:48.491233Z,577,302,1.0,6.2,11756.33,73.4
2025-12-09T18:04:48.520859Z,582,293,1.0,6.2,11756.5,73.4
2025-12-09T18:04:48.542097Z,586,291,1.0,12.5,11755.87,73.4
2025-12-09T18:04:48.567670Z,597,297,1.0,75.0,11755.25,73.4
2025-12-09T18:04:48.599290Z,599,301,1.0,76.5,11755.01,73.4
2025-12-09T18:04:48.635398Z,602,302,1.0,12.5,11753.75,73.4
2025-12-09T18:04:48.695425Z,598,291,1.0,0.0,11751.44,73.4
2025-12-09T18:04:48.729922Z,591,281,1.0,50.0,11750.86,73.4
2025-12-09T18:04:48.760857Z,580,274,1.0,18.8,11750.14,73.4
2025-12-09T18:04:48.795443Z,571,277,1.0,18.8,11746.36,73.4
2025-12-09T18:04:48.823793Z,573,282,1.0,43.8,11744.1,73.4
2025-12-09T18:04:48.848857Z,581,282,1.0,12.5,11743.26,73.4
2025-12-09T18:04:48.868559Z,592,277,1.0,12.5,11742.62,73.4
2025-12-09T18:04:48.895276Z,594,279,1.0,6.2,11742.11,73.4
2025-12-09T18:04:48.921207Z,593,281,1.0,18.8,11745.61,73.4
2025-12-09T18:04:48.969997Z,590,282,1.0,4.2,11754.72,73.4
2025-12-09T18:04:48.999566Z,588,276,1.0,50.0,11758.88,73.5
2025-12-09T18:04:49.037126Z,598,272,1.0,0.0,11752.55,73.4
2025-12-09T18:04:49.096391Z,631,275,1.0,15.6,11759.89,73.5
2025-12-09T18:04:49.131370Z,671,273,1.0,12.5,11760.27,73.5
2025-12-09T18:04:49.159980Z,700,268,1.0,6.2,11757.2,73.5
2025-12-09T18:04:49.192516Z,717,268,1.0,6.2,11756.77,73.5
2025-12-09T18:04:49.223889Z,732,277,1.0,6.2,11758.34,73.5
2025-12-09T18:04:49.244263Z,747,281,1.0,18.8,11755.39,73.4
2025-12-09T18:04:49.272857Z,756,282,1.0,0.0,11759.35,73.5
2025-12-09T18:04:49.293794Z,756,280,1.0,25.0,11759.82,73.5
2025-12-09T18:04:49.337161Z,754,279,1.0,47.1,11757.0,73.5
2025-12-09T18:04:49.369898Z,750,279,1.0,18.8,11758.39,73.5
2025-12-09T18:04:49.399597Z,758,278,1.0,8.3,11758.1,73.5
2025-12-09T18:04:49.433493Z,760,283,1.0,6.2,11757.06,73.5
2025-12-09T18:04:49.496282Z,758,278,1.0,18.8,11755.54,73.4
2025-12-09T18:04:49.529241Z,752,270,1.0,6.2,11759.59,73.5
2025-12-09T18:04:49.562888Z,755,269,1.0,18.8,11755.18,73.4
2025-12-09T18:04:49.592617Z,759,275,1.0,37.5,11760.0,73.5
2025-12-09T18:04:49.614586Z,757,280,1.0,0.0,11755.47,73.4
2025-12-09T18:04:49.635006Z,753,274,1.0,30.0,11757.8,73.5
2025-12-09T18:04:49.661332Z,748,263,1.0,0.0,11754.68,73.4
2025-12-09T18:04:49.692662Z,753,268,1.0,12.5,11757.26,73.5
2025-12-09T18:04:49.735801Z,751,267,1.0,12.5,11752.22,73.4
2025-12-09T18:04:49.771286Z,754,270,1.0,23.5,11754.02,73.4
2025-12-09T18:04:49.804631Z,750,260,1.0,43.8,11751.09,73.4
2025-12-09T18:04:49.832289Z,753,257,1.0,37.5,11750.39,73.4
2025-12-09T18:04:49.896058Z,752,260,1.0,21.2,11748.66,73.4
2025-12-09T18:04:49.928928Z,753,263,1.0,18.8,11749.02,73.4
2025-12-09T18:04:49.962929Z,757,263,1.0,19.0,11745.61,73.4
2025-12-09T18:04:49.993885Z,756,261,1.0,58.3,11743.24,73.4
2025-12-09T18:04:50.012910Z,754,259,1.0,12.5,11742.46,73.4
2025-12-09T18:04:50.036771Z,747,259,1.0,12.5,11744.39,73.4
2025-12-09T18:04:50.058712Z,748,251,1.0,56.2,11750.64,73.4
2025-12-09T18:04:50.087823Z,751,252,1.0,62.5,11753.11,73.4
2025-12-09T18:04:50.140931Z,760,254,1.0,12.5,11758.66,73.5
2025-12-09T18:04:50.174332Z,760,266,1.0,0.0,11755.38,73.4
2025-12-09T18:04:50.199557Z,758,265,1.0,56.2,11759.8,73.5
2025-12-09T18:04:50.263696Z,749,267,1.0,3.1,11754.58,73.4
2025-12-09T18:04:50.297878Z,741,266,1.0,0.0,11757.24,73.5
2025-12-09T18:04:50.329069Z,737,266,1.0,81.2,11758.65,73.5
2025-12-09T18:04:50.360858Z,731,267,1.0,56.2,11756.36,73.4
2025-12-09T18:04:50.392370Z,729,273,1.0,0.0,11761.53,73.5
2025-12-09T18:04:50.422064Z,724,282,1.0,6.2,11756.14,73.4
2025-12-09T18:04:50.453298Z,733,288,1.0,12.5,11761.11,73.5
2025-12-09T18:04:50.473430Z,738,288,1.0,0.0,11754.9,73.4
2025-12-09T18:04:50.498124Z,747,281,1.0,13.3,11761.22,73.5
2025-12-09T18:04:50.536719Z,748,274,1.0,0.0,11755.34,73.4
2025-12-09T18:04:50.569468Z,752,268,1.0,29.4,11760.64,73.5
2025-12-09T18:04:50.599851Z,749,255,1.0,25.0,11755.94,73.4
2025-12-09T18:04:50.636801Z,749,252,1.0,13.0,11759.49,73.5
2025-12-09T18:04:50.696032Z,749,246,1.0,0.0,11755.3,73.4
2025-12-09T18:04:50.729197Z,752,255,1.0,9.5,11759.56,73.5
2025-12-09T18:04:50.763732Z,751,258,1.0,5.3,11754.41,73.4
2025-12-09T18:04:50.785629Z,751,266,1.0,12.5,11757.65,73.5
2025-12-09T18:04:50.811010Z,747,268,1.0,37.5,11755.16,73.4
2025-12-09T18:04:50.842575Z,745,271,1.0,31.2,11755.73,73.4
2025-12-09T18:04:50.872957Z,743,268,1.0,11.8,11753.31,73.4
2025-12-09T18:04:50.905343Z,741,263,1.0,6.2,11754.34,73.4
2025-12-09T18:04:50.936605Z,740,260,1.0,7.1,11750.86,73.4
2025-12-09T18:04:50.972891Z,733,264,1.0,0.0,11750.64,73.4
2025-12-09T18:04:51.000263Z,731,270,1.0,56.2,11749.66,73.4
2025-12-09T18:04:51.032484Z,728,265,1.0,0.0,11749.01,73.4
2025-12-09T18:04:51.096661Z,724,252,1.0,33.3,11747.83,73.4
2025-12-09T18:04:51.132191Z,706,232,1.0,62.5,11745.21,73.4
2025-12-09T18:04:51.159402Z,685,225,1.0,6.2,11742.72,73.4
2025-12-09T18:04:51.180346Z,666,229,1.0,12.5,11742.18,73.4
2025-12-09T18:04:51.201291Z,657,245,1.0,12.5,11741.59,73.4
2025-12-09T18:04:51.225193Z,655,251,1.0,33.3,11741.26,73.4
2025-12-09T18:04:51.257782Z,658,246,1.0,12.5,11740.73,73.4
2025-12-09T18:04:51.308982Z,664,243,1.0,12.5,11739.54,73.3
2025-12-09T18:04:51.335713Z,666,246,1.0,62.5,11744.05,73.4
2025-12-09T18:04:51.367097Z,663,254,1.0,18.8,11756.0,73.4
2025-12-09T18:04:51.400167Z,660,259,1.0,10.5,11756.45,73.4
2025-12-09T18:04:51.431335Z,660,254,1.0,0.0,11758.82,73.5
2025-12-09T18:04:51.496370Z,657,251,1.0,17.1,11760.83,73.5
2025-12-09T18:04:51.529165Z,654,245,1.0,31.2,11757.81,73.5
2025-12-09T18:04:51.561166Z,651,250,1.0,35.3,11758.67,73.5
2025-12-09T18:04:51.588483Z,651,254,1.0,25.0,11758.18,73.5
2025-12-09T18:04:51.610357Z,651,257,1.0,37.5,11756.37,73.4
2025-12-09T18:04:51.629374Z,658,250,1.0,0.0,11756.25,73.4
2025-12-09T18:04:51.657323Z,664,247,1.0,12.5,11759.28,73.5
2025-12-09T18:04:51.704552Z,668,244,1.0,0.0,11756.94,73.5
2025-12-09T18:04:51.738178Z,667,245,1.0,0.0,11762.98,73.5
2025-12-09T18:04:51.766282Z,670,244,1.0,75.0,11766.5,73.5
2025-12-09T18:04:51.808140Z,670,251,1.0,45.8,11776.84,73.6
2025-12-09T18:04:51.865949Z,671,260,1.0,12.0,11780.93,73.6
2025-12-09T18:04:51.896084Z,670,260,1.0,12.5,11777.96,73.6
2025-12-09T18:04:51.928442Z,668,250,1.0,6.2,11780.91,73.6
2025-12-09T18:04:51.963478Z,670,238,1.0,16.7,11777.86,73.6
2025-12-09T18:04:51.983501Z,676,232,1.0,12.5,11779.41,73.6
2025-12-09T18:04:52.008839Z,680,230,1.0,0.0,11777.32,73.6
2025-12-09T18:04:52.029780Z,676,228,1.0,12.5,11778.63,73.6
2025-12-09T18:04:52.057023Z,670,231,1.0,17.6,11776.08,73.6
2025-12-09T18:04:52.104289Z,665,238,1.0,25.0,11775.68,73.6
2025-12-09T18:04:52.140516Z,661,251,1.0,12.5,11772.86,73.6
2025-12-09T18:04:52.167427Z,657,258,1.0,6.2,11771.73,73.5
2025-12-09T18:04:52.198470Z,661,261,1.0,6.2,11770.61,73.5
2025-12-09T18:04:52.231572Z,660,264,1.0,6.2,11769.85,73.5
2025-12-09T18:04:52.299120Z,659,266,1.0,0.0,11766.64,73.5
2025-12-09T18:04:52.329392Z,651,262,1.0,100.0,11764.29,73.5
2025-12-09T18:04:52.351745Z,650,253,1.0,0.0,11763.7,73.5
2025-12-09T18:04:52.382866Z,646,253,1.0,6.2,11763.09,73.5
2025-12-09T18:04:52.402371Z,650,250,1.0,12.5,11762.66,73.5
2025-12-09T18:04:52.424685Z,658,250,1.0,0.0,11762.17,73.5
2025-12-09T18:04:52.478009Z,669,239,1.0,10.3,11761.16,73.5
2025-12-09T18:04:52.504047Z,673,233,1.0,0.0,11761.29,73.5
2025-12-09T18:04:52.537256Z,672,232,1.0,6.2,11761.41,73.5
2025-12-09T18:04:52.576168Z,672,236,1.0,37.5,11761.48,73.5
2025-12-09T18:04:52.601113Z,672,246,1.0,12.5,11765.74,73.5
2025-12-09T18:04:52.667923Z,667,251,1.0,65.8,11776.23,73.6
2025-12-09T18:04:52.695757Z,662,256,1.0,0.0,11779.05,73.6
2025-12-09T18:04:52.729057Z,658,254,1.0,18.2,11775.94,73.6
2025-12-09T18:04:52.749063Z,660,248,1.0,20.0,11779.3,73.6
2025-12-09T18:04:52.768700Z,659,241,1.0,12.5,11774.72,73.6
2025-12-09T18:04:52.795934Z,663,236,1.0,66.7,11777.11,73.6
2025-12-09T18:04:52.826210Z,666,244,1.0,35.3,11774.29,73.6
2025-12-09T18:04:52.871798Z,668,244,1.0,4.3,11777.38,73.6
2025-12-09T18:04:52.903230Z,666,245,1.0,5.9,11774.77,73.6
2025-12-09T18:04:52.935954Z,667,237,1.0,6.2,11777.26,73.6
2025-12-09T18:04:52.971299Z,669,234,1.0,0.0,11774.8,73.6
2025-12-09T18:04:53.006049Z,664,236,1.0,6.2,11777.09,73.6
2025-12-09T18:04:53.031552Z,641,242,1.0,56.2,11774.57,73.6
2025-12-09T18:04:53.096925Z,618,246,1.0,25.0,11776.61,73.6
2025-12-09T18:04:53.131955Z,602,251,1.0,18.8,11774.92,73.6
2025-12-09T18:04:53.153880Z,597,255,1.0,12.5,11775.74,73.6
2025-12-09T18:04:53.180048Z,594,266,1.0,0.0,11774.67,73.6
2025-12-09T18:04:53.198000Z,588,267,1.0,12.5,11775.75,73.6
2025-12-09T18:04:53.225979Z,584,272,1.0,0.0,11774.59,73.6
2025-12-09T18:04:53.271190Z,588,263,1.0,4.2,11774.92,73.6
2025-12-09T18:04:53.308165Z,596,269,1.0,12.5,11773.41,73.6
2025-12-09T18:04:53.335636Z,599,278,1.0,37.5,11773.25,73.6
2025-12-09T18:04:53.368713Z,600,286,1.0,26.3,11771.91,73.5
2025-12-09T18:04:53.398187Z,598,278,1.0,0.0,11771.52,73.5
2025-12-09T18:04:53.435523Z,601,271,1.0,8.3,11769.6,73.5
2025-12-09T18:04:53.496028Z,593,269,1.0,9.4,11764.82,73.5
2025-12-09T18:04:53.530078Z,590,274,1.0,6.2,11763.34,73.5
2025-12-09T18:04:53.553049Z,589,273,1.0,0.0,11762.95,73.5
2025-12-09T18:04:53.573635Z,590,270,1.0,56.2,11762.05,73.5
2025-12-09T18:04:53.598331Z,588,265,1.0,12.5,11761.37,73.5
2025-12-09T18:04:53.629051Z,582,266,1.0,18.8,11760.34,73.5
2025-12-09T18:04:53.672805Z,579,270,1.0,37.5,11760.18,73.5
2025-12-09T18:04:53.704375Z,572,273,1.0,0.0,11759.96,73.5
2025-12-09T18:04:53.737857Z,577,274,1.0,18.8,11761.26,73.5
2025-12-09T18:04:53.768408Z,584,274,1.0,6.2,11761.25,73.5
2025-12-09T18:04:53.805628Z,596,279,1.0,87.5,11712.96,73.2
2025-12-09T18:04:53.833343Z,598,277,1.0,25.0,11712.62,73.2
2025-12-09T18:04:53.897265Z,595,268,1.0,9.4,11715.45,73.2
2025-12-09T18:04:53.916213Z,588,256,1.0,26.7,11720.53,73.2
2025-12-09T18:04:53.938155Z,586,254,1.0,50.0,11729.36,73.3
2025-12-09T18:04:53.963155Z,581,264,1.0,25.0,11727.52,73.3
2025-12-09T18:04:53.992054Z,576,270,1.0,0.0,11727.22,73.3
2025-12-09T18:04:54.041863Z,568,272,1.0,6.9,11725.61,73.3
2025-12-09T18:04:54.072131Z,567,262,1.0,27.3,11727.18,73.3
2025-12-09T18:04:54.104824Z,578,255,1.0,25.0,11724.96,73.3
2025-12-09T18:04:54.140574Z,585,248,1.0,12.5,11725.4,73.3
2025-12-09T18:04:54.169501Z,585,254,1.0,6.7,11724.77,73.3
2025-12-09T18:04:54.198134Z,584,257,1.0,6.2,11725.21,73.3
2025-12-09T18:04:54.263230Z,583,257,1.0,3.0,11724.52,73.3
2025-12-09T18:04:54.299586Z,588,261,1.0,11.8,11724.17,73.2
2025-12-09T18:04:54.321862Z,586,268,1.0,100.0,11725.28,73.3
2025-12-09T18:04:54.350466Z,583,275,1.0,50.0,11724.59,73.3
2025-12-09T18:04:54.415262Z,577,269,1.0,8.8,11724.72,73.3
2025-12-09T18:04:54.435543Z,688,317,1.0,7.1,11725.45,73.3
2025-12-09T18:04:54.465173Z,857,417,1.0,18.8,11726.95,73.3
2025-12-09T18:04:54.487116Z,1057,500,1.0,0.0,11724.79,73.3
2025-12-09T18:04:54.507335Z,1158,555,1.0,12.5,11726.08,73.3
2025-12-09T18:04:54.540360Z,1213,582,1.0,6.2,11724.99,73.3
2025-12-09T18:04:54.569968Z,1223,629,1.0,25.0,11725.8,73.3
2025-12-09T18:04:54.599000Z,1228,660,1.0,56.2,11724.91,73.3
2025-12-09T18:04:54.637652Z,1221,675,1.0,12.5,11725.14,73.3
2025-12-09T18:04:54.696744Z,1235,693,1.0,15.4,11725.16,73.3
2025-12-09T18:04:54.715287Z,1242,702,1.0,7.1,11724.65,73.3
2025-12-09T18:04:54.737430Z,1245,700,1.0,0.0,11724.25,73.2
2025-12-09T18:04:54.761261Z,1247,674,1.0,31.2,11724.05,73.2
2025-12-09T18:04:54.796034Z,1234,659,1.0,56.2,11723.23,73.2
2025-12-09T18:04:54.841944Z,1237,613,1.0,54.2,11722.29,73.2
2025-12-09T18:04:54.874350Z,1208,615,1.0,6.2,11722.07,73.2
2025-12-09T18:04:54.905812Z,1208,618,1.0,6.2,11720.86,73.2
2025-12-09T18:04:54.937149Z,1208,657,1.0,6.2,11719.52,73.2
2025-12-09T18:04:54.971205Z,1153,677,1.0,0.0,11717.86,73.2
2025-12-09T18:04:54.998635Z,942,656,1.0,18.8,11716.82,73.2
2025-12-09T18:04:55.033490Z,632,613,1.0,0.0,11716.31,73.2
2025-12-09T18:04:55.095644Z,392,565,1.0,56.2,11715.83,73.2
2025-12-09T18:04:55.117522Z,280,544,1.0,12.5,11715.25,73.2
2025-12-09T18:04:55.147755Z,247,550,1.0,12.5,11714.25,73.2
2025-12-09T18:04:55.166219Z,267,550,1.0,7.7,11713.71,73.2
2025-12-09T18:04:55.194810Z,303,522,1.0,0.0,11713.38,73.2
2025-12-09T18:04:55.240687Z,371,526,1.0,12.5,11726.7,73.3
2025-12-09T18:04:55.272176Z,485,530,1.0,6.2,11724.28,73.2
2025-12-09T18:04:55.310589Z,597,575,1.0,30.4,11727.5,73.3
2025-12-09T18:04:55.336858Z,672,594,1.0,22.2,11728.06,73.3
2025-12-09T18:04:55.368313Z,688,586,1.0,56.2,11726.21,73.3
2025-12-09T18:04:55.402082Z,708,589,1.0,13.6,11729.3,73.3
2025-12-09T18:04:55.434485Z,726,591,1.0,5.6,11726.42,73.3
2025-12-09T18:04:55.469717Z,695,606,0.835,56.2,11728.94,73.3
2025-12-09T18:04:55.496132Z,553,535,0.645,6.2,11725.51,73.3
2025-12-09T18:04:55.531053Z,401,510,1.0,6.7,11729.02,73.3
2025-12-09T18:04:55.562379Z,297,527,1.0,50.0,11725.95,73.3
2025-12-09T18:04:55.608797Z,324,607,1.0,44.0,11729.84,73.3
2025-12-09T18:04:55.644720Z,363,622,1.0,0.0,11725.33,73.3
2025-12-09T18:04:55.674967Z,390,591,1.0,6.2,11727.75,73.3
2025-12-09T18:04:55.706644Z,492,570,1.0,50.0,11725.02,73.3
2025-12-09T18:04:55.736996Z,623,553,1.0,58.8,11728.18,73.3
2025-12-09T18:04:55.768210Z,731,531,1.0,6.2,11725.09,73.3
2025-12-09T18:04:55.803994Z,730,496,1.0,18.8,11727.48,73.3
2025-12-09T18:04:55.831611Z,734,462,1.0,31.2,11727.3,73.3
2025-12-09T18:04:55.864033Z,662,418,1.0,52.9,11728.07,73.3
2025-12-09T18:04:55.896277Z,596,363,1.0,12.5,11727.68,73.3
2025-12-09T18:04:55.934098Z,502,294,1.0,13.6,11728.54,73.3
2025-12-09T18:04:55.965071Z,477,252,1.0,11.1,11729.02,73.3
2025-12-09T18:04:56.008172Z,438,204,1.0,0.0,11727.36,73.3
2025-12-09T18:04:56.041686Z,346,193,1.0,13.6,11725.24,73.3
2025-12-09T18:04:56.073707Z,242,200,1.0,50.0,11725.13,73.3
2025-12-09T18:04:56.105307Z,144,231,1.0,78.6,11723.85,73.2
2025-12-09T18:04:56.143055Z,104,244,1.0,50.0,11721.93,73.2
2025-12-09T18:04:56.171027Z,89,256,1.0,6.2,11718.92,73.2
2025-12-09T18:04:56.203257Z,75,284,1.0,6.7,11717.05,73.2
2025-12-09T18:04:56.231941Z,60,301,1.0,5.9,11716.84,73.2
2025-12-09T18:04:56.266399Z,38,307,1.0,6.2,11715.37,73.2
2025-12-09T18:04:56.299632Z,23,307,1.0,6.2,11713.66,73.2
2025-12-09T18:04:56.330936Z,18,332,1.0,87.5,11712.85,73.2
2025-12-09T18:04:56.362127Z,16,345,1.0,50.0,11712.11,73.2
2025-12-09T18:04:56.409718Z,14,361,1.0,0.0,11711.57,73.2
2025-12-09T18:04:56.443057Z,16,359,1.0,50.0,11714.5,73.2
2025-12-09T18:04:56.477963Z,17,378,1.0,31.6,11720.9,73.2
2025-12-09T18:04:56.505218Z,18,386,1.0,0.0,11721.52,73.2
2025-12-09T18:04:56.537553Z,11,405,1.0,6.2,11725.52,73.3
2025-12-09T18:04:56.569151Z,8,413,1.0,23.5,11721.1,73.2
2025-12-09T18:04:56.599359Z,6,429,1.0,37.5,11725.65,73.3
2025-12-09T18:04:56.636714Z,20,441,1.0,38.1,11724.2,73.2
2025-12-09T18:04:56.663539Z,27,450,1.0,0.0,11722.12,73.2
2025-12-09T18:04:56.697017Z,31,452,1.0,11.1,11719.74,73.2
2025-12-09T18:04:56.729402Z,18,451,1.0,5.3,11721.96,73.2
2025-12-09T18:04:56.760677Z,11,436,1.0,31.2,11719.07,73.2
2025-12-09T18:04:56.812769Z,8,432,1.0,33.3,11723.65,73.2
2025-12-09T18:04:56.841234Z,6,441,1.0,41.2,11726.94,73.3
2025-12-09T18:04:56.872923Z,6,484,1.0,11.8,11723.76,73.2
2025-12-09T18:04:56.924558Z,5,491,1.0,66.7,11727.92,73.3
2025-12-09T18:04:56.949555Z,16,503,1.0,88.2,11723.38,73.2
2025-12-09T18:04:56.973493Z,22,480,1.0,12.5,11725.62,73.3
2025-12-09T18:04:57.003077Z,25,471,1.0,6.2,11724.96,73.3
2025-12-09T18:04:57.030940Z,66,439,1.0,43.8,11725.9,73.3
2025-12-09T18:04:57.064765Z,87,435,1.0,18.8,11723.82,73.2
2025-12-09T18:04:57.097695Z,99,443,1.0,82.4,11725.88,73.3
2025-12-09T18:04:57.134101Z,53,455,1.0,12.5,11724.12,73.2
2025-12-09T18:04:57.177175Z,45,456,1.0,4.2,11724.76,73.3
2025-12-09T18:04:57.208426Z,45,450,1.0,6.2,11723.98,73.2
2025-12-09T18:04:57.241171Z,55,460,1.0,6.2,11724.89,73.3
2025-12-09T18:04:57.277554Z,49,467,1.0,8.7,11723.16,73.2
2025-12-09T18:04:57.309712Z,42,478,1.0,35.3,11722.66,73.2
2025-12-09T18:04:57.337636Z,28,485,1.0,25.0,11723.07,73.2
2025-12-09T18:04:57.368693Z,16,499,1.0,43.8,11721.18,73.2
2025-12-09T18:04:57.403035Z,87,509,1.0,8.3,11720.45,73.2
2025-12-09T18:04:57.433128Z,141,510,1.0,6.2,11719.69,73.2
2025-12-09T18:04:57.469907Z,203,501,1.0,31.2,11718.18,73.2
2025-12-09T18:04:57.496355Z,237,497,1.0,6.2,11716.23,73.2
2025-12-09T18:04:57.530214Z,286,500,1.0,6.2,11715.73,73.2
2025-12-09T18:04:57.577198Z,365,531,1.0,36.0,11714.89,73.2
2025-12-09T18:04:57.608451Z,378,546,1.0,6.2,11714.36,73.2
2025-12-09T18:04:57.646111Z,333,538,1.0,0.0,11712.85,73.2
2025-12-09T18:04:57.674017Z,275,517,1.0,12.5,11714.76,73.2
2025-12-09T18:04:57.704934Z,211,495,1.0,25.0,11721.59,73.2
2025-12-09T18:04:57.736982Z,178,503,1.0,64.7,11702.09,73.1
2025-12-09T18:04:57.769318Z,107,515,1.0,0.0,11698.39,73.1
2025-12-09T18:04:57.805021Z,56,538,1.0,12.5,11693.49,73.1
2025-12-09T18:04:57.831553Z,31,543,1.0,41.2,11700.83,73.1
2025-12-09T18:04:57.864019Z,18,522,1.0,50.0,11694.62,73.1
2025-12-09T18:04:57.897180Z,11,522,1.0,6.2,11699.24,73.1
2025-12-09T18:04:57.930024Z,8,546,1.0,6.2,11695.75,73.1
2025-12-09T18:04:57.980093Z,7,577,1.0,9.7,11701.2,73.1
2025-12-09T18:04:58.007036Z,6,595,1.0,0.0,11699.45,73.1
2025-12-09T18:04:58.042206Z,6,593,1.0,9.5,11702.27,73.1
2025-12-09T18:04:58.074457Z,5,598,1.0,52.6,11697.59,73.1
2025-12-09T18:04:58.105185Z,5,565,1.0,70.6,11703.27,73.1
2025-12-09T18:04:58.142573Z,5,546,1.0,18.8,11701.79,73.1
2025-12-09T18:04:58.168553Z,5,502,1.0,18.8,11700.63,73.1
2025-12-09T18:04:58.201401Z,5,517,1.0,6.2,11700.07,73.1
2025-12-09T18:04:58.234959Z,5,505,1.0,6.7,11701.19,73.1
2025-12-09T18:04:58.265108Z,5,516,1.0,12.5,11698.78,73.1
2025-12-09T18:04:58.301484Z,5,500,1.0,5.9,11698.87,73.1
2025-12-09T18:04:58.330478Z,5,502,1.0,62.5,11701.88,73.1
2025-12-09T18:04:58.376806Z,5,514,1.0,58.3,11699.46,73.1
2025-12-09T18:04:58.408914Z,5,488,1.0,18.8,11700.34,73.1
2025-12-09T18:04:58.440685Z,5,465,1.0,6.2,11700.06,73.1
2025-12-09T18:04:58.477988Z,5,459,1.0,62.5,11700.91,73.1
2025-12-09T18:04:58.512905Z,5,475,1.0,8.7,11698.18,73.1
2025-12-09T18:04:58.537500Z,5,487,1.0,0.0,11700.06,73.1
2025-12-09T18:04:58.571137Z,5,468,1.0,29.4,11698.24,73.1
2025-12-09T18:04:58.599571Z,5,436,1.0,72.2,11698.66,73.1
2025-12-09T18:04:58.635352Z,5,459,1.0,20.0,11696.45,73.1
2025-12-09T18:04:58.665472Z,5,474,1.0,0.0,11697.64,73.1
2025-12-09T18:04:58.697369Z,5,519,1.0,9.5,11695.12,73.1
2025-12-09T18:04:58.745518Z,5,527,1.0,3.8,11695.38,73.1
2025-12-09T18:04:58.777105Z,5,555,1.0,6.2,11693.62,73.1
2025-12-09T18:04:58.811696Z,5,572,1.0,29.4,11692.36,73.0
2025-12-09T18:04:58.843433Z,5,549,1.0,75.0,11690.96,73.0
2025-12-09T18:04:58.874790Z,5,522,1.0,6.2,11690.71,73.0
2025-12-09T18:04:58.906779Z,5,531,1.0,6.2,11689.53,73.0
2025-12-09T18:04:58.941193Z,5,579,1.0,6.2,11691.43,73.0
2025-12-09T18:04:58.975099Z,5,614,1.0,62.5,11694.27,73.1
2025-12-09T18:04:58.999038Z,5,558,1.0,18.8,11696.99,73.1
2025-12-09T18:04:59.032125Z,5,502,1.0,52.9,11695.17,73.1
2025-12-09T18:04:59.064709Z,5,483,1.0,12.5,11698.13,73.1
2025-12-09T18:04:59.096699Z,5,555,1.0,100.0,11694.11,73.1
2025-12-09T18:04:59.147175Z,5,621,1.0,37.5,11697.04,73.1
2025-12-09T18:04:59.178357Z,5,666,1.0,12.5,11703.98,73.1
2025-12-09T18:04:59.213636Z,5,614,1.0,14.3,11697.51,73.1
2025-12-09T18:04:59.244639Z,5,588,1.0,0.0,11704.39,73.1
2025-12-09T18:04:59.271675Z,5,548,1.0,0.0,11697.98,73.1
2025-12-09T18:04:59.309355Z,11,560,1.0,20.8,11702.88,73.1
2025-12-09T18:04:59.337507Z,68,526,1.0,25.0,11698.93,73.1
2025-12-09T18:04:59.368952Z,117,520,1.0,12.5,11703.88,73.1
2025-12-09T18:04:59.398986Z,136,526,1.0,6.2,11698.48,73.1
2025-12-09T18:04:59.435410Z,132,538,1.0,8.3,11704.23,73.1
2025-12-09T18:04:59.468380Z,139,529,1.0,12.5,11701.0,73.1
2025-12-09T18:04:59.496714Z,143,516,1.0,6.2,11702.3,73.1
2025-12-09T18:04:59.545027Z,104,491,1.0,4.2,11700.46,73.1
2025-12-09T18:04:59.578517Z,55,458,1.0,52.9,11703.03,73.1
2025-12-09T18:04:59.609171Z,30,456,1.0,38.9,11700.03,73.1
2025-12-09T18:04:59.645177Z,26,472,1.0,0.0,11700.73,73.1
2025-12-09T18:04:59.673647Z,23,492,1.0,56.2,11702.08,73.1
2025-12-09T18:04:59.705314Z,22,471,1.0,6.2,11701.31,73.1
2025-12-09T18:04:59.740310Z,13,440,1.0,6.2,11705.53,73.1
2025-12-09T18:04:59.768600Z,9,430,1.0,18.8,11702.48,73.1
2025-12-09T18:04:59.804697Z,7,414,1.0,37.5,11705.12,73.1
2025-12-09T18:04:59.833536Z,7,416,1.0,37.5,11702.34,73.1
2025-12-09T18:04:59.865138Z,6,414,1.0,31.2,11704.49,73.1
2025-12-09T18:04:59.896248Z,6,454,1.0,18.8,11701.8,73.1
2025-12-09T18:04:59.944892Z,6,457,1.0,12.0,11703.68,73.1
2025-12-09T18:04:59.980343Z,5,450,1.0,16.7,11700.45,73.1
2025-12-09T18:05:00.010613Z,5,433,1.0,37.5,11705.11,73.1
2025-12-09T18:05:00.040533Z,5,463,1.0,36.4,11700.36,73.1
2025-12-09T18:05:00.073445Z,5,481,1.0,52.4,11700.14,73.1
2025-12-09T18:05:00.103365Z,5,506,1.0,75.0,11696.53,73.1
2025-12-09T18:05:00.144256Z,5,489,1.0,33.3,11693.77,73.1
2025-12-09T18:05:00.171184Z,5,503,1.0,93.8,11697.37,73.1
2025-12-09T18:05:00.198876Z,5,483,1.0,18.8,11705.55,73.1
2025-12-09T18:05:00.231714Z,18,490,1.0,6.7,11697.64,73.1
2025-12-09T18:05:00.265001Z,25,479,1.0,5.9,11703.51,73.1
2025-12-09T18:05:00.318345Z,28,476,1.0,8.3,11700.72,73.1
2025-12-09T18:05:00.345639Z,17,476,1.0,68.8,11703.94,73.1
2025-12-09T18:05:00.376423Z,11,451,1.0,12.5,11705.3,73.1
2025-12-09T18:05:00.410382Z,8,403,1.0,0.0,11702.09,73.1
2025-12-09T18:05:00.441037Z,6,376,1.0,6.2,11704.77,73.1
2025-12-09T18:05:00.476317Z,5,363,1.0,58.8,11701.59,73.1
2025-12-09T18:05:00.504781Z,5,386,1.0,6.2,11705.95,73.1
2025-12-09T18:05:00.538344Z,5,407,1.0,6.2,11701.8,73.1
2025-12-09T18:05:00.568082Z,7,434,1.0,12.5,11705.62,73.1
2025-12-09T18:05:00.599281Z,8,442,1.0,31.2,11702.72,73.1
2025-12-09T18:05:00.636155Z,8,432,1.0,54.5,11705.64,73.1
2025-12-09T18:05:00.664022Z,8,427,1.0,0.0,11702.03,73.1
2025-12-09T18:05:00.712425Z,8,468,1.0,7.7,11705.77,73.1
2025-12-09T18:05:00.745896Z,8,489,1.0,4.5,11702.21,73.1
2025-12-09T18:05:00.776572Z,15,531,1.0,6.2,11705.63,73.1
2025-12-09T18:05:00.811762Z,18,491,1.0,50.0,11703.11,73.1
2025-12-09T18:05:00.842618Z,20,484,1.0,50.0,11705.18,73.1
2025-12-09T18:05:00.872250Z,12,461,1.0,6.2,11702.85,73.1
2025-12-09T18:05:00.905057Z,9,487,1.0,6.2,11705.12,73.1
2025-12-09T18:05:00.936704Z,38,520,0.949,6.2,11703.12,73.1
2025-12-09T18:05:00.973902Z,64,549,1.0,0.0,11703.46,73.1
2025-12-09T18:05:00.998834Z,90,604,1.0,12.5,11702.81,73.1
2025-12-09T18:05:01.033241Z,94,638,1.0,0.0,11703.35,73.1
2025-12-09T18:05:01.065278Z,147,662,1.0,6.2,11701.88,73.1
2025-12-09T18:05:01.112755Z,268,648,1.0,62.5,11702.91,73.1
2025-12-09T18:05:01.147573Z,416,611,1.0,50.0,11698.45,73.1
2025-12-09T18:05:01.176652Z,551,571,1.0,6.2,11696.74,73.1
2025-12-09T18:05:01.209264Z,646,546,1.0,12.5,11695.52,73.1
2025-12-09T18:05:01.241267Z,715,526,1.0,6.2,11694.77,73.1
2025-12-09T18:05:01.272862Z,717,499,1.0,6.2,11693.64,73.1
2025-12-09T18:05:01.309813Z,675,502,1.0,20.8,11693.48,73.1
2025-12-09T18:05:01.337267Z,627,515,1.0,75.0,11694.02,73.1
2025-12-09T18:05:01.383300Z,593,553,1.0,50.0,11692.69,73.1
2025-12-09T18:05:01.411223Z,514,559,1.0,100.0,11693.05,73.1
2025-12-09T18:05:01.436159Z,384,568,1.0,62.5,11694.28,73.1
2025-12-09T18:05:01.482535Z,240,580,1.0,20.8,11700.62,73.1
2025-12-09T18:05:01.522350Z,262,603,1.0,18.8,11707.3,73.1
2025-12-09T18:05:01.545297Z,361,627,1.0,25.0,11701.77,73.1
2025-12-09T18:05:01.583912Z,528,649,1.0,31.2,11705.79,73.1
2025-12-09T18:05:01.612290Z,553,670,1.0,37.5,11702.71,73.1
2025-12-09T18:05:01.644235Z,561,674,1.0,6.2,11706.93,73.1
2025-12-09T18:05:01.676189Z,546,654,1.0,100.0,11700.26,73.1
2025-12-09T18:05:01.705063Z,551,618,1.0,12.5,11706.07,73.1
2025-12-09T18:05:01.743930Z,537,598,1.0,0.0,11701.33,73.1
2025-12-09T18:05:01.772862Z,552,612,1.0,6.2,11705.02,73.1
2025-12-09T18:05:01.803530Z,534,619,1.0,12.5,11700.12,73.1
2025-12-09T18:05:01.833286Z,492,600,1.0,31.2,11705.8,73.1
2025-12-09T18:05:01.879606Z,413,591,1.0,20.8,11700.12,73.1
2025-12-09T18:05:01.914552Z,347,575,1.0,6.2,11705.6,73.1
2025-12-09T18:05:01.945900Z,315,600,1.0,6.2,11701.06,73.1
2025-12-09T18:05:01.979229Z,234,589,1.0,12.5,11705.25,73.1
2025-12-09T18:05:02.009208Z,166,584,1.0,37.5,11700.7,73.1
2025-12-09T18:05:02.040568Z,86,539,1.0,12.5,11705.61,73.1
2025-12-09T18:05:02.073420Z,45,495,1.0,25.0,11700.48,73.1
2025-12-09T18:05:02.104758Z,25,500,1.0,25.0,11705.04,73.1
2025-12-09T18:05:02.141842Z,15,531,1.0,12.5,11701.57,73.1
2025-12-09T18:05:02.176855Z,10,578,1.0,6.2,11703.6,73.1
2025-12-09T18:05:02.199621Z,8,587,1.0,12.5,11701.31,73.1
2025-12-09T18:05:02.231229Z,13,591,1.0,6.2,11703.84,73.1
2025-12-09T18:05:02.280372Z,16,565,1.0,4.2,11701.13,73.1
2025-12-09T18:05:02.317978Z,17,579,1.0,12.5,11700.36,73.1
2025-12-09T18:05:02.345449Z,24,580,1.0,75.0,11703.12,73.1
2025-12-09T18:05:02.377288Z,39,606,1.0,62.5,11699.94,73.1
2025-12-09T18:05:02.410250Z,46,585,1.0,0.0,11702.3,73.1
2025-12-09T18:05:02.441036Z,41,581,1.0,6.2,11698.93,73.1
2025-12-09T18:05:02.477254Z,36,590,1.0,62.5,11699.42,73.1
2025-12-09T18:05:02.504184Z,34,593,1.0,12.5,11700.83,73.1
2025-12-09T18:05:02.535101Z,30,598,1.0,18.8,11707.2,73.1
2025-12-09T18:05:02.569672Z,17,561,1.0,12.5,11700.06,73.1
2025-12-09T18:05:02.601969Z,11,535,1.0,47.1,11706.54,73.1
2025-12-09T18:05:02.637465Z,8,496,1.0,20.8,11703.39,73.1
2025-12-09T18:05:02.680137Z,6,458,1.0,0.0,11705.95,73.1
2025-12-09T18:05:02.713565Z,6,466,1.0,10.0,11702.86,73.1
2025-12-09T18:05:02.745029Z,34,475,1.0,10.0,11706.66,73.1
2025-12-09T18:05:02.777791Z,48,484,1.0,6.2,11702.51,73.1
2025-12-09T18:05:02.812178Z,55,466,1.0,56.2,11704.2,73.1
2025-12-09T18:05:02.841867Z,30,454,1.0,70.6,11703.18,73.1
2025-12-09T18:05:02.872891Z,55,473,1.0,6.2,11703.61,73.1
2025-12-09T18:05:02.905758Z,68,492,1.0,6.2,11702.25,73.1
2025-12-09T18:05:02.937092Z,74,527,1.0,6.7,11704.48,73.1
2025-12-09T18:05:02.974317Z,40,543,1.0,0.0,11704.55,73.1
2025-12-09T18:05:03.003558Z,22,530,1.0,31.2,11702.32,73.1
2025-12-09T18:05:03.047774Z,14,507,1.0,66.7,11703.84,73.1
2025-12-09T18:05:03.080167Z,9,473,1.0,12.5,11703.21,73.1
2025-12-09T18:05:03.112686Z,7,482,1.0,35.3,11703.16,73.1
2025-12-09T18:05:03.147599Z,6,455,1.0,56.2,11701.54,73.1
2025-12-09T18:05:03.177749Z,5,485,1.0,6.2,11704.35,73.1
2025-12-09T18:05:03.209427Z,5,469,1.0,6.2,11702.18,73.1
2025-12-09T18:05:03.241850Z,5,490,1.0,6.2,11704.06,73.1
2025-12-09T18:05:03.273706Z,5,482,1.0,17.6,11702.41,73.1
2025-12-09T18:05:03.313047Z,18,505,1.0,25.0,11699.85,73.1
2025-12-09T18:05:03.337051Z,24,518,1.0,12.5,11697.04,73.1
2025-12-09T18:05:03.368776Z,50,504,1.0,43.8,11699.73,73.1
2025-12-09T18:05:03.401732Z,51,484,1.0,4.5,11697.19,73.1
2025-12-09T18:05:03.449618Z,51,476,1.0,3.8,11698.97,73.1
2025-12-09T18:05:03.484261Z,30,476,1.0,12.5,11700.59,73.1
2025-12-09T18:05:03.519665Z,20,469,1.0,0.0,11699.79,73.1
2025-12-09T18:05:03.544899Z,15,442,1.0,12.5,11698.49,73.1
2025-12-09T18:05:03.579970Z,10,475,1.0,56.2,11697.38,73.1
2025-12-09T18:05:03.609749Z,12,507,1.0,12.5,11696.77,73.1
2025-12-09T18:05:03.645002Z,22,516,1.0,11.8,11694.53,73.1
2025-12-09T18:05:03.676674Z,64,491,0.98,6.2,11694.0,73.1
2025-12-09T18:05:03.706174Z,98,492,0.94,6.2,11693.02,73.1
2025-12-09T18:05:03.739906Z,179,512,1.0,52.9,11694.73,73.1
2025-12-09T18:05:03.771784Z,185,543,0.99,18.8,11702.16,73.1
2025-12-09T18:05:03.804122Z,169,550,0.875,18.8,11700.46,73.1
2025-12-09T18:05:03.847682Z,95,557,0.949,33.3,11708.27,73.1
2025-12-09T18:05:03.880974Z,56,542,0.931,6.2,11701.26,73.1
2025-12-09T18:05:03.913119Z,37,563,0.97,6.2,11708.54,73.2
2025-12-09T18:05:03.945623Z,21,564,1.0,12.5,11702.06,73.1
2025-12-09T18:05:03.979082Z,15,547,1.0,13.6,11706.74,73.1
2025-12-09T18:05:04.007964Z,135,469,1.0,0.0,11700.67,73.1
2025-12-09T18:05:04.041663Z,317,406,1.0,13.6,11707.68,73.1
2025-12-09T18:05:04.072618Z,527,345,1.0,42.1,11700.8,73.1
2025-12-09T18:05:04.105304Z,627,313,1.0,35.3,11708.01,73.1
2025-12-09T18:05:04.138838Z,675,302,1.0,18.8,11702.16,73.1
2025-12-09T18:05:04.175732Z,703,303,1.0,11.8,11706.23,73.1
2025-12-09T18:05:04.199096Z,722,309,1.0,12.5,11701.69,73.1
2025-12-09T18:05:04.246768Z,730,304,1.0,4.3,11706.9,73.1
2025-12-09T18:05:04.279454Z,740,297,1.0,6.2,11701.36,73.1
2025-12-09T18:05:04.313551Z,749,285,1.0,0.0,11705.01,73.1
2025-12-09T18:05:04.344299Z,760,285,1.0,100.0,11702.98,73.1
2025-12-09T18:05:04.377468Z,758,277,1.0,0.0,11705.69,73.1
2025-12-09T18:05:04.409244Z,755,272,1.0,6.2,11702.63,73.1
2025-12-09T18:05:04.439939Z,752,268,1.0,58.8,11706.15,73.1
2025-12-09T18:05:04.475311Z,749,272,1.0,62.5,11700.86,73.1
2025-12-09T18:05:04.504587Z,748,278,1.0,6.2,11700.11,73.1
2025-12-09T18:05:04.537232Z,751,279,1.0,6.2,11699.17,73.1
2025-12-09T18:05:04.567029Z,755,282,1.0,6.2,11700.73,73.1
2025-12-09T18:05:04.616904Z,751,276,1.0,36.0,11698.5,73.1
2025-12-09T18:05:04.653564Z,742,272,1.0,16.7,11701.27,73.1
2025-12-09T18:05:04.679764Z,738,274,1.0,0.0,11704.04,73.1
2025-12-09T18:05:04.712080Z,744,287,1.0,11.8,11700.0,73.1
2025-12-09T18:05:04.745480Z,750,293,1.0,4.3,11702.22,73.1
2025-12-09T18:05:04.776190Z,760,294,1.0,11.1,11699.16,73.1
2025-12-09T18:05:04.812045Z,767,290,1.0,13.0,11699.02,73.1
2025-12-09T18:05:04.840622Z,772,294,1.0,31.2,11696.65,73.1
2025-12-09T18:05:04.873041Z,771,291,1.0,23.5,11697.84,73.1
2025-12-09T18:05:04.905905Z,766,285,1.0,18.8,11701.9,73.1
2025-12-09T18:05:04.935476Z,762,274,1.0,14.3,11704.3,73.1
2025-12-09T18:05:04.972203Z,760,269,1.0,0.0,11709.61,73.2
2025-12-09T18:05:05.018208Z,760,268,1.0,4.2,11701.88,73.1
2025-12-09T18:05:05.047848Z,763,272,1.0,52.9,11708.74,73.2
2025-12-09T18:05:05.080155Z,762,276,1.0,64.7,11702.86,73.1
2025-12-09T18:05:05.112354Z,766,285,1.0,6.2,11707.55,73.1
2025-12-09T18:05:05.147130Z,770,286,1.0,12.5,11700.65,73.1
2025-12-09T18:05:05.175394Z,769,290,1.0,6.2,11708.46,73.1
2025-12-09T18:05:05.209068Z,768,284,1.0,6.2,11701.78,73.1
2025-12-09T18:05:05.240061Z,757,276,1.0,6.2,11708.26,73.1
2025-12-09T18:05:05.271112Z,752,266,1.0,6.2,11702.56,73.1
2025-12-09T18:05:05.307429Z,748,261,1.0,16.7,11707.48,73.1
2025-12-09T18:05:05.335445Z,752,262,1.0,0.0,11701.4,73.1
2025-12-09T18:05:05.369433Z,754,271,1.0,18.8,11708.01,73.1
2025-12-09T18:05:05.416276Z,753,273,1.0,11.1,11702.84,73.1
2025-12-09T18:05:05.448738Z,759,274,1.0,5.0,11706.4,73.1
2025-12-09T18:05:05.483868Z,759,271,1.0,12.5,11706.26,73.1
2025-12-09T18:05:05.517962Z,765,276,1.0,0.0,11704.17,73.1
2025-12-09T18:05:05.543749Z,766,280,1.0,58.8,11704.98,73.1
2025-12-09T18:05:05.577218Z,770,285,1.0,18.8,11704.98,73.1
2025-12-09T18:05:05.612438Z,768,290,1.0,31.2,11703.32,73.1
2025-12-09T18:05:05.643876Z,763,292,1.0,50.0,11702.82,73.1
2025-12-09T18:05:05.672431Z,758,293,1.0,70.6,11701.4,73.1
2025-12-09T18:05:05.703425Z,754,292,1.0,50.0,11698.95,73.1
2025-12-09T18:05:05.734846Z,748,291,1.0,50.0,11699.7,73.1
2025-12-09T18:05:05.767865Z,743,288,1.0,0.0,11699.75,73.1
2025-12-09T18:05:05.832306Z,748,281,1.0,60.6,11703.92,73.1
2025-12-09T18:05:05.853270Z,751,277,1.0,12.5,11700.82,73.1
2025-12-09T18:05:05.879999Z,753,274,1.0,6.2,11702.5,73.1
2025-12-09T18:05:05.911810Z,747,280,1.0,6.2,11699.11,73.1
2025-12-09T18:05:05.944524Z,745,283,1.0,6.2,11699.69,73.1
2025-12-09T18:05:05.978234Z,744,288,1.0,11.8,11697.65,73.1
2025-12-09T18:05:06.012860Z,747,286,1.0,8.7,11696.8,73.1
2025-12-09T18:05:06.040379Z,752,290,1.0,10.0,11695.06,73.1
2025-12-09T18:05:06.072866Z,755,293,1.0,9.1,11694.96,73.1
2025-12-09T18:05:06.102786Z,752,296,1.0,12.5,11700.77,73.1
2025-12-09T18:05:06.134290Z,754,290,1.0,25.0,11704.04,73.1
2025-12-09T18:05:06.187852Z,751,285,1.0,28.1,11709.49,73.2
2025-12-09T18:05:06.215384Z,754,286,1.0,6.2,11701.96,73.1
2025-12-09T18:05:06.246579Z,753,291,1.0,6.2,11708.97,73.2
2025-12-09T18:05:06.279248Z,757,294,1.0,6.2,11702.83,73.1
2025-12-09T18:05:06.311939Z,758,290,1.0,18.8,11707.12,73.1
2025-12-09T18:05:06.346436Z,760,283,1.0,25.0,11701.3,73.1
2025-12-09T18:05:06.376554Z,755,275,1.0,56.2,11708.05,73.1
2025-12-09T18:05:06.408689Z,754,275,1.0,6.2,11701.76,73.1
2025-12-09T18:05:06.444111Z,753,282,1.0,37.5,11707.83,73.1
2025-12-09T18:05:06.477293Z,757,290,1.0,6.2,11702.75,73.1
2025-12-09T18:05:06.507569Z,761,290,1.0,18.8,11707.14,73.1
2025-12-09T18:05:06.536983Z,765,287,1.0,6.2,11702.26,73.1
2025-12-09T18:05:06.584436Z,771,284,1.0,12.5,11707.41,73.1
2025-12-09T18:05:06.616581Z,769,286,1.0,6.2,11702.66,73.1
2025-12-09T18:05:06.649339Z,766,288,1.0,6.2,11707.54,73.1
2025-12-09T18:05:06.681854Z,761,285,1.0,20.8,11703.29,73.1
2025-12-09T18:05:06.711980Z,767,284,1.0,10.0,11706.56,73.1
2025-12-09T18:05:06.744512Z,773,269,1.0,4.3,11703.11,73.1
2025-12-09T18:05:06.776538Z,781,268,1.0,6.2,11706.77,73.1
2025-12-09T18:05:06.809729Z,774,265,1.0,12.5,11699.23,73.1
2025-12-09T18:05:06.843884Z,770,272,1.0,62.5,11702.94,73.1
2025-12-09T18:05:06.871852Z,762,272,1.0,6.2,11705.68,73.1
2025-12-09T18:05:06.905476Z,758,276,1.0,0.0,11703.43,73.1
2025-12-09T18:05:06.937354Z,753,273,1.0,25.0,11704.68,73.1
2025-12-09T18:05:06.984156Z,755,273,1.0,33.3,11703.43,73.1
2025-12-09T18:05:07.018647Z,760,275,1.0,0.0,11704.05,73.1
2025-12-09T18:05:07.054065Z,755,280,1.0,6.2,11701.86,73.1
2025-12-09T18:05:07.079830Z,751,278,1.0,23.5,11702.59,73.1
2025-12-09T18:05:07.112144Z,748,272,1.0,25.0,11700.91,73.1
2025-12-09T18:05:07.144672Z,755,278,1.0,6.2,11700.05,73.1
2025-12-09T18:05:07.179311Z,758,284,1.0,12.5,11697.54,73.1
2025-12-09T18:05:07.207642Z,763,284,1.0,6.2,11697.15,73.1
2025-12-09T18:05:07.242115Z,759,278,1.0,6.2,11695.41,73.1
2025-12-09T18:05:07.272338Z,759,276,1.0,6.2,11695.03,73.1
2025-12-09T18:05:07.305175Z,755,276,1.0,6.2,11694.06,73.1
2025-12-09T18:05:07.340444Z,756,276,1.0,16.7,11692.48,73.1
2025-12-09T18:05:07.384713Z,754,277,1.0,0.0,11691.98,73.0
2025-12-09T18:05:07.414572Z,754,279,1.0,6.2,11691.39,73.0
2025-12-09T18:05:07.448437Z,755,272,1.0,8.7,11691.04,73.0
2025-12-09T18:05:07.480144Z,756,268,1.0,5.9,11690.57,73.0
2025-12-09T18:05:07.515093Z,758,267,1.0,12.5,11692.05,73.0
2025-12-09T18:05:07.544046Z,758,280,1.0,25.0,11700.35,73.1
2025-12-09T18:05:07.575274Z,760,288,1.0,58.8,11703.26,73.1
2025-12-09T18:05:07.607930Z,760,295,1.0,43.8,11706.5,73.1
2025-12-09T18:05:07.641835Z,764,290,1.0,50.0,11704.54,73.1
2025-12-09T18:05:07.675523Z,765,285,1.0,0.0,11708.86,73.2
2025-12-09T18:05:07.708242Z,771,285,1.0,6.2,11701.79,73.1
2025-12-09T18:05:07.751898Z,769,281,1.0,4.2,11707.73,73.1
2025-12-09T18:05:07.784424Z,771,278,1.0,6.2,11702.91,73.1
2025-12-09T18:05:07.816010Z,765,273,1.0,6.2,11706.14,73.1
2025-12-09T18:05:07.853431Z,763,280,1.0,31.2,11701.93,73.1
2025-12-09T18:05:07.879311Z,758,288,1.0,12.5,11707.08,73.1
2025-12-09T18:05:07.912892Z,756,291,1.0,12.5,11701.27,73.1
2025-12-09T18:05:07.944182Z,751,291,1.0,6.2,11707.55,73.1
2025-12-09T18:05:07.975867Z,751,293,1.0,6.2,11701.74,73.1
2025-12-09T18:05:08.011505Z,752,295,1.0,13.0,11705.73,73.1
2025-12-09T18:05:08.040715Z,754,290,1.0,9.1,11702.89,73.1
2025-12-09T18:05:08.072507Z,756,284,1.0,13.6,11706.31,73.1
2025-12-09T18:05:08.103861Z,759,279,1.0,12.5,11702.29,73.1
2025-12-09T18:05:08.151651Z,764,277,1.0,4.2,11706.7,73.1
2025-12-09T18:05:08.187562Z,763,277,1.0,50.0,11703.59,73.1
2025-12-09T18:05:08.216219Z,760,276,1.0,6.2,11704.82,73.1
2025-12-09T18:05:08.248272Z,762,276,1.0,6.7,11702.55,73.1
2025-12-09T18:05:08.280350Z,760,281,1.0,0.0,11705.4,73.1
2025-12-09T18:05:08.312378Z,759,286,1.0,0.0,11702.3,73.1
2025-12-09T18:05:08.348340Z,750,293,1.0,12.5,11703.4,73.1
2025-12-09T18:05:08.377075Z,746,289,1.0,6.2,11703.66,73.1
2025-12-09T18:05:08.406951Z,744,288,1.0,56.2,11703.58,73.1
2025-12-09T18:05:08.438770Z,743,281,1.0,0.0,11702.25,73.1
2025-12-09T18:05:08.471860Z,746,283,1.0,0.0,11703.66,73.1
2025-12-09T18:05:08.506858Z,749,281,1.0,25.0,11702.36,73.1
2025-12-09T18:05:08.552027Z,753,281,1.0,4.2,11700.57,73.1
2025-12-09T18:05:08.583902Z,755,281,1.0,12.5,11699.79,73.1
2025-12-09T18:05:08.615626Z,754,285,1.0,23.5,11698.81,73.1
2025-12-09T18:05:08.648249Z,754,293,1.0,6.2,11697.82,73.1
2025-12-09T18:05:08.684592Z,757,291,1.0,13.0,11695.99,73.1
2025-12-09T18:05:08.713333Z,759,288,1.0,10.0,11695.38,73.1
2025-12-09T18:05:08.744004Z,757,290,1.0,6.2,11694.44,73.1
2025-12-09T18:05:08.777873Z,752,292,1.0,4.5,11693.53,73.1
2025-12-09T18:05:08.809331Z,750,289,1.0,6.7,11693.15,73.1
2025-12-09T18:05:08.842176Z,752,276,1.0,16.7,11691.96,73.0
2025-12-09T18:05:08.872588Z,751,267,1.0,6.2,11688.91,73.0
2025-12-09T18:05:08.907332Z,745,261,1.0,50.0,11690.09,73.0
2025-12-09T18:05:08.952733Z,741,264,1.0,24.0,11703.34,73.1
2025-12-09T18:05:08.984596Z,741,268,1.0,50.0,11695.47,73.1
2025-12-09T18:05:09.020971Z,741,274,1.0,6.2,11700.91,73.1
2025-12-09T18:05:09.048345Z,743,277,1.0,17.6,11707.73,73.1
2025-12-09T18:05:09.080384Z,746,287,1.0,18.8,11702.05,73.1
2025-12-09T18:05:09.111642Z,750,297,1.0,56.2,11708.33,73.1
2025-12-09T18:05:09.144352Z,754,305,1.0,6.2,11703.17,73.1
2025-12-09T18:05:09.178260Z,754,300,1.0,31.2,11707.28,73.1
2025-12-09T18:05:09.207071Z,755,291,1.0,6.2,11701.4,73.1
2025-12-09T18:05:09.239688Z,752,281,1.0,6.2,11707.48,73.1
2025-12-09T18:05:09.271448Z,755,277,1.0,6.2,11702.14,73.1
2025-12-09T18:05:09.320519Z,754,276,1.0,4.2,11707.48,73.1
2025-12-09T18:05:09.355828Z,759,281,1.0,44.0,11702.6,73.1
2025-12-09T18:05:09.384365Z,756,286,1.0,0.0,11706.75,73.1
2025-12-09T18:05:09.418721Z,756,287,1.0,8.3,11702.27,73.1
2025-12-09T18:05:09.451789Z,766,291,1.0,6.2,11707.16,73.1
2025-12-09T18:05:09.481119Z,782,285,1.0,6.2,11698.77,73.1
2025-12-09T18:05:09.514793Z,784,293,0.877,6.7,11702.0,73.1
2025-12-09T18:05:09.544479Z,785,296,0.693,6.2,11700.26,73.1
2025-12-09T18:05:09.576863Z,783,306,0.707,17.6,11702.11,73.1
2025-12-09T18:05:09.609382Z,788,293,1.0,50.0,11699.85,73.1
2025-12-09T18:05:09.641193Z,785,280,1.0,25.0,11702.28,73.1
2025-12-09T18:05:09.675687Z,777,266,1.0,0.0,11701.05,73.1
2025-12-09T18:05:09.721207Z,769,268,1.0,4.2,11700.86,73.1
2025-12-09T18:05:09.753136Z,759,274,1.0,50.0,11699.88,73.1
2025-12-09T18:05:09.785447Z,752,280,1.0,52.9,11701.11,73.1
2025-12-09T18:05:09.815274Z,753,280,1.0,6.2,11699.38,73.1
2025-12-09T18:05:09.852021Z,755,276,1.0,62.5,11699.38,73.1
2025-12-09T18:05:09.879716Z,760,274,1.0,29.4,11699.36,73.1
2025-12-09T18:05:09.912534Z,762,277,1.0,17.6,11698.45,73.1
2025-12-09T18:05:09.946556Z,762,276,1.0,11.8,11697.87,73.1
2025-12-09T18:05:09.976553Z,767,277,1.0,0.0,11691.16,73.0
2025-12-09T18:05:10.012456Z,768,279,1.0,16.7,11686.94,73.0
2025-12-09T18:05:10.041517Z,767,280,1.0,7.7,11684.26,73.0
2025-12-09T18:05:10.073091Z,762,281,1.0,26.3,11683.72,73.0
2025-12-09T18:05:10.120093Z,760,282,1.0,45.5,11689.12,73.0
2025-12-09T18:05:10.150864Z,762,277,1.0,16.7,11691.86,73.0
2025-12-09T18:05:10.188568Z,761,273,1.0,36.4,11697.31,73.1
2025-12-09T18:05:10.214668Z,758,264,1.0,6.2,11692.82,73.1
2025-12-09T18:05:10.247379Z,759,266,1.0,6.2,11698.36,73.1
2025-12-09T18:05:10.279457Z,758,265,1.0,6.2,11692.22,73.0
2025-12-09T18:05:10.312103Z,756,273,1.0,6.2,11699.24,73.1
2025-12-09T18:05:10.346198Z,750,278,1.0,41.2,11697.42,73.1
2025-12-09T18:05:10.377685Z,749,278,1.0,52.9,11696.92,73.1
2025-12-09T18:05:10.408882Z,745,272,1.0,6.2,11695.83,73.1
2025-12-09T18:05:10.444915Z,745,268,1.0,47.1,11698.0,73.1
2025-12-09T18:05:10.478708Z,745,266,1.0,9.5,11698.0,73.1
2025-12-09T18:05:10.529040Z,753,267,1.0,7.4,11693.82,73.1
2025-12-09T18:05:10.552290Z,761,274,1.0,33.3,11699.63,73.1
2025-12-09T18:05:10.585791Z,763,284,1.0,18.8,11694.29,73.1
2025-12-09T18:05:10.618012Z,763,291,1.0,37.5,11700.03,73.1
2025-12-09T18:05:10.649500Z,753,292,1.0,6.2,11695.02,73.1
2025-12-09T18:05:10.680199Z,749,285,1.0,12.5,11699.37,73.1
2025-12-09T18:05:10.715151Z,747,280,1.0,12.5,11694.35,73.1
2025-12-09T18:05:10.754498Z,753,278,1.0,6.2,11699.25,73.1
2025-12-09T18:05:10.776506Z,754,284,1.0,25.0,11694.53,73.1
2025-12-09T18:05:10.809522Z,752,283,1.0,12.5,11698.79,73.1
2025-12-09T18:05:10.841652Z,747,277,1.0,81.2,11695.3,73.1
2025-12-09T18:05:10.893335Z,747,269,1.0,16.7,11697.79,73.1
2025-12-09T18:05:10.927651Z,751,269,1.0,0.0,11695.07,73.1
2025-12-09T18:05:10.958828Z,750,274,1.0,6.2,11698.07,73.1
2025-12-09T18:05:10.983582Z,748,279,1.0,12.5,11694.87,73.1
2025-12-09T18:05:11.017380Z,744,280,1.0,0.0,11697.86,73.1
2025-12-09T18:05:11.051218Z,744,278,1.0,12.5,11695.16,73.1
2025-12-09T18:05:11.080016Z,742,278,1.0,37.5,11695.64,73.1
2025-12-09T18:05:11.112341Z,727,276,1.0,50.0,11693.84,73.1
2025-12-09T18:05:11.144543Z,709,274,1.0,12.5,11693.95,73.1
2025-12-09T18:05:11.177274Z,688,273,1.0,6.2,11691.62,73.0
2025-12-09T18:05:11.212178Z,676,272,1.0,22.2,11687.59,73.0
2025-12-09T18:05:11.240463Z,665,273,1.0,0.0,11688.21,73.0
2025-12-09T18:05:11.289063Z,663,272,1.0,4.2,11686.35,73.0
2025-12-09T18:05:11.322577Z,665,273,1.0,6.2,11688.36,73.0
2025-12-09T18:05:11.351431Z,668,280,1.0,50.0,11693.82,73.1
2025-12-09T18:05:11.387157Z,682,292,1.0,16.7,11694.54,73.1
2025-12-09T18:05:11.416747Z,689,296,1.0,18.8,11701.08,73.1
2025-12-09T18:05:11.447893Z,692,294,1.0,6.2,11694.67,73.1
2025-12-09T18:05:11.480504Z,684,289,1.0,6.2,11701.02,73.1
2025-12-09T18:05:11.512523Z,678,288,1.0,23.5,11695.14,73.1
2025-12-09T18:05:11.546871Z,674,289,1.0,50.0,11698.88,73.1
2025-12-09T18:05:11.577205Z,674,292,1.0,6.2,11694.0,73.1
2025-12-09T18:05:11.608705Z,672,289,1.0,12.5,11699.54,73.1
2025-12-09T18:05:11.640837Z,669,286,1.0,50.0,11694.79,73.1
2025-12-09T18:05:11.688911Z,662,278,1.0,0.0,11698.04,73.1
2025-12-09T18:05:11.724980Z,663,276,1.0,6.2,11697.52,73.1
2025-12-09T18:05:11.752384Z,667,272,1.0,6.2,11696.22,73.1
2025-12-09T18:05:11.782369Z,670,273,1.0,6.2,11696.66,73.1
2025-12-09T18:05:11.816356Z,673,278,1.0,18.8,11696.96,73.1
2025-12-09T18:05:11.847646Z,674,281,1.0,31.2,11696.25,73.1
2025-12-09T18:05:11.883930Z,672,283,1.0,31.2,11695.53,73.1
2025-12-09T18:05:11.912530Z,669,278,1.0,6.2,11698.29,73.1
2025-12-09T18:05:11.943869Z,666,278,1.0,6.2,11696.02,73.1
2025-12-09T18:05:11.976216Z,670,277,1.0,6.2,11697.01,73.1
2025-12-09T18:05:12.009239Z,670,279,1.0,6.2,11696.54,73.1
2025-12-09T18:05:12.044935Z,671,279,1.0,13.0,11698.12,73.1
2025-12-09T18:05:12.088289Z,670,279,1.0,24.0,11695.01,73.1
2025-12-09T18:05:12.118694Z,669,282,1.0,0.0,11697.63,73.1
2025-12-09T18:05:12.151408Z,665,283,1.0,12.5,11695.31,73.1
2025-12-09T18:05:12.183652Z,661,290,1.0,13.3,11696.59,73.1
2025-12-09T18:05:12.218821Z,659,286,1.0,47.1,11695.69,73.1
2025-12-09T18:05:12.249076Z,661,282,1.0,6.2,11695.34,73.1
2025-12-09T18:05:12.280280Z,672,279,1.0,12.5,11694.21,73.1
2025-12-09T18:05:12.312141Z,681,284,1.0,50.0,11694.77,73.1
2025-12-09T18:05:12.344422Z,684,285,1.0,58.8,11693.23,73.1
2025-12-09T18:05:12.378482Z,677,278,1.0,6.2,11692.09,73.0
2025-12-09T18:05:12.407702Z,669,268,1.0,6.2,11691.02,73.0
2025-12-09T18:05:12.456149Z,666,264,1.0,0.0,11690.31,73.0
2025-12-09T18:05:12.488030Z,676,270,1.0,6.2,11689.18,73.0
2025-12-09T18:05:12.520707Z,682,279,1.0,6.2,11688.54,73.0
2025-12-09T18:05:12.555095Z,681,288,1.0,18.8,11687.02,73.0
2025-12-09T18:05:12.585130Z,674,294,1.0,6.2,11688.82,73.0
2025-12-09T18:05:12.614053Z,665,294,1.0,37.5,11697.05,73.1
2025-12-09T18:05:12.648215Z,667,295,1.0,18.8,11696.12,73.1
2025-12-09T18:05:12.682479Z,665,290,1.0,12.5,11698.75,73.1
2025-12-09T18:05:12.718047Z,668,289,1.0,6.7,11693.93,73.1
2025-12-09T18:05:12.744485Z,674,290,1.0,0.0,11701.27,73.1
2025-12-09T18:05:12.776580Z,673,286,1.0,4.8,11694.47,73.1
2025-12-09T18:05:12.808494Z,672,283,1.0,6.7,11699.95,73.1
2025-12-09T18:05:12.855159Z,663,282,1.0,33.3,11695.67,73.1
2025-12-09T18:05:12.892105Z,661,289,1.0,50.0,11700.18,73.1
2025-12-09T18:05:12.922193Z,658,291,1.0,18.8,11694.18,73.1
2025-12-09T18:05:12.953321Z,663,288,1.0,50.0,11699.92,73.1
2025-12-09T18:05:12.984908Z,669,285,1.0,6.2,11694.84,73.1
2025-12-09T18:05:13.017886Z,671,287,1.0,0.0,11699.66,73.1
2025-12-09T18:05:13.051930Z,669,289,1.0,62.5,11694.75,73.1
2025-12-09T18:05:13.080135Z,661,291,1.0,6.2,11699.16,73.1
2025-12-09T18:05:13.110966Z,657,284,1.0,12.5,11695.15,73.1
2025-12-09T18:05:13.144448Z,656,279,1.0,11.8,11699.17,73.1
2025-12-09T18:05:13.177036Z,661,272,1.0,6.2,11695.35,73.1
2025-12-09T18:05:13.211009Z,667,274,1.0,12.5,11693.98,73.1
2025-12-09T18:05:13.255949Z,670,273,1.0,4.2,11691.57,73.0
2025-12-09T18:05:13.287553Z,673,271,1.0,17.6,11694.15,73.1
2025-12-09T18:05:13.319277Z,673,272,1.0,6.2,11691.4,73.0
2025-12-09T18:05:13.351965Z,672,275,1.0,25.0,11693.76,73.1
2025-12-09T18:05:13.388635Z,665,281,1.0,12.5,11697.55,73.1
2025-12-09T18:05:13.417199Z,663,279,1.0,6.2,11694.87,73.1
2025-12-09T18:05:13.448509Z,662,276,1.0,6.7,11697.0,73.1
2025-12-09T18:05:13.481068Z,668,273,1.0,6.7,11695.5,73.1
2025-12-09T18:05:13.512363Z,669,269,1.0,5.6,11696.16,73.1
2025-12-09T18:05:13.545611Z,671,260,1.0,6.2,11694.5,73.1
2025-12-09T18:05:13.576335Z,667,260,1.0,31.2,11695.62,73.1
2025-12-09T18:05:13.608601Z,665,267,1.0,29.4,11693.85,73.1
2025-12-09T18:05:13.656549Z,665,278,1.0,12.5,11693.15,73.1
2025-12-09T18:05:13.688300Z,668,284,1.0,50.0,11691.72,73.0
2025-12-09T18:05:13.722249Z,667,284,1.0,12.5,11690.59,73.0
2025-12-09T18:05:13.753287Z,671,283,1.0,50.0,11689.06,73.0
2025-12-09T18:05:13.783332Z,706,273,0.85,50.0,11688.74,73.0
2025-12-09T18:05:13.814344Z,727,280,0.736,58.8,11682.58,73.0
2025-12-09T18:05:13.848314Z,757,289,0.738,56.2,11678.61,73.0
2025-12-09T18:05:13.882024Z,742,308,0.887,43.8,11676.61,73.0
2025-12-09T18:05:13.912501Z,733,312,1.0,6.2,11676.03,72.9
2025-12-09T18:05:13.945063Z,707,303,1.0,6.2,11675.66,72.9
2025-12-09T18:05:13.979039Z,687,288,1.0,22.7,11678.97,73.0
2025-12-09T18:05:14.021607Z,678,277,1.0,15.8,11688.62,73.0
2025-12-09T18:05:14.060063Z,674,274,1.0,12.5,11693.94,73.1
2025-12-09T18:05:14.088582Z,668,276,1.0,18.8,11686.41,73.0
2025-12-09T18:05:14.120775Z,666,275,1.0,25.0,11693.62,73.1
2025-12-09T18:05:14.153493Z,663,278,1.0,12.5,11687.52,73.0
2025-12-09T18:05:14.185876Z,669,279,1.0,6.2,11691.94,73.0
2025-12-09T18:05:14.218653Z,667,279,1.0,52.9,11685.41,73.0
2025-12-09T18:05:14.248940Z,666,284,1.0,0.0,11692.89,73.1
2025-12-09T18:05:14.279033Z,659,280,1.0,6.2,11686.29,73.0
2025-12-09T18:05:14.313220Z,654,282,1.0,0.0,11692.89,73.1
2025-12-09T18:05:14.344725Z,652,277,1.0,56.2,11687.21,73.0
2025-12-09T18:05:14.379513Z,650,279,1.0,0.0,11687.73,73.0
2025-12-09T18:05:14.424564Z,657,278,1.0,4.2,11682.92,73.0
2025-12-09T18:05:14.456113Z,661,282,1.0,6.2,11688.33,73.0
2025-12-09T18:05:14.487672Z,670,285,1.0,6.2,11682.79,73.0
2025-12-09T18:05:14.521356Z,674,288,1.0,50.0,11688.67,73.0
2025-12-09T18:05:14.556874Z,678,286,1.0,10.5,11693.02,73.1
2025-12-09T18:05:14.591604Z,676,288,1.0,19.0,11688.42,73.0
2025-12-09T18:05:14.614883Z,674,283,1.0,25.0,11692.39,73.0
2025-12-09T18:05:14.647329Z,672,280,1.0,17.6,11689.16,73.0
2025-12-09T18:05:14.679951Z,668,274,1.0,6.2,11691.13,73.0
2025-12-09T18:05:14.714931Z,661,279,1.0,12.5,11687.82,73.0
2025-12-09T18:05:14.746039Z,655,280,1.0,6.2,11692.23,73.0
2025-12-09T18:05:14.777229Z,651,288,1.0,6.2,11688.22,73.0
2025-12-09T18:05:14.823631Z,653,290,1.0,8.7,11692.06,73.0
2025-12-09T18:05:14.856019Z,656,287,1.0,58.8,11688.73,73.0
2025-12-09T18:05:14.892262Z,653,279,1.0,50.0,11690.84,73.0
2025-12-09T18:05:14.919967Z,652,271,1.0,6.2,11687.94,73.0
2025-12-09T18:05:14.951590Z,647,268,1.0,6.7,11690.15,73.0
2025-12-09T18:05:14.984853Z,648,271,1.0,5.9,11687.23,73.0
2025-12-09T18:05:15.016822Z,644,276,1.0,0.0,11688.73,73.0
2025-12-09T18:05:15.052296Z,651,282,1.0,6.2,11685.35,73.0
2025-12-09T18:05:15.079242Z,657,278,1.0,12.5,11685.75,73.0
2025-12-09T18:05:15.112999Z,667,283,1.0,62.5,11683.62,73.0
2025-12-09T18:05:15.153343Z,667,281,1.0,37.5,11683.9,73.0
2025-12-09T18:05:15.184260Z,665,283,1.0,100.0,11682.25,73.0
2025-12-09T18:05:15.227672Z,659,279,1.0,11.1,11678.21,73.0
2025-12-09T18:05:15.259118Z,656,280,1.0,6.7,11676.93,73.0
2025-12-09T18:05:15.290286Z,654,287,1.0,4.3,11677.16,73.0
2025-12-09T18:05:15.320206Z,650,292,1.0,12.5,11684.02,73.0
2025-12-09T18:05:15.351337Z,648,287,1.0,31.2,11687.78,73.0
2025-12-09T18:05:15.387545Z,645,284,1.0,25.0,11693.24,73.1
2025-12-09T18:05:15.414893Z,645,290,1.0,0.0,11685.31,73.0
2025-12-09T18:05:15.446929Z,631,312,1.0,11.1,11693.11,73.1
2025-12-09T18:05:15.478507Z,612,326,1.0,9.1,11685.11,73.0
2025-12-09T18:05:15.512205Z,589,338,1.0,6.2,11691.57,73.0
2025-12-09T18:05:15.546247Z,574,337,1.0,50.0,11684.36,73.0
2025-12-09T18:05:15.592647Z,565,341,1.0,37.5,11683.75,73.0
2025-12-09T18:05:15.622950Z,563,334,1.0,12.5,11680.99,73.0
2025-12-09T18:05:15.656228Z,559,335,1.0,31.2,11684.81,73.0
2025-12-09T18:05:15.687639Z,554,325,1.0,50.0,11680.73,73.0
2025-12-09T18:05:15.725595Z,551,326,1.0,6.2,11684.91,73.0
2025-12-09T18:05:15.759714Z,557,324,1.0,6.2,11689.07,73.0
2025-12-09T18:05:15.781782Z,568,321,1.0,17.6,11684.19,73.0
2025-12-09T18:05:15.817077Z,574,319,1.0,0.0,11689.34,73.0
2025-12-09T18:05:15.851562Z,577,317,1.0,18.8,11684.99,73.0
2025-12-09T18:05:15.884697Z,579,316,1.0,18.8,11688.43,73.0
2025-12-09T18:05:15.914204Z,580,318,1.0,6.2,11685.26,73.0
2025-12-09T18:05:15.944709Z,582,321,1.0,6.2,11688.57,73.0
2025-12-09T18:05:15.992360Z,583,326,1.0,4.2,11685.91,73.0
2025-12-09T18:05:16.024926Z,585,327,1.0,6.2,11687.07,73.0
2025-12-09T18:05:16.059371Z,589,329,1.0,12.5,11687.44,73.0
2025-12-09T18:05:16.088847Z,591,337,1.0,14.3,11684.79,73.0
2025-12-09T18:05:16.119835Z,587,336,1.0,58.8,11686.35,73.0
2025-12-09T18:05:16.153119Z,589,336,1.0,5.9,11685.38,73.0
2025-12-09T18:05:16.184144Z,588,333,1.0,6.2,11685.32,73.0
2025-12-09T18:05:16.219511Z,588,335,1.0,50.0,11683.5,73.0
2025-12-09T18:05:16.249316Z,583,330,1.0,18.8,11685.59,73.0
2025-12-09T18:05:16.280727Z,584,329,1.0,50.0,11683.56,73.0
2025-12-09T18:05:16.313396Z,584,333,1.0,50.0,11683.32,73.0
2025-12-09T18:05:16.343890Z,584,333,1.0,68.8,11682.46,73.0
2025-12-09T18:05:16.394341Z,580,333,1.0,25.0,11681.62,73.0
2025-12-09T18:05:16.422562Z,579,328,1.0,56.2,11679.45,73.0
2025-12-09T18:05:16.456461Z,578,330,1.0,0.0,11679.39,73.0
2025-12-09T18:05:16.491996Z,583,327,1.0,6.2,11677.79,73.0
2025-12-09T18:05:16.521577Z,585,323,1.0,6.2,11677.04,73.0
2025-12-09T18:05:16.554960Z,583,322,1.0,12.5,11674.83,72.9
2025-12-09T18:05:16.585831Z,581,322,1.0,6.2,11674.71,72.9
2025-12-09T18:05:16.614179Z,581,331,1.0,23.5,11673.75,72.9
2025-12-09T18:05:16.648688Z,582,331,1.0,6.2,11673.61,72.9
2025-12-09T18:05:16.682103Z,577,331,1.0,8.3,11673.0,72.9
2025-12-09T18:05:16.716476Z,575,328,1.0,18.8,11675.36,72.9
2025-12-09T18:05:16.743405Z,579,329,1.0,12.5,11680.68,73.0
2025-12-09T18:05:16.792720Z,579,335,1.0,9.4,11682.07,73.0
2025-12-09T18:05:16.824800Z,578,336,1.0,12.5,11680.51,73.0
2025-12-09T18:05:16.855605Z,576,332,1.0,25.0,11683.2,73.0
2025-12-09T18:05:16.892188Z,571,328,1.0,0.0,11688.44,73.0
2025-12-09T18:05:16.920002Z,570,331,1.0,6.2,11681.84,73.0
2025-12-09T18:05:16.953413Z,570,335,1.0,50.0,11689.11,73.0
2025-12-09T18:05:16.983700Z,576,342,1.0,6.2,11682.24,73.0
2025-12-09T18:05:17.013893Z,582,340,1.0,6.2,11690.11,73.0
2025-12-09T18:05:17.051567Z,588,340,1.0,6.2,11684.77,73.0
2025-12-09T18:05:17.079731Z,586,327,1.0,6.2,11687.93,73.0
2025-12-09T18:05:17.112481Z,582,313,1.0,18.8,11684.1,73.0
2025-12-09T18:05:17.159644Z,577,301,1.0,8.3,11688.89,73.0
2025-12-09T18:05:17.192521Z,575,298,1.0,6.2,11683.81,73.0
2025-12-09T18:05:17.228649Z,573,302,1.0,16.7,11686.23,73.0
2025-12-09T18:05:17.260283Z,571,312,1.0,10.0,11685.74,73.0
2025-12-09T18:05:17.289675Z,572,315,1.0,0.0,11687.17,73.0
2025-12-09T18:05:17.322111Z,574,316,1.0,11.1,11685.0,73.0
2025-12-09T18:05:17.351544Z,584,311,1.0,14.3,11687.88,73.0
2025-12-09T18:05:17.387455Z,586,318,1.0,16.7,11687.52,73.0
2025-12-09T18:05:17.415342Z,586,321,1.0,10.0,11685.89,73.0
2025-12-09T18:05:17.446318Z,579,322,1.0,0.0,11686.62,73.0
2025-12-09T18:05:17.481257Z,581,319,1.0,13.0,11686.15,73.0
2025-12-09T18:05:17.511320Z,586,318,1.0,5.9,11683.9,73.0
2025-12-09T18:05:17.562326Z,591,319,1.0,4.2,11682.8,73.0
2025-12-09T18:05:17.592733Z,590,318,1.0,18.8,11685.05,73.0
2025-12-09T18:05:17.624359Z,583,317,1.0,25.0,11682.82,73.0
2025-12-09T18:05:17.656727Z,579,316,1.0,0.0,11683.83,73.0
2025-12-09T18:05:17.688825Z,577,309,1.0,50.0,11683.26,73.0
2025-12-09T18:05:17.725230Z,578,306,1.0,6.2,11684.46,73.0
2025-12-09T18:05:17.758501Z,581,306,1.0,6.2,11681.88,73.0
2025-12-09T18:05:17.784602Z,581,309,1.0,6.2,11682.62,73.0
2025-12-09T18:05:17.816658Z,578,314,1.0,6.2,11680.86,73.0
2025-12-09T18:05:17.846691Z,576,316,1.0,18.8,11680.43,73.0
2025-12-09T18:05:17.884560Z,580,314,1.0,18.8,11674.57,72.9
2025-12-09T18:05:17.911315Z,582,308,1.0,6.2,11674.13,72.9
2025-12-09T18:05:17.959970Z,574,305,1.0,4.2,11672.9,72.9
2025-12-09T18:05:17.994876Z,567,313,0.892,20.8,11667.08,72.9
2025-12-09T18:05:18.024528Z,585,298,0.723,14.3,11665.9,72.9
2025-12-09T18:05:18.061455Z,593,288,0.985,15.8,11665.27,72.9
2025-12-09T18:05:18.091694Z,594,281,1.0,52.9,11665.04,72.9
2025-12-09T18:05:18.122588Z,575,300,1.0,31.2,11667.65,72.9
2025-12-09T18:05:18.153506Z,579,303,1.0,18.8,11672.52,72.9
2025-12-09T18:05:18.184425Z,582,299,1.0,37.5,11681.55,73.0
2025-12-09T18:05:18.220328Z,583,297,1.0,56.2,11682.2,73.0
2025-12-09T18:05:18.247154Z,586,308,1.0,12.5,11688.76,73.0
2025-12-09T18:05:18.280018Z,593,322,1.0,25.0,11664.54,72.9
2025-12-09T18:05:18.311995Z,596,325,1.0,18.8,11670.86,72.9
2025-12-09T18:05:18.360920Z,590,323,1.0,48.0,11665.98,72.9
2025-12-09T18:05:18.394807Z,585,314,1.0,18.8,11669.23,72.9
2025-12-09T18:05:18.422975Z,585,309,1.0,17.6,11666.1,72.9
2025-12-09T18:05:18.457270Z,587,307,1.0,0.0,11670.18,72.9
2025-12-09T18:05:18.492551Z,593,304,1.0,6.2,11666.15,72.9
2025-12-09T18:05:18.525540Z,591,317,1.0,15.0,11670.7,72.9
2025-12-09T18:05:18.555813Z,588,323,1.0,18.8,11668.36,72.9
2025-12-09T18:05:18.586559Z,582,327,1.0,0.0,11669.39,72.9
2025-12-09T18:05:18.618555Z,587,322,1.0,57.9,11667.7,72.9
2025-12-09T18:05:18.647069Z,593,317,1.0,0.0,11669.99,72.9
2025-12-09T18:05:18.680431Z,600,320,1.0,6.2,11667.8,72.9
2025-12-09T18:05:18.730583Z,604,321,1.0,9.4,11668.45,72.9
2025-12-09T18:05:18.760893Z,603,318,1.0,6.2,11670.07,72.9
2025-12-09T18:05:18.790951Z,601,310,1.0,22.2,11669.18,72.9
2025-12-09T18:05:18.823654Z,590,305,1.0,21.7,11671.6,72.9
2025-12-09T18:05:18.856563Z,587,299,1.0,37.5,11671.15,72.9
2025-12-09T18:05:18.898452Z,577,300,1.0,31.2,11673.64,72.9
2025-12-09T18:05:18.932361Z,573,298,1.0,56.2,11671.32,72.9
2025-12-09T18:05:18.962282Z,572,305,1.0,68.8,11660.73,72.9
2025-12-09T18:05:18.990206Z,579,305,1.0,68.8,11649.58,72.8
2025-12-09T18:05:19.016136Z,591,301,1.0,37.5,11644.32,72.7
2025-12-09T18:05:19.057027Z,594,301,1.0,75.0,11629.99,72.7
2025-12-09T18:05:19.079966Z,592,305,1.0,25.0,11621.71,72.6
2025-12-09T18:05:19.137070Z,581,319,1.0,25.0,11623.31,72.6
2025-12-09T18:05:19.169983Z,578,321,1.0,20.0,11621.51,72.6
2025-12-09T18:05:19.202821Z,576,319,1.0,9.1,11621.77,72.6
2025-12-09T18:05:19.241677Z,584,309,1.0,100.0,11623.86,72.6
2025-12-09T18:05:19.263616Z,586,307,1.0,18.8,11621.57,72.6
2025-12-09T18:05:19.287597Z,590,305,1.0,12.5,11621.5,72.6
2025-12-09T18:05:19.320525Z,594,304,1.0,18.8,11626.22,72.6
2025-12-09T18:05:19.351480Z,591,301,1.0,62.5,11627.58,72.6
2025-12-09T18:05:19.382864Z,583,303,1.0,6.2,11626.44,72.6
2025-12-09T18:05:19.410242Z,571,304,1.0,23.5,11625.21,72.6
2025-12-09T18:05:19.446243Z,572,302,1.0,6.2,11632.21,72.7
2025-12-09T18:05:19.480471Z,578,295,1.0,8.3,11626.27,72.6
2025-12-09T18:05:19.528312Z,585,292,1.0,4.3,11630.89,72.7
2025-12-09T18:05:19.560549Z,586,292,1.0,6.2,11627.47,72.6
2025-12-09T18:05:19.595130Z,588,305,1.0,11.8,11631.86,72.7
2025-12-09T18:05:19.623654Z,591,311,1.0,12.5,11624.91,72.6
2025-12-09T18:05:19.656576Z,591,317,1.0,18.8,11632.25,72.7
2025-12-09T18:05:19.688011Z,589,308,1.0,50.0,11626.04,72.6
2025-12-09T18:05:19.722455Z,584,304,1.0,0.0,11631.19,72.7
2025-12-09T18:05:19.755931Z,583,297,1.0,56.2,11636.29,72.7
2025-12-09T18:05:19.788026Z,587,292,1.0,6.2,11631.15,72.7
2025-12-09T18:05:19.820918Z,594,289,1.0,12.5,11634.5,72.7
2025-12-09T18:05:19.847787Z,619,288,1.0,25.0,11631.93,72.7
2025-12-09T18:05:19.880626Z,652,290,1.0,6.2,11633.36,72.7
2025-12-09T18:05:19.930874Z,690,292,1.0,11.5,11630.21,72.7
2025-12-09T18:05:19.960193Z,709,294,1.0,0.0,11635.1,72.7
2025-12-09T18:05:19.993705Z,721,295,1.0,6.2,11630.67,72.7
2025-12-09T18:05:20.024411Z,727,298,1.0,6.2,11634.24,72.7
2025-12-09T18:05:20.057175Z,724,304,1.0,10.5,11630.46,72.7
2025-12-09T18:05:20.092407Z,718,307,1.0,38.1,11631.1,72.7
2025-12-09T18:05:20.119409Z,714,308,1.0,64.3,11629.27,72.7
2025-12-09T18:05:20.151503Z,715,305,1.0,11.1,11630.25,72.7
2025-12-09T18:05:20.177564Z,717,301,1.0,12.5,11628.21,72.6
2025-12-09T18:05:20.196513Z,720,288,1.0,12.5,11629.92,72.7
2025-12-09T18:05:20.252255Z,725,278,1.0,3.1,11629.06,72.7
2025-12-09T18:05:20.295939Z,733,272,1.0,16.7,11626.51,72.6
2025-12-09T18:05:20.327972Z,734,278,1.0,31.2,11627.29,72.6
2025-12-09T18:05:20.361144Z,740,284,1.0,25.0,11624.47,72.6
2025-12-09T18:05:20.392047Z,740,287,1.0,6.2,11624.99,72.6
2025-12-09T18:05:20.427509Z,746,281,1.0,0.0,11621.89,72.6
2025-12-09T18:05:20.456863Z,746,281,1.0,6.2,11621.78,72.6
2025-12-09T18:05:20.486485Z,746,282,1.0,18.8,11620.25,72.6
2025-12-09T18:05:20.520092Z,746,282,1.0,6.2,11619.23,72.6
2025-12-09T18:05:20.551894Z,743,279,1.0,17.6,11618.5,72.6
2025-12-09T18:05:20.585237Z,741,277,1.0,18.8,11620.15,72.6
2025-12-09T18:05:20.606182Z,739,281,1.0,88.2,11624.12,72.6
2025-12-09T18:05:20.645865Z,738,281,1.0,17.6,11629.37,72.7
2025-12-09T18:05:20.696591Z,740,280,1.0,4.2,11630.18,72.7
2025-12-09T18:05:20.727620Z,746,286,1.0,11.8,11630.66,72.7
2025-12-09T18:05:20.762344Z,750,290,1.0,8.7,11634.77,72.7
2025-12-09T18:05:20.791978Z,753,291,1.0,6.7,11628.12,72.6
2025-12-09T18:05:20.823127Z,754,285,1.0,11.8,11632.94,72.7
2025-12-09T18:05:20.854611Z,751,286,1.0,18.8,11629.19,72.7
2025-12-09T18:05:20.888921Z,746,283,1.0,6.2,11631.62,72.7
2025-12-09T18:05:20.923359Z,748,282,1.0,0.0,11626.88,72.6
2025-12-09T18:05:20.956244Z,751,283,1.0,6.2,11633.56,72.7
2025-12-09T18:05:20.987158Z,753,291,1.0,50.0,11627.88,72.6
2025-12-09T18:05:21.008102Z,749,292,1.0,100.0,11632.63,72.7
2025-12-09T18:05:21.048625Z,750,285,1.0,4.2,11628.88,72.7
2025-12-09T18:05:21.100541Z,752,277,1.0,24.0,11632.77,72.7
2025-12-09T18:05:21.127892Z,750,263,1.0,6.2,11627.29,72.6
2025-12-09T18:05:21.160901Z,748,258,1.0,50.0,11632.84,72.7
2025-12-09T18:05:21.193431Z,750,258,1.0,6.2,11627.69,72.6
2025-12-09T18:05:21.223582Z,749,272,1.0,6.2,11632.18,72.7
2025-12-09T18:05:21.260111Z,748,286,1.0,17.6,11632.15,72.7
2025-12-09T18:05:21.288317Z,747,294,1.0,0.0,11629.69,72.7
2025-12-09T18:05:21.320572Z,748,298,1.0,6.2,11630.76,72.7
2025-12-09T18:05:21.351219Z,749,299,1.0,25.0,11630.25,72.7
2025-12-09T18:05:21.375941Z,749,303,1.0,31.2,11629.92,72.7
2025-12-09T18:05:21.395900Z,754,306,1.0,12.5,11630.34,72.7
2025-12-09T18:05:21.448229Z,757,296,1.0,9.7,11631.25,72.7
2025-12-09T18:05:21.495785Z,758,292,1.0,32.0,11628.59,72.7
2025-12-09T18:05:21.528693Z,757,281,1.0,12.5,11630.27,72.7
2025-12-09T18:05:21.560337Z,754,287,1.0,6.2,11628.45,72.6
2025-12-09T18:05:21.595027Z,751,279,1.0,12.5,11629.36,72.7
2025-12-09T18:05:21.629295Z,750,283,1.0,0.0,11626.07,72.6
2025-12-09T18:05:21.655824Z,743,281,1.0,18.8,11627.65,72.6
2025-12-09T18:05:21.687237Z,741,277,1.0,6.2,11624.66,72.6
2025-12-09T18:05:21.720110Z,738,271,1.0,0.0,11625.05,72.6
2025-12-09T18:05:21.756298Z,743,265,1.0,11.8,11621.82,72.6
2025-12-09T18:05:21.786930Z,743,274,1.0,6.2,11622.23,72.6
2025-12-09T18:05:21.818713Z,746,278,1.0,6.2,11627.16,72.6
2025-12-09T18:05:21.864295Z,749,283,1.0,20.8,11613.02,72.6
2025-12-09T18:05:21.895212Z,751,284,1.0,12.5,11617.87,72.6
2025-12-09T18:05:21.930606Z,749,283,1.0,62.5,11621.71,72.6
2025-12-09T18:05:21.960291Z,743,278,1.0,6.2,11622.08,72.6
2025-12-09T18:05:21.993114Z,740,272,1.0,6.2,11622.71,72.6
2025-12-09T18:05:22.023977Z,740,267,1.0,6.2,11619.02,72.6
2025-12-09T18:05:22.056589Z,747,271,1.0,11.1,11623.81,72.6
2025-12-09T18:05:22.091671Z,756,272,1.0,14.3,11625.62,72.6
2025-12-09T18:05:22.120344Z,763,280,1.0,5.9,11620.98,72.6
2025-12-09T18:05:22.146583Z,768,286,1.0,0.0,11623.01,72.6
2025-12-09T18:05:22.171148Z,763,294,1.0,56.2,11622.11,72.6
2025-12-09T18:05:22.193089Z,760,295,1.0,37.5,11625.56,72.6
2025-12-09T18:05:22.267130Z,752,294,1.0,32.5,11620.53,72.6
2025-12-09T18:05:22.295096Z,752,289,1.0,18.8,11618.77,72.6
2025-12-09T18:05:22.327992Z,753,285,1.0,37.5,11622.06,72.6
2025-12-09T18:05:22.358883Z,753,284,1.0,25.0,11619.84,72.6
2025-12-09T18:05:22.391797Z,754,286,1.0,62.5,11621.8,72.6
2025-12-09T18:05:22.427699Z,751,283,1.0,56.2,11619.77,72.6
2025-12-09T18:05:22.460122Z,754,275,1.0,18.8,11624.62,72.6
2025-12-09T18:05:22.489177Z,752,271,1.0,6.2,11619.55,72.6
2025-12-09T18:05:22.519968Z,752,272,1.0,12.5,11624.3,72.6
2025-12-09T18:05:22.546794Z,749,272,1.0,25.0,11619.95,72.6
2025-12-09T18:05:22.570730Z,747,267,1.0,0.0,11623.86,72.6
2025-12-09T18:05:22.590843Z,751,266,1.0,37.5,11620.22,72.6
2025-12-09T18:05:22.665094Z,753,258,1.0,0.0,11623.19,72.6
2025-12-09T18:05:22.696247Z,755,263,1.0,0.0,11620.15,72.6
2025-12-09T18:05:22.728576Z,748,261,1.0,9.5,11622.76,72.6
2025-12-09T18:05:22.763013Z,743,268,1.0,11.1,11620.57,72.6
2025-12-09T18:05:22.792806Z,742,264,1.0,5.9,11622.03,72.6
2025-12-09T18:05:22.824072Z,749,263,1.0,13.3,11619.97,72.6
2025-12-09T18:05:22.856883Z,764,254,0.988,17.6,11621.21,72.6
2025-12-09T18:05:22.886995Z,772,255,1.0,6.2,11619.24,72.6
2025-12-09T18:05:22.922883Z,774,261,1.0,11.8,11619.3,72.6
2025-12-09T18:05:22.956409Z,769,270,1.0,0.0,11618.43,72.6
2025-12-09T18:05:22.985988Z,771,276,0.998,6.2,11617.54,72.6
2025-12-09T18:05:23.017709Z,772,275,1.0,0.0,11616.45,72.6
2025-12-09T18:05:23.065520Z,770,277,1.0,33.3,11615.95,72.6
2025-12-09T18:05:23.101825Z,763,273,1.0,43.8,11614.79,72.6
2025-12-09T18:05:23.127738Z,755,272,1.0,31.2,11618.88,72.6
2025-12-09T18:05:23.159728Z,750,272,1.0,18.8,11623.13,72.6
2025-12-09T18:05:23.193050Z,750,289,1.0,50.0,11619.35,72.6
2025-12-09T18:05:23.224172Z,757,297,1.0,6.2,11624.01,72.6
2025-12-09T18:05:23.260225Z,757,291,1.0,19.0,11617.69,72.6
2025-12-09T18:05:23.288970Z,757,273,1.0,0.0,11619.84,72.6
2025-12-09T18:05:23.313810Z,754,260,1.0,17.6,11617.09,72.6
2025-12-09T18:05:23.336107Z,754,263,1.0,25.0,11620.05,72.6
2025-12-09T18:05:23.361127Z,756,266,1.0,81.2,11616.27,72.6
2025-12-09T18:05:23.383997Z,756,271,1.0,25.0,11620.02,72.6
2025-12-09T18:05:23.462795Z,760,272,1.0,6.5,11624.24,72.6
2025-12-09T18:05:23.494697Z,762,279,1.0,5.9,11620.69,72.6
2025-12-09T18:05:23.528034Z,766,280,0.912,5.9,11623.45,72.6
2025-12-09T18:05:23.560076Z,768,294,0.738,6.7,11621.36,72.6
2025-12-09T18:05:23.595225Z,763,313,0.585,11.8,11624.82,72.6
2025-12-09T18:05:23.625115Z,756,331,0.883,31.2,11621.38,72.6
2025-12-09T18:05:23.658045Z,751,326,0.867,50.0,11625.0,72.6
2025-12-09T18:05:23.689308Z,748,303,1.0,6.2,11621.46,72.6
2025-12-09T18:05:23.711181Z,745,285,1.0,12.5,11624.29,72.6
2025-12-09T18:05:23.729130Z,747,280,0.998,13.3,11621.54,72.6
2025-12-09T18:05:23.757038Z,755,282,0.97,11.1,11622.39,72.6
2025-12-09T18:05:23.783448Z,766,278,1.0,6.2,11620.85,72.6
2025-12-09T18:05:23.864595Z,768,266,1.0,26.8,11622.64,72.6
2025-12-09T18:05:23.896611Z,771,257,1.0,12.5,11620.95,72.6
2025-12-09T18:05:23.931613Z,769,256,1.0,28.6,11621.26,72.6
2025-12-09T18:05:23.960536Z,769,265,1.0,16.7,11621.31,72.6
2025-12-09T18:05:23.993278Z,764,266,1.0,5.3,11621.18,72.6
2025-12-09T18:05:24.025409Z,763,266,1.0,0.0,11620.97,72.6
2025-12-09T18:05:24.054985Z,758,259,1.0,0.0,11621.74,72.6
2025-12-09T18:05:24.093558Z,753,260,1.0,37.5,11621.61,72.6
2025-12-09T18:05:24.112871Z,750,261,1.0,25.0,11620.13,72.6
2025-12-09T18:05:24.134454Z,748,255,1.0,100.0,11620.92,72.6
2025-12-09T18:05:24.159034Z,747,251,1.0,6.2,11619.36,72.6
2025-12-09T18:05:24.184414Z,747,253,1.0,12.5,11619.29,72.6
2025-12-09T18:05:24.269821Z,746,257,1.0,2.5,11616.01,72.6
2025-12-09T18:05:24.296780Z,743,265,1.0,13.3,11616.57,72.6
2025-12-09T18:05:24.329197Z,739,272,1.0,52.9,11614.36,72.6
2025-12-09T18:05:24.359118Z,744,280,1.0,68.8,11617.9,72.6
2025-12-09T18:05:24.392073Z,748,285,1.0,25.0,11625.98,72.6
2025-12-09T18:05:24.427606Z,749,287,1.0,6.2,11618.45,72.6
2025-12-09T18:05:24.455325Z,747,288,1.0,6.2,11619.28,72.6
2025-12-09T18:05:24.489411Z,743,290,1.0,58.8,11617.25,72.6
2025-12-09T18:05:24.510814Z,737,287,1.0,13.3,11619.95,72.6
2025-12-09T18:05:24.530069Z,724,287,1.0,44.4,11616.86,72.6
2025-12-09T18:05:24.552434Z,714,280,1.0,0.0,11620.08,72.6
2025-12-09T18:05:24.588987Z,707,277,1.0,25.0,11623.49,72.6
2025-12-09T18:05:24.662123Z,707,275,1.0,21.9,11621.39,72.6
2025-12-09T18:05:24.694959Z,702,273,1.0,17.6,11623.61,72.6
2025-12-09T18:05:24.728627Z,707,278,0.998,8.3,11621.6,72.6
2025-12-09T18:05:24.761804Z,702,275,1.0,12.5,11623.04,72.6
2025-12-09T18:05:24.793482Z,698,278,1.0,6.2,11621.54,72.6
2025-12-09T18:05:24.829876Z,685,278,1.0,12.5,11623.3,72.6
2025-12-09T18:05:24.854930Z,680,282,1.0,68.8,11622.34,72.6
2025-12-09T18:05:24.875808Z,678,282,1.0,37.5,11623.91,72.6
2025-12-09T18:05:24.909568Z,677,275,1.0,0.0,11623.54,72.6
2025-12-09T18:05:24.928517Z,681,272,0.998,12.5,11623.12,72.6
2025-12-09T18:05:24.951790Z,679,266,1.0,13.3,11622.36,72.6
2025-12-09T18:05:25.001002Z,677,264,1.0,0.0,11623.62,72.6
2025-12-09T18:05:25.031518Z,670,263,1.0,76.5,11622.04,72.6
2025-12-09T18:05:25.097752Z,665,271,1.0,9.4,11622.59,72.6
2025-12-09T18:05:25.127802Z,663,274,1.0,31.2,11622.75,72.6
2025-12-09T18:05:25.160658Z,661,283,1.0,50.0,11622.91,72.6
2025-12-09T18:05:25.193275Z,667,285,1.0,6.2,11622.62,72.6
2025-12-09T18:05:25.225054Z,669,289,1.0,17.6,11623.35,72.6
2025-12-09T18:05:25.259474Z,672,290,1.0,9.5,11623.2,72.6
2025-12-09T18:05:25.281947Z,670,292,1.0,72.7,11622.11,72.6
2025-12-09T18:05:25.312641Z,674,291,1.0,50.0,11622.41,72.6
2025-12-09T18:05:25.334895Z,681,280,1.0,25.0,11622.07,72.6
2025-12-09T18:05:25.355200Z,686,278,1.0,70.6,11621.68,72.6
2025-12-09T18:05:25.400867Z,681,274,1.0,4.8,11621.07,72.6
2025-12-09T18:05:25.464491Z,677,275,1.0,5.7,11619.58,72.6
2025-12-09T18:05:25.494426Z,677,267,1.0,33.3,11617.64,72.6
2025-12-09T18:05:25.528219Z,679,268,1.0,6.2,11617.61,72.6
2025-12-09T18:05:25.561051Z,678,271,1.0,6.2,11615.82,72.6
2025-12-09T18:05:25.595252Z,685,278,1.0,55.6,11615.88,72.6
2025-12-09T18:05:25.624245Z,693,278,1.0,64.7,11620.68,72.6
2025-12-09T18:05:25.653914Z,693,270,1.0,12.5,11622.31,72.6
2025-12-09T18:05:25.685839Z,679,258,1.0,6.7,11622.94,72.6
2025-12-09T18:05:25.715566Z,666,261,1.0,5.9,11623.44,72.6
2025-12-09T18:05:25.749969Z,672,276,0.96,13.3,11628.59,72.7
2025-12-09T18:05:25.779235Z,679,287,1.0,5.9,11620.92,72.6
2025-12-09T18:05:25.799995Z,677,294,1.0,0.0,11628.99,72.7
2025-12-09T18:05:25.862883Z,668,287,1.0,20.6,11621.97,72.6
2025-12-09T18:05:25.895592Z,660,285,1.0,50.0,11628.18,72.6
2025-12-09T18:05:25.930787Z,669,277,1.0,15.8,11621.07,72.6
2025-12-09T18:05:25.960365Z,683,276,0.998,0.0,11627.74,72.6
2025-12-09T18:05:25.993254Z,695,276,1.0,6.2,11621.54,72.6
2025-12-09T18:05:26.022938Z,696,276,1.0,6.2,11627.75,72.6
2025-12-09T18:05:26.055553Z,690,272,1.0,6.2,11622.09,72.6
2025-12-09T18:05:26.090573Z,688,271,1.0,29.2,11626.18,72.6
2025-12-09T18:05:26.123393Z,683,273,1.0,31.2,11622.96,72.6
2025-12-09T18:05:26.154296Z,677,275,1.0,6.2,11626.98,72.6
2025-12-09T18:05:26.185506Z,675,272,1.0,12.5,11622.68,72.6
2025-12-09T18:05:26.215383Z,669,269,1.0,6.2,11626.96,72.6
2025-12-09T18:05:26.268553Z,663,266,1.0,0.0,11624.15,72.6
2025-12-09T18:05:26.294862Z,651,260,1.0,12.5,11625.31,72.6
2025-12-09T18:05:26.328940Z,649,261,0.998,50.0,11623.69,72.6
2025-12-09T18:05:26.359889Z,643,271,0.998,68.8,11626.0,72.6
2025-12-09T18:05:26.393026Z,642,287,0.998,0.0,11623.5,72.6
2025-12-09T18:05:26.427307Z,624,297,1.0,12.5,11623.68,72.6
2025-12-09T18:05:26.449747Z,603,304,1.0,13.3,11624.61,72.6
2025-12-09T18:05:26.482694Z,585,310,1.0,12.5,11623.94,72.6
2025-12-09T18:05:26.512400Z,586,314,1.0,6.7,11624.51,72.6
2025-12-09T18:05:26.533346Z,594,317,0.95,0.0,11624.41,72.6
2025-12-09T18:05:26.567702Z,603,320,1.0,50.0,11623.27,72.6
2025-12-09T18:05:26.602370Z,617,323,1.0,18.8,11618.93,72.6
2025-12-09T18:05:26.637763Z,627,322,1.0,44.0,11618.82,72.6
2025-12-09T18:05:26.696276Z,631,320,1.0,0.0,11617.81,72.6
2025-12-09T18:05:26.728333Z,620,318,1.0,14.3,11617.16,72.6
2025-12-09T18:05:26.763473Z,611,313,1.0,15.8,11617.34,72.6
2025-12-09T18:05:26.792126Z,603,317,0.998,6.7,11616.35,72.6
2025-12-09T18:05:26.823779Z,596,319,0.96,12.5,11615.4,72.6
2025-12-09T18:05:26.854632Z,591,325,0.96,11.8,11614.71,72.6
2025-12-09T18:05:26.884914Z,582,320,1.0,10.0,11613.96,72.6
2025-12-09T18:05:26.916285Z,582,320,1.0,0.0,11612.27,72.5
2025-12-09T18:05:26.947650Z,589,319,1.0,14.3,11611.67,72.5
2025-12-09T18:05:26.971007Z,601,315,1.0,66.7,11613.25,72.6
2025-12-09T18:05:27.001887Z,615,321,1.0,62.5,11618.71,72.6
2025-12-09T18:05:27.063979Z,613,332,1.0,12.5,11623.55,72.6
2025-12-09T18:05:27.099809Z,618,332,1.0,25.0,11629.65,72.7
2025-12-09T18:05:27.127888Z,614,326,1.0,31.2,11622.38,72.6
2025-12-09T18:05:27.160430Z,619,311,1.0,50.0,11630.05,72.7
2025-12-09T18:05:27.192083Z,617,313,0.97,6.2,11623.05,72.6
2025-12-09T18:05:27.225341Z,613,306,1.0,6.2,11628.18,72.6
2025-12-09T18:05:27.245225Z,605,301,1.0,18.8,11622.85,72.6
2025-12-09T18:05:27.267955Z,600,297,1.0,0.0,11628.27,72.6
2025-12-09T18:05:27.288280Z,605,296,1.0,12.5,11622.46,72.6
2025-12-09T18:05:27.319715Z,615,303,0.998,6.2,11627.87,72.6
2025-12-09T18:05:27.368020Z,616,310,1.0,36.0,11623.45,72.6
2025-12-09T18:05:27.399949Z,617,316,1.0,6.2,11627.4,72.6
2025-12-09T18:05:27.437401Z,613,318,1.0,12.5,11623.42,72.6
2025-12-09T18:05:27.495098Z,616,318,1.0,3.4,11627.5,72.6
2025-12-09T18:05:27.536417Z,628,319,1.0,5.3,11623.62,72.6
2025-12-09T18:05:27.561588Z,639,320,1.0,12.5,11627.84,72.6
2025-12-09T18:05:27.594441Z,639,327,1.0,12.5,11625.57,72.6
2025-12-09T18:05:27.624716Z,630,323,1.0,25.0,11626.72,72.6
2025-12-09T18:05:27.649442Z,626,315,1.0,0.0,11624.43,72.6
2025-12-09T18:05:27.678108Z,635,305,1.0,6.2,11627.58,72.6
2025-12-09T18:05:27.696330Z,646,297,1.0,12.5,11624.07,72.6
2025-12-09T18:05:27.719337Z,649,297,1.0,56.2,11628.39,72.6
2025-12-09T18:05:27.775710Z,640,291,1.0,33.3,11643.47,72.7
2025-12-09T18:05:27.800646Z,626,296,1.0,10.0,11648.19,72.8
2025-12-09T18:05:27.864000Z,607,302,1.0,15.6,11645.32,72.8
2025-12-09T18:05:27.894507Z,590,314,1.0,6.2,11647.68,72.8
2025-12-09T18:05:27.929299Z,582,322,1.0,35.3,11644.66,72.8
2025-12-09T18:05:27.960219Z,586,325,1.0,6.2,11646.69,72.8
2025-12-09T18:05:27.994211Z,589,322,1.0,5.0,11642.74,72.7
2025-12-09T18:05:28.013224Z,588,320,1.0,16.7,11644.19,72.7
2025-12-09T18:05:28.033900Z,585,325,1.0,0.0,11641.27,72.7
2025-12-09T18:05:28.056613Z,588,326,1.0,83.3,11641.78,72.7
2025-12-09T18:05:28.092727Z,605,331,1.0,33.3,11638.3,72.7
2025-12-09T18:05:28.136711Z,627,328,1.0,20.8,11638.66,72.7
2025-12-09T18:05:28.169642Z,645,330,0.998,6.2,11637.48,72.7
2025-12-09T18:05:28.200560Z,636,324,1.0,18.8,11643.57,72.7
2025-12-09T18:05:28.265990Z,619,323,1.0,3.1,11641.16,72.7
2025-12-09T18:05:28.295048Z,613,323,1.0,6.2,11650.37,72.8
2025-12-09T18:05:28.328670Z,612,332,1.0,25.0,11642.82,72.7
2025-12-09T18:05:28.361427Z,623,333,1.0,68.8,11650.16,72.8
2025-12-09T18:05:28.393117Z,617,325,1.0,56.2,11643.86,72.7
2025-12-09T18:05:28.413100Z,609,308,1.0,12.5,11649.87,72.8
2025-12-09T18:05:28.434167Z,629,295,0.836,31.2,11642.65,72.7
2025-12-09T18:05:28.455558Z,685,279,0.698,0.0,11649.33,72.8
2025-12-09T18:05:28.489101Z,747,285,0.85,52.9,11642.72,72.7
2025-12-09T18:05:28.534869Z,787,296,0.758,4.2,11649.53,72.8
2025-12-09T18:05:28.568645Z,777,319,0.917,6.2,11643.79,72.7
2025-12-09T18:05:28.603620Z,744,332,0.903,37.5,11648.27,72.8
2025-12-09T18:05:28.630847Z,696,333,0.998,12.5,11644.07,72.7
2025-12-09T18:05:28.695245Z,653,332,1.0,3.1,11648.9,72.8
2025-12-09T18:05:28.727649Z,629,325,1.0,11.1,11644.01,72.7
2025-12-09T18:05:28.762356Z,610,328,1.0,9.5,11642.73,72.7
2025-12-09T18:05:28.793858Z,610,328,1.0,5.9,11641.64,72.7
2025-12-09T18:05:28.813374Z,610,327,1.0,100.0,11643.6,72.7
2025-12-09T18:05:28.832355Z,619,315,1.0,37.5,11640.89,72.7
2025-12-09T18:05:28.855867Z,636,309,1.0,62.5,11643.98,72.7
2025-12-09T18:05:28.888426Z,660,304,1.0,6.2,11640.49,72.7
2025-12-09T18:05:28.940149Z,683,301,1.0,8.0,11644.53,72.8
2025-12-09T18:05:28.967874Z,694,296,1.0,12.5,11647.59,72.8
2025-12-09T18:05:29.001365Z,707,290,1.0,50.0,11644.78,72.8
2025-12-09T18:05:29.031374Z,715,289,1.0,0.0,11647.11,72.8
2025-12-09T18:05:29.098254Z,722,287,1.0,12.5,11645.25,72.8
2025-12-09T18:05:29.128175Z,729,284,1.0,52.9,11646.0,72.8
2025-12-09T18:05:29.160282Z,736,276,1.0,23.5,11644.01,72.7
2025-12-09T18:05:29.191636Z,743,279,1.0,6.2,11645.25,72.8
2025-12-09T18:05:29.221245Z,748,285,1.0,6.2,11642.55,72.7
2025-12-09T18:05:29.242553Z,755,291,1.0,12.5,11642.6,72.7
2025-12-09T18:05:29.261501Z,757,282,1.0,18.8,11641.16,72.7
2025-12-09T18:05:29.289027Z,756,274,1.0,0.0,11640.55,72.7
2025-12-09T18:05:29.343519Z,747,276,1.0,78.1,11639.76,72.7
2025-12-09T18:05:29.368451Z,745,277,1.0,100.0,11636.79,72.7
2025-12-09T18:05:29.400802Z,746,275,1.0,19.0,11637.74,72.7
2025-12-09T18:05:29.435777Z,743,268,1.0,21.1,11644.29,72.7
2025-12-09T18:05:29.503919Z,742,270,1.0,9.4,11642.21,72.7
2025-12-09T18:05:29.529064Z,744,273,1.0,23.5,11645.92,72.8
2025-12-09T18:05:29.561064Z,751,277,0.988,6.2,11642.97,72.7
2025-12-09T18:05:29.583317Z,757,280,0.977,0.0,11648.11,72.8
2025-12-09T18:05:29.608842Z,757,274,0.998,31.2,11645.7,72.8
2025-12-09T18:05:29.642273Z,750,272,0.998,18.8,11646.6,72.8
2025-12-09T18:05:29.672509Z,750,263,0.96,31.2,11644.04,72.7
2025-12-09T18:05:29.704305Z,746,258,1.0,12.5,11646.6,72.8
2025-12-09T18:05:29.734603Z,746,255,1.0,50.0,11643.91,72.7
2025-12-09T18:05:29.772343Z,734,258,1.0,17.6,11644.82,72.8
2025-12-09T18:05:29.801184Z,734,263,0.96,6.2,11644.93,72.8
2025-12-09T18:05:29.831970Z,748,265,1.0,18.8,11645.23,72.8
2025-12-09T18:05:29.895423Z,758,264,1.0,28.1,11644.66,72.8
2025-12-09T18:05:29.929306Z,752,268,1.0,12.5,11639.86,72.7
2025-12-09T18:05:29.960860Z,738,263,1.0,6.2,11641.59,72.7
2025-12-09T18:05:29.980728Z,731,256,0.99,18.8,11640.29,72.7
2025-12-09T18:05:30.002054Z,726,248,1.0,0.0,11641.12,72.7
2025-12-09T18:05:30.023994Z,726,249,1.0,12.5,11640.84,72.7
2025-12-09T18:05:30.057063Z,716,248,0.96,13.0,11640.39,72.7
2025-12-09T18:05:30.108185Z,714,250,1.0,34.6,11644.08,72.7
2025-12-09T18:05:30.142086Z,698,252,1.0,35.3,11645.14,72.8
2025-12-09T18:05:30.167986Z,689,255,0.998,6.7,11643.94,72.7
2025-12-09T18:05:30.204450Z,684,252,1.0,50.0,11645.08,72.8
2025-12-09T18:05:30.235476Z,690,250,1.0,0.0,11643.75,72.7
2025-12-09T18:05:30.295560Z,692,262,1.0,6.2,11643.63,72.7
2025-12-09T18:05:30.329592Z,690,276,1.0,50.0,11643.27,72.7
2025-12-09T18:05:30.360460Z,684,282,0.95,100.0,11643.26,72.7
2025-12-09T18:05:30.392295Z,681,281,0.977,68.8,11642.61,72.7
2025-12-09T18:05:30.422915Z,679,278,0.96,50.0,11641.43,72.7
2025-12-09T18:05:30.444856Z,681,276,1.0,12.5,11639.84,72.7
2025-12-09T18:05:30.462813Z,683,270,1.0,22.2,11639.28,72.7
2025-12-09T18:05:30.506661Z,684,266,0.95,0.0,11638.26,72.7
2025-12-09T18:05:30.536149Z,684,265,1.0,12.5,11637.54,72.7
2025-12-09T18:05:30.568238Z,687,264,1.0,6.2,11636.38,72.7
2025-12-09T18:05:30.605120Z,683,269,1.0,56.0,11634.46,72.7
2025-12-09T18:05:30.662894Z,685,274,1.0,0.0,11633.99,72.7
2025-12-09T18:05:30.695760Z,685,277,1.0,6.2,11633.22,72.7
2025-12-09T18:05:30.727744Z,685,282,1.0,23.5,11639.93,72.7
2025-12-09T18:05:30.764253Z,684,282,1.0,26.1,11642.01,72.7
2025-12-09T18:05:30.783440Z,686,283,1.0,0.0,11650.41,72.8
2025-12-09T18:05:30.803036Z,695,272,0.95,100.0,11643.14,72.7
2025-12-09T18:05:30.824418Z,697,265,0.97,29.4,11648.56,72.8
2025-12-09T18:05:30.872368Z,696,255,0.98,41.7,11644.26,72.7
2025-12-09T18:05:30.903543Z,690,249,1.0,6.2,11646.5,72.8
2025-12-09T18:05:30.940953Z,686,249,1.0,0.0,11641.76,72.7
2025-12-09T18:05:30.969544Z,684,248,1.0,12.5,11644.17,72.7
2025-12-09T18:05:31.000509Z,688,255,0.94,50.0,11637.43,72.7
2025-12-09T18:05:31.032748Z,700,257,0.998,0.0,11643.31,72.7
2025-12-09T18:05:31.098717Z,705,266,0.908,12.5,11632.49,72.7
2025-12-09T18:05:31.128046Z,701,264,1.0,6.2,11638.84,72.7
2025-12-09T18:05:31.148990Z,689,254,1.0,100.0,11633.02,72.7
2025-12-09T18:05:31.170932Z,683,244,1.0,12.5,11639.17,72.7
2025-12-09T18:05:31.191875Z,686,239,0.95,0.0,11633.56,72.7
2025-12-09T18:05:31.224196Z,690,247,0.977,6.2,11638.31,72.7
2025-12-09T18:05:31.275573Z,696,259,1.0,34.5,11641.86,72.7
2025-12-09T18:05:31.305215Z,695,267,1.0,0.0,11639.24,72.7
2025-12-09T18:05:31.340394Z,693,265,1.0,12.5,11641.68,72.7
2025-12-09T18:05:31.372529Z,682,261,1.0,52.9,11640.14,72.7
2025-12-09T18:05:31.403714Z,677,261,1.0,18.8,11640.71,72.7
2025-12-09T18:05:31.437634Z,673,265,1.0,12.5,11638.33,72.7
2025-12-09T18:05:31.495743Z,674,264,1.0,3.2,11641.75,72.7
2025-12-09T18:05:31.528203Z,669,265,1.0,5.9,11638.81,72.7
2025-12-09T18:05:31.550107Z,666,261,1.0,22.2,11641.73,72.7
2025-12-09T18:05:31.574622Z,669,263,0.988,18.8,11639.22,72.7
2025-12-09T18:05:31.595565Z,676,258,1.0,12.5,11640.84,72.7
2025-12-09T18:05:31.624572Z,681,258,0.97,31.2,11637.71,72.7
2025-12-09T18:05:31.671455Z,684,260,0.998,8.3,11639.73,72.7
2025-12-09T18:05:31.703367Z,689,260,0.949,50.0,11637.18,72.7
2025-12-09T18:05:31.735417Z,678,264,1.0,6.2,11637.29,72.7
2025-12-09T18:05:31.773553Z,659,274,0.97,6.2,11633.67,72.7
2025-12-09T18:05:31.809580Z,629,287,1.0,8.3,11634.05,72.7
2025-12-09T18:05:31.863216Z,624,292,0.998,12.5,11632.11,72.7
2025-12-09T18:05:31.896596Z,622,285,1.0,50.0,11631.99,72.7
2025-12-09T18:05:31.933560Z,627,295,0.99,17.4,11629.79,72.7
2025-12-09T18:05:31.956497Z,617,303,0.99,20.0,11631.57,72.7
2025-12-09T18:05:31.978439Z,613,313,0.998,100.0,11635.93,72.7
2025-12-09T18:05:31.997387Z,605,307,1.0,25.0,11639.64,72.7
2025-12-09T18:05:32.025668Z,604,297,1.0,11.1,11640.06,72.7
2025-12-09T18:05:32.072033Z,599,293,1.0,3.6,11641.41,72.7
2025-12-09T18:05:32.108720Z,596,294,0.956,42.1,11637.55,72.7
2025-12-09T18:05:32.136145Z,595,304,1.0,17.6,11645.89,72.8
2025-12-09T18:05:32.167444Z,608,303,1.0,6.2,11638.69,72.7
2025-12-09T18:05:32.201793Z,615,302,1.0,6.2,11644.37,72.7
2025-12-09T18:05:32.233018Z,614,294,1.0,6.7,11639.82,72.7
2025-12-09T18:05:32.295957Z,604,290,0.998,3.1,11640.64,72.7
2025-12-09T18:05:32.329804Z,606,286,1.0,47.1,11633.92,72.7
2025-12-09T18:05:32.350769Z,610,280,1.0,100.0,11640.8,72.7
2025-12-09T18:05:32.370101Z,610,278,0.99,43.8,11634.46,72.7
2025-12-09T18:05:32.391411Z,607,289,0.998,100.0,11640.1,72.7
2025-12-09T18:05:32.442971Z,600,298,1.0,4.2,11644.98,72.8
2025-12-09T18:05:32.471677Z,591,309,1.0,6.2,11640.35,72.7
2025-12-09T18:05:32.503182Z,584,306,1.0,43.8,11644.02,72.7
2025-12-09T18:05:32.534789Z,588,305,1.0,6.2,11640.61,72.7
2025-12-09T18:05:32.569405Z,598,307,1.0,18.8,11642.5,72.7
2025-12-09T18:05:32.603110Z,601,312,1.0,25.0,11639.06,72.7
2025-12-09T18:05:32.633370Z,604,321,1.0,37.5,11643.87,72.7
2025-12-09T18:05:32.696267Z,604,318,1.0,3.1,11639.34,72.7
2025-12-09T18:05:32.717190Z,608,318,1.0,13.3,11643.07,72.7
2025-12-09T18:05:32.746111Z,606,317,1.0,64.7,11639.98,72.7
2025-12-09T18:05:32.773038Z,613,321,1.0,75.0,11643.73,72.7
2025-12-09T18:05:32.794979Z,633,309,1.0,26.7,11640.76,72.7
2025-12-09T18:05:32.840857Z,657,296,1.0,20.0,11643.77,72.7
2025-12-09T18:05:32.872771Z,666,277,1.0,76.5,11641.0,72.7
2025-12-09T18:05:32.902764Z,670,279,1.0,50.0,11640.86,72.7
2025-12-09T18:05:32.943666Z,667,277,1.0,6.2,11639.05,72.7
2025-12-09T18:05:32.973843Z,668,279,1.0,12.5,11638.46,72.7
2025-12-09T18:05:33.008238Z,652,306,1.0,56.2,11637.43,72.7
2025-12-09T18:05:33.077760Z,670,356,1.0,15.0,11637.68,72.7
2025-12-09T18:05:33.100647Z,722,418,1.0,100.0,11636.63,72.7
2025-12-09T18:05:33.128831Z,801,452,1.0,62.5,11634.86,72.7
2025-12-09T18:05:33.150159Z,849,468,1.0,12.5,11634.8,72.7
2025-12-09T18:05:33.171165Z,846,473,1.0,12.5,11632.81,72.7
2025-12-09T18:05:33.193202Z,827,477,1.0,0.0,11632.14,72.7
2025-12-09T18:05:33.240999Z,822,473,1.0,12.5,11640.54,72.7
2025-12-09T18:05:33.282008Z,806,466,1.0,16.7,11637.95,72.7
2025-12-09T18:05:33.307992Z,773,464,1.0,7.7,11647.02,72.8
2025-12-09T18:05:33.341142Z,697,461,1.0,47.4,11639.07,72.7
2025-12-09T18:05:33.368810Z,681,464,1.0,75.0,11647.34,72.8
2025-12-09T18:05:33.400998Z,682,461,1.0,27.8,11640.2,72.7
2025-12-09T18:05:33.435440Z,663,455,1.0,10.0,11641.11,72.7
2025-12-09T18:05:33.496283Z,668,452,1.0,5.9,11632.71,72.7
2025-12-09T18:05:33.518207Z,704,450,1.0,100.0,11639.79,72.7
2025-12-09T18:05:33.540156Z,794,461,1.0,90.0,11633.22,72.7
2025-12-09T18:05:33.561859Z,815,461,1.0,14.3,11640.16,72.7
2025-12-09T18:05:33.595421Z,772,459,1.0,50.0,11644.59,72.8
2025-12-09T18:05:33.641692Z,724,451,1.0,33.3,11639.04,72.7
2025-12-09T18:05:33.676958Z,731,456,1.0,6.2,11643.77,72.7
2025-12-09T18:05:33.704098Z,755,462,1.0,12.5,11639.84,72.7
2025-12-09T18:05:33.737054Z,786,457,1.0,6.2,11643.06,72.7
2025-12-09T18:05:33.775068Z,803,460,1.0,22.2,11643.46,72.7
2025-12-09T18:05:33.802346Z,798,455,1.0,0.0,11648.43,72.8
2025-12-09T18:05:33.864102Z,739,457,1.0,27.3,11644.01,72.7
2025-12-09T18:05:33.896481Z,570,446,1.0,17.6,11648.06,72.8
2025-12-09T18:05:33.919809Z,388,446,1.0,18.8,11644.98,72.8
2025-12-09T18:05:33.940753Z,223,438,1.0,0.0,11647.59,72.8
2025-12-09T18:05:33.961694Z,155,427,1.0,33.3,11644.03,72.7
2025-12-09T18:05:34.008584Z,114,412,1.0,4.2,11647.77,72.8
2025-12-09T18:05:34.039594Z,93,419,1.0,12.5,11645.66,72.8
2025-12-09T18:05:34.073971Z,57,424,1.0,16.7,11648.83,72.8
2025-12-09T18:05:34.109852Z,85,428,1.0,93.8,11646.93,72.8
2025-12-09T18:05:34.136994Z,116,429,0.97,6.2,11646.62,72.8
2025-12-09T18:05:34.167650Z,231,441,1.0,0.0,11645.8,72.8
2025-12-09T18:05:34.201300Z,269,463,0.97,4.8,11646.12,72.8
2025-12-09T18:05:34.233617Z,318,475,0.94,6.2,11643.86,72.7
2025-12-09T18:05:34.269266Z,306,491,0.98,0.0,11642.27,72.7
2025-12-09T18:05:34.295850Z,275,501,0.998,56.2,11642.18,72.7
2025-12-09T18:05:34.329390Z,290,523,1.0,0.0,11641.03,72.7
2025-12-09T18:05:34.361467Z,309,516,0.97,62.5,11640.19,72.7
2025-12-09T18:05:34.408881Z,437,511,1.0,8.3,11639.46,72.7
2025-12-09T18:05:34.446078Z,488,496,0.949,6.2,11641.8,72.7
2025-12-09T18:05:34.472970Z,471,486,0.98,18.8,11645.3,72.8
2025-12-09T18:05:34.504428Z,465,484,0.95,12.5,11648.07,72.8
2025-12-09T18:05:34.537532Z,441,483,1.0,6.2,11649.6,72.8
2025-12-09T18:05:34.568564Z,412,488,0.949,12.5,11649.24,72.8
2025-12-09T18:05:34.605377Z,280,476,0.97,20.8,11650.26,72.8
2025-12-09T18:05:34.633152Z,222,471,1.0,12.5,11645.85,72.8
2025-12-09T18:05:34.662986Z,285,471,1.0,6.2,11651.26,72.8
2025-12-09T18:05:34.695514Z,393,480,0.97,6.2,11645.98,72.8
2025-12-09T18:05:34.730049Z,496,484,1.0,8.3,11652.25,72.8
2025-12-09T18:05:34.763247Z,614,495,0.968,12.5,11649.97,72.8
2025-12-09T18:05:34.808330Z,652,491,1.0,4.2,11649.92,72.8
2025-12-09T18:05:34.840226Z,694,483,0.998,18.8,11649.09,72.8
2025-12-09T18:05:34.872223Z,591,473,0.97,47.1,11650.92,72.8
2025-12-09T18:05:34.904178Z,584,477,1.0,6.2,11648.65,72.8
2025-12-09T18:05:34.942307Z,483,475,0.922,0.0,11648.62,72.8
2025-12-09T18:05:34.968851Z,388,471,0.875,12.5,11651.07,72.8
2025-12-09T18:05:35.002335Z,273,466,0.894,31.2,11647.74,72.8
2025-12-09T18:05:35.033060Z,216,472,0.867,50.0,11648.94,72.8
2025-12-09T18:05:35.064237Z,175,486,0.894,6.2,11648.86,72.8
2025-12-09T18:05:35.101046Z,116,499,0.912,18.8,11649.71,72.8
2025-12-09T18:05:35.138392Z,69,502,0.858,20.8,11647.31,72.8
2025-12-09T18:05:35.170410Z,45,501,0.867,6.2,11649.41,72.8
2025-12-09T18:05:35.208211Z,33,489,0.922,0.0,11647.71,72.8
2025-12-09T18:05:35.242000Z,55,479,0.883,6.2,11648.88,72.8
2025-12-09T18:05:35.294797Z,133,474,1.0,78.1,11648.96,72.8
2025-12-09T18:05:35.318108Z,286,483,0.96,100.0,11646.54,72.8
2025-12-09T18:05:35.341566Z,335,489,0.95,41.2,11644.47,72.8
2025-12-09T18:05:35.369006Z,374,489,1.0,87.5,11646.21,72.8
2025-12-09T18:05:35.402363Z,280,486,0.98,25.0,11643.92,72.7
2025-12-09T18:05:35.434139Z,285,495,1.0,6.2,11644.96,72.8
2025-12-09T18:05:35.468314Z,215,493,1.0,12.5,11641.46,72.7
2025-12-09T18:05:35.496360Z,283,483,1.0,6.2,11642.03,72.7
2025-12-09T18:05:35.529293Z,434,449,1.0,25.0,11640.44,72.7
2025-12-09T18:05:35.576567Z,711,423,1.0,4.2,11639.68,72.7
2025-12-09T18:05:35.610733Z,953,399,1.0,50.0,11634.57,72.7
2025-12-09T18:05:35.645199Z,1106,404,1.0,29.4,11633.51,72.7
2025-12-09T18:05:35.679909Z,1182,410,1.0,56.2,11633.4,72.7
2025-12-09T18:05:35.704842Z,1226,430,1.0,18.8,11638.27,72.7
2025-12-09T18:05:35.735759Z,1248,436,1.0,56.2,11644.55,72.8
2025-12-09T18:05:35.768810Z,1258,448,1.0,0.0,11645.07,72.8
2025-12-09T18:05:35.805789Z,1242,451,1.0,61.1,11647.5,72.8
2025-12-09T18:05:35.834600Z,1190,459,1.0,0.0,11647.87,72.8
2025-12-09T18:05:35.863640Z,1163,456,1.0,76.5,11647.11,72.8
2025-12-09T18:05:35.896552Z,1169,454,1.0,18.8,11647.41,72.8
2025-12-09T18:05:35.929067Z,1184,444,1.0,6.2,11647.45,72.8
2025-12-09T18:05:35.978612Z,1176,435,1.0,12.9,11647.98,72.8
2025-12-09T18:05:36.009683Z,1149,429,1.0,9.1,11647.15,72.8
2025-12-09T18:05:36.041788Z,1152,427,1.0,0.0,11647.98,72.8
2025-12-09T18:05:36.073425Z,1138,428,1.0,12.5,11647.08,72.8
2025-12-09T18:05:36.105832Z,1138,434,1.0,52.9,11647.97,72.8
2025-12-09T18:05:36.141923Z,1113,446,1.0,25.0,11647.62,72.8
2025-12-09T18:05:36.168426Z,1096,452,1.0,6.2,11647.93,72.8
2025-12-09T18:05:36.202303Z,980,447,1.0,6.2,11648.03,72.8
2025-12-09T18:05:36.233509Z,775,445,1.0,6.2,11647.66,72.8
2025-12-09T18:05:36.263324Z,496,444,1.0,6.2,11647.43,72.8
2025-12-09T18:05:36.302680Z,273,459,1.0,12.5,11647.17,72.8
2025-12-09T18:05:36.327559Z,139,468,1.0,56.2,11647.34,72.8
2025-12-09T18:05:36.376721Z,72,476,1.0,56.0,11647.57,72.8
2025-12-09T18:05:36.408767Z,63,471,0.98,22.2,11647.83,72.8
2025-12-09T18:05:36.442137Z,79,468,1.0,6.2,11647.85,72.8
2025-12-09T18:05:36.479419Z,90,469,0.99,16.7,11647.3,72.8
2025-12-09T18:05:36.505532Z,146,478,1.0,0.0,11647.48,72.8
2025-12-09T18:05:36.538236Z,285,484,1.0,6.2,11646.97,72.8
2025-12-09T18:05:36.570370Z,398,495,0.931,31.2,11647.47,72.8
2025-12-09T18:05:36.602685Z,426,497,0.98,68.8,11647.04,72.8
2025-12-09T18:05:36.637930Z,369,504,0.97,50.0,11642.76,72.7
2025-12-09T18:05:36.667929Z,293,501,0.93,10.0,11642.18,72.7
2025-12-09T18:05:36.696508Z,258,503,0.94,6.2,11641.2,72.7
2025-12-09T18:05:36.728979Z,236,506,0.95,0.0,11640.68,72.7
2025-12-09T18:05:36.778095Z,289,510,0.998,4.0,11639.46,72.7
2025-12-09T18:05:36.811351Z,289,515,0.988,23.5,11639.64,72.7
2025-12-09T18:05:36.842025Z,297,509,0.94,25.0,11638.7,72.7
2025-12-09T18:05:36.873348Z,236,489,0.998,58.8,11637.74,72.7
2025-12-09T18:05:36.906538Z,225,474,0.95,6.2,11637.02,72.7
