{
  "timestamp": "2025-11-19T14:53:21.594420",
  "is_calibrated": true,
  "calibration_mode": "POINT_CALIBRATION",
  "model_coefficients": {
    "coefficients": [
      [
        0.0,
        -297.7519483561047,
        -570.9919259119665,
        53.62399030488082,
        518.2423234606459,
        347.2745924677246
      ],
      [
        0.0,
        30.357465569036467,
        91.34968626929889,
        -5.008988931001278,
        -53.222511159002416,
        -81.16382646456542
      ]
    ],
    "intercept": [
      206.13575623555886,
      -25.907804911233466
    ],
    "poly_features": [
      [
        0,
        0
      ],
      [
        1,
        0
      ],
      [
        0,
        1
      ],
      [
        2,
        0
      ],
      [
        1,
        1
      ],
      [
        0,
        2
      ]
    ]
  },
  "calibration_samples_summary": {
    "0": 87,
    "1": 88,
    "2": 89,
    "3": 80,
    "4": 87,
    "5": 77,
    "6": 79,
    "7": 89,
    "8": 89
  }
}