{
  "timestamp": "2025-11-20T13:13:11.596392",
  "is_calibrated": true,
  "calibration_mode": "POINT_CALIBRATION",
  "model_coefficients": {
    "coefficients": [
      [
        -10.550509802677306,
        -6.8573456566930036
      ],
      [
        -1.051811812059149,
        -14.086385593007321
      ]
    ],
    "intercept": [
      9.178777237597668,
      7.6889656416573215
    ]
  },
  "calibration_samples_summary": {
    "0": 91,
    "1": 90,
    "2": 88,
    "3": 90,
    "4": 91,
    "5": 87,
    "6": 91,
    "7": 90,
    "8": 85
  }
}