{
  "timestamp": "2025-11-19T14:59:10.553648",
  "is_calibrated": true,
  "calibration_mode": "POINT_CALIBRATION",
  "model_coefficients": {
    "coefficients": [
      [
        0.0,
        -30.145152395673126,
        -92.08788012141761,
        -18.845543760444443,
        87.5501737423182,
        55.349698407590786
      ],
      [
        0.0,
        -14.099329098896394,
        303.52332830772644,
        63.68814335667848,
        -120.1715051246424,
        -302.6696773544934
      ]
    ],
    "intercept": [
      30.732576324206057,
      -56.90055799954865
    ],
    "poly_features": [
      [
        0,
        0
      ],
      [
        1,
        0
      ],
      [
        0,
        1
      ],
      [
        2,
        0
      ],
      [
        1,
        1
      ],
      [
        0,
        2
      ]
    ]
  },
  "calibration_samples_summary": {
    "0": 87,
    "1": 81,
    "2": 77,
    "3": 81,
    "4": 79,
    "5": 80,
    "6": 85,
    "7": 85,
    "8": 77
  }
}