{
  "timestamp": "2025-11-19T14:53:51.638113",
  "is_calibrated": true,
  "calibration_mode": "POINT_CALIBRATION",
  "model_coefficients": {
    "coefficients": [
      [
        0.0,
        196.01712492727034,
        278.2796631161486,
        -85.23652869525864,
        -256.66525320821614,
        -173.57479343453713
      ],
      [
        0.0,
        -430.57164392094546,
        405.81945784651,
        277.8969513532746,
        300.0855965087788,
        -591.983880551728
      ]
    ],
    "intercept": [
      -108.43477028195599,
      15.968283409395198
    ],
    "poly_features": [
      [
        0,
        0
      ],
      [
        1,
        0
      ],
      [
        0,
        1
      ],
      [
        2,
        0
      ],
      [
        1,
        1
      ],
      [
        0,
        2
      ]
    ]
  },
  "calibration_samples_summary": {
    "0": 86,
    "1": 87,
    "2": 78,
    "3": 80,
    "4": 88,
    "5": 63,
    "6": 76,
    "7": 77,
    "8": 86
  }
}