{
  "timestamp": "2025-11-19T14:52:37.624550",
  "is_calibrated": true,
  "calibration_mode": "POINT_CALIBRATION",
  "model_coefficients": {
    "coefficients": [
      [
        0.0,
        -389.3068191865759,
        -174.73020202242176,
        137.19652639969695,
        550.811357989452,
        -135.20691311518416
      ],
      [
        0.0,
        413.44593485564724,
        272.24818528974987,
        26.293536115391433,
        -997.3240354003816,
        245.74688704678223
      ]
    ],
    "intercept": [
      142.55462173516324,
      -160.71652393984067
    ],
    "poly_features": [
      [
        0,
        0
      ],
      [
        1,
        0
      ],
      [
        0,
        1
      ],
      [
        2,
        0
      ],
      [
        1,
        1
      ],
      [
        0,
        2
      ]
    ]
  },
  "calibration_samples_summary": {
    "0": 92,
    "1": 85,
    "2": 79,
    "3": 78,
    "4": 86,
    "5": 79,
    "6": 79,
    "7": 83,
    "8": 84
  }
}